label,champion_name,ranking_tier,ranking_code,ranking_faction_code,ranking_faction_name,ranking_rarity_code,ranking_rarity_name,ranking_role_code,ranking_role_name,ranking_affinity_code,ranking_affinity_name,ranking_order,ranking_index_url,source_url,source_image_url,raw_page_path,raw_image_path,processed_image_path,debug_image_path,crop_box,image_width,image_height
abbess,Abbess,A,SO-LAF,SO,The Sacred Order,L,Legendary,A,Attack,F,Force,115,https://ayumilove.net/raid-shadow-legends-list-of-champions-by-ranking/,https://ayumilove.net/raid-shadow-legends-abbess-skill-mastery-equip-guide/,https://ayumilove.net/files/games/raid_shadow_legends/champion/Abbess.jpg,data/raw/pages/raid_shadow_legends_abbess_skill_mastery_equip_guide.html,data/raw/images/abbess_5c77669ec7.jpg,data/processed/icons/abbess.png,data/processed/debug/abbess_crop_debug.jpg,"14,378,197,532",48,64
abyssal,Abyssal,B,DS-RSS,DS,Demonspawn,R,Rare,S,Support,S,Spirit,717,https://ayumilove.net/raid-shadow-legends-list-of-champions-by-ranking/,https://ayumilove.net/raid-shadow-legends-abyssal-skill-mastery-equip-guide/,https://ayumilove.net/files/games/raid_shadow_legends/champion/Abyssal.jpg,data/raw/pages/raid_shadow_legends_abyssal_skill_mastery_equip_guide.html,data/raw/images/abyssal_d50b01e8e5.jpg,data/processed/icons/abyssal.png,data/processed/debug/abyssal_crop_debug.jpg,"14,378,197,532",48,64
acelin_the_stalwart,Acelin the Stalwart,S,BL-LDS,BL,Banner Lords,L,Legendary,D,Defense,S,Spirit,40,https://ayumilove.net/raid-shadow-legends-list-of-champions-by-ranking/,https://ayumilove.net/raid-shadow-legends-acelin-the-stalwart-skill-mastery-equip-guide/,https://ayumilove.net/files/games/raid_shadow_legends/champion/Acelin_the_Stalwart.jpg,data/raw/pages/raid_shadow_legends_acelin_the_stalwart_skill_mastery_equip_guide.html,data/raw/images/acelin_the_stalwart_224b0db922.jpg,data/processed/icons/acelin_the_stalwart.png,data/processed/debug/acelin_the_stalwart_crop_debug.jpg,"14,378,197,532",48,64
achak_the_wendarin,Achak the Wendarin,B,DS-ESF,DS,Demonspawn,E,Epic,S,Support,F,Force,489,https://ayumilove.net/raid-shadow-legends-list-of-champions-by-ranking/,https://ayumilove.net/raid-shadow-legends-achak-the-wendarin-skill-mastery-equip-guide/,https://ayumilove.net/files/games/raid_shadow_legends/champion/Achak_the_Wendarin.jpg,data/raw/pages/raid_shadow_legends_achak_the_wendarin_skill_mastery_equip_guide.html,data/raw/images/achak_the_wendarin_6937ae5087.jpg,data/processed/icons/achak_the_wendarin.png,data/processed/debug/achak_the_wendarin_crop_debug.jpg,"14,378,197,532",48,64
acolyte,Acolyte,C,KR-RSF,KR,Knights Revenant,R,Rare,S,Support,F,Force,777,https://ayumilove.net/raid-shadow-legends-list-of-champions-by-ranking/,https://ayumilove.net/raid-shadow-legends-acolyte-skill-mastery-equip-guide/,https://ayumilove.net/files/games/raid_shadow_legends/champion/Acolyte.jpg,data/raw/pages/raid_shadow_legends_acolyte_skill_mastery_equip_guide.html,data/raw/images/acolyte_ed0bfb30ae.jpg,data/processed/icons/acolyte.png,data/processed/debug/acolyte_crop_debug.jpg,"14,378,197,532",48,64
acolyte_of_the_slither,Acolyte of the Slither,A,AR-RSS,AR,Argonites,R,Rare,S,Support,S,Spirit,704,https://ayumilove.net/raid-shadow-legends-list-of-champions-by-ranking/,https://ayumilove.net/raid-shadow-legends-acolyte-of-the-slither-skill-mastery-equip-guide/,https://ayumilove.net/files/games/raid_shadow_legends/champion/Acolyte_of_the_Slither.jpg,data/raw/pages/raid_shadow_legends_acolyte_of_the_slither_skill_mastery_equip_guide.html,data/raw/images/acolyte_of_the_slither_26a6c0e348.jpg,data/processed/icons/acolyte_of_the_slither.png,data/processed/debug/acolyte_of_the_slither_crop_debug.jpg,"14,378,197,532",48,64
acrizia,Acrizia,S,DW-LAV,DW,Dwarves,L,Legendary,A,Attack,V,Void,41,https://ayumilove.net/raid-shadow-legends-list-of-champions-by-ranking/,https://ayumilove.net/raid-shadow-legends-acrizia-skill-mastery-equip-guide/,https://ayumilove.net/files/games/raid_shadow_legends/champion/Acrizia.jpg,data/raw/pages/raid_shadow_legends_acrizia_skill_mastery_equip_guide.html,data/raw/images/acrizia_9da804f476.jpg,data/processed/icons/acrizia.png,data/processed/debug/acrizia_crop_debug.jpg,"14,378,197,532",48,64
adjudicator,Adjudicator,C,HE-RAM,HE,High Elves,R,Rare,A,Attack,M,Magic,778,https://ayumilove.net/raid-shadow-legends-list-of-champions-by-ranking/,https://ayumilove.net/raid-shadow-legends-adjudicator-skill-mastery-equip-guide/,https://ayumilove.net/files/games/raid_shadow_legends/champion/Adjudicator.jpg,data/raw/pages/raid_shadow_legends_adjudicator_skill_mastery_equip_guide.html,data/raw/images/adjudicator_b2ead5187e.jpg,data/processed/icons/adjudicator.png,data/processed/debug/adjudicator_crop_debug.jpg,"14,378,197,532",48,64
admiral_blacktusk,Admiral Blacktusk,A,DW-LSS,DW,Dwarves,L,Legendary,S,Support,S,Spirit,116,https://ayumilove.net/raid-shadow-legends-list-of-champions-by-ranking/,https://ayumilove.net/raid-shadow-legends-admiral-blacktusk-skill-mastery-equip-guide/,https://ayumilove.net/files/games/raid_shadow_legends/champion/Admiral_Blacktusk.jpg,data/raw/pages/raid_shadow_legends_admiral_blacktusk_skill_mastery_equip_guide.html,data/raw/images/admiral_blacktusk_7b60ee52c4.jpg,data/processed/icons/admiral_blacktusk.png,data/processed/debug/admiral_blacktusk_crop_debug.jpg,"14,378,197,532",48,64
adriel,Adriel,C,SO-ESM,SO,The Sacred Order,E,Epic,S,Support,M,Magic,637,https://ayumilove.net/raid-shadow-legends-list-of-champions-by-ranking/,https://ayumilove.net/raid-shadow-legends-adriel-skill-mastery-equip-guide/,https://ayumilove.net/files/games/raid_shadow_legends/champion/Adriel.jpg,data/raw/pages/raid_shadow_legends_adriel_skill_mastery_equip_guide.html,data/raw/images/adriel_404c71dd4d.jpg,data/processed/icons/adriel.png,data/processed/debug/adriel_crop_debug.jpg,"14,378,197,532",48,64
aeila_lifebraid,Aeila Lifebraid,B,SY-ESV,SY,Sylvan Watchers,E,Epic,S,Support,V,Void,490,https://ayumilove.net/raid-shadow-legends-list-of-champions-by-ranking/,https://ayumilove.net/raid-shadow-legends-aeila-lifebraid-skill-mastery-equip-guide/,https://ayumilove.net/files/games/raid_shadow_legends/champion/Aeila_Lifebraid.jpg,data/raw/pages/raid_shadow_legends_aeila_lifebraid_skill_mastery_equip_guide.html,data/raw/images/aeila_lifebraid_de24139d9a.jpg,data/processed/icons/aeila_lifebraid.png,data/processed/debug/aeila_lifebraid_crop_debug.jpg,"14,378,197,532",48,64
aeshma,Aeshma,B,KR-EAM,KR,Knights Revenant,E,Epic,A,Attack,M,Magic,491,https://ayumilove.net/raid-shadow-legends-list-of-champions-by-ranking/,https://ayumilove.net/raid-shadow-legends-aeshma-skill-mastery-equip-guide/,https://ayumilove.net/files/games/raid_shadow_legends/champion/Aeshma.jpg,data/raw/pages/raid_shadow_legends_aeshma_skill_mastery_equip_guide.html,data/raw/images/aeshma_d40f9442cf.jpg,data/processed/icons/aeshma.png,data/processed/debug/aeshma_crop_debug.jpg,"14,378,197,532",48,64
ailil,Ailil,A,SY-LAV,SY,Sylvan Watchers,L,Legendary,A,Attack,V,Void,117,https://ayumilove.net/raid-shadow-legends-list-of-champions-by-ranking/,https://ayumilove.net/raid-shadow-legends-ailil-skill-mastery-equip-guide/,https://ayumilove.net/files/games/raid_shadow_legends/champion/Ailil.jpg,data/raw/pages/raid_shadow_legends_ailil_skill_mastery_equip_guide.html,data/raw/images/ailil_9129773d32.jpg,data/processed/icons/ailil.png,data/processed/debug/ailil_crop_debug.jpg,"14,378,197,532",48,64
aina,Aina,C,BA-EAM,BA,Barbarians,E,Epic,A,Attack,M,Magic,638,https://ayumilove.net/raid-shadow-legends-list-of-champions-by-ranking/,https://ayumilove.net/raid-shadow-legends-aina-skill-mastery-equip-guide/,https://ayumilove.net/files/games/raid_shadow_legends/champion/Aina.jpg,data/raw/pages/raid_shadow_legends_aina_skill_mastery_equip_guide.html,data/raw/images/aina_2bc241baa8.jpg,data/processed/icons/aina.png,data/processed/debug/aina_crop_debug.jpg,"14,378,197,532",48,64
akemtum,Akemtum,S,SW-EAV,SW,Skinwalkers,E,Epic,A,Attack,V,Void,410,https://ayumilove.net/raid-shadow-legends-list-of-champions-by-ranking/,https://ayumilove.net/raid-shadow-legends-akemtum-skill-mastery-equip-guide/,https://ayumilove.net/files/games/raid_shadow_legends/champion/Akemtum.jpg,data/raw/pages/raid_shadow_legends_akemtum_skill_mastery_equip_guide.html,data/raw/images/akemtum_8acc12be99.jpg,data/processed/icons/akemtum.png,data/processed/debug/akemtum_crop_debug.jpg,"14,378,197,532",48,64
akoth_the_seared,Akoth the Seared,B,DS-EDM,DS,Demonspawn,E,Epic,D,Defense,M,Magic,492,https://ayumilove.net/raid-shadow-legends-list-of-champions-by-ranking/,https://ayumilove.net/raid-shadow-legends-akoth-the-seared-skill-mastery-equip-guide/,https://ayumilove.net/files/games/raid_shadow_legends/champion/Akoth_the_Seared.jpg,data/raw/pages/raid_shadow_legends_akoth_the_seared_skill_mastery_equip_guide.html,data/raw/images/akoth_the_seared_3212c866e2.jpg,data/processed/icons/akoth_the_seared.png,data/processed/debug/akoth_the_seared_crop_debug.jpg,"14,378,197,532",48,64
alaric_the_hooded,Alaric the Hooded,C,BL-EAF,BL,Banner Lords,E,Epic,A,Attack,F,Force,639,https://ayumilove.net/raid-shadow-legends-list-of-champions-by-ranking/,https://ayumilove.net/raid-shadow-legends-alaric-the-hooded-skill-mastery-equip-guide/,https://ayumilove.net/files/games/raid_shadow_legends/champion/Alaric_the_Hooded.jpg,data/raw/pages/raid_shadow_legends_alaric_the_hooded_skill_mastery_equip_guide.html,data/raw/images/alaric_the_hooded_5c2f501760.jpg,data/processed/icons/alaric_the_hooded.png,data/processed/debug/alaric_the_hooded_crop_debug.jpg,"14,378,197,532",48,64
alatreon_blademaster,Alatreon Blademaster,S,KR-LSS,KR,Knights Revenant,L,Legendary,S,Support,S,Spirit,42,https://ayumilove.net/raid-shadow-legends-list-of-champions-by-ranking/,https://ayumilove.net/raid-shadow-legends-alatreon-blademaster-skill-mastery-equip-guide/,https://ayumilove.net/files/games/raid_shadow_legends/champion/Alatreon_Blademaster.jpg,data/raw/pages/raid_shadow_legends_alatreon_blademaster_skill_mastery_equip_guide.html,data/raw/images/alatreon_blademaster_31b700f42d.jpg,data/processed/icons/alatreon_blademaster.png,data/processed/debug/alatreon_blademaster_crop_debug.jpg,"14,378,197,532",48,64
alaz_the_sunbearer,Alaz the Sunbearer,A,BA-MDF,BA,Barbarians,M,Mythical,D,Defense,F,Force,19,https://ayumilove.net/raid-shadow-legends-list-of-champions-by-ranking/,https://ayumilove.net/raid-shadow-legends-alaz-the-sunbearer-skill-mastery-equip-guide/,https://ayumilove.net/files/games/raid_shadow_legends/champion/Alaz_the_Sunbearer.jpg,data/raw/pages/raid_shadow_legends_alaz_the_sunbearer_skill_mastery_equip_guide.html,data/raw/images/alaz_the_sunbearer_02cee4b695.jpg,data/processed/icons/alaz_the_sunbearer.png,data/processed/debug/alaz_the_sunbearer_crop_debug.jpg,"14,378,197,532",48,64
aleksandr_the_sharpshooter,Aleksandr the Sharpshooter,B,HE-LAM,HE,High Elves,L,Legendary,A,Attack,M,Magic,296,https://ayumilove.net/raid-shadow-legends-list-of-champions-by-ranking/,https://ayumilove.net/raid-shadow-legends-aleksandr-the-sharpshooter-skill-mastery-equip-guide/,https://ayumilove.net/files/games/raid_shadow_legends/champion/Aleksandr_the_Sharpshooter.jpg,data/raw/pages/raid_shadow_legends_aleksandr_the_sharpshooter_skill_mastery_equip_guide.html,data/raw/images/aleksandr_the_sharpshooter_19dc5343f4.jpg,data/processed/icons/aleksandr_the_sharpshooter.png,data/processed/debug/aleksandr_the_sharpshooter_crop_debug.jpg,"14,378,197,532",48,64
alice_the_wanderer,Alice the Wanderer,A,SO-LAM,SO,The Sacred Order,L,Legendary,A,Attack,M,Magic,118,https://ayumilove.net/raid-shadow-legends-list-of-champions-by-ranking/,https://ayumilove.net/raid-shadow-legends-alice-the-wanderer-skill-mastery-equip-guide/,https://ayumilove.net/files/games/raid_shadow_legends/champion/Alice_the_Wanderer.jpg,data/raw/pages/raid_shadow_legends_alice_the_wanderer_skill_mastery_equip_guide.html,data/raw/images/alice_the_wanderer_8904cd12ef.jpg,data/processed/icons/alice_the_wanderer.png,data/processed/debug/alice_the_wanderer_crop_debug.jpg,"14,378,197,532",48,64
alika,Alika,C,BA-EAF,BA,Barbarians,E,Epic,A,Attack,F,Force,640,https://ayumilove.net/raid-shadow-legends-list-of-champions-by-ranking/,https://ayumilove.net/raid-shadow-legends-alika-skill-mastery-equip-guide/,https://ayumilove.net/files/games/raid_shadow_legends/champion/Alika.jpg,data/raw/pages/raid_shadow_legends_alika_skill_mastery_equip_guide.html,data/raw/images/alika_1a05421dc2.jpg,data/processed/icons/alika.png,data/processed/debug/alika_crop_debug.jpg,"14,378,197,532",48,64
alsgor_crimsonhorn,Alsgor Crimsonhorn,B,BA-LHF,BA,Barbarians,L,Legendary,H,HP,F,Force,297,https://ayumilove.net/raid-shadow-legends-list-of-champions-by-ranking/,https://ayumilove.net/raid-shadow-legends-alsgor-crimsonhorn-skill-mastery-equip-guide/,https://ayumilove.net/files/games/raid_shadow_legends/champion/Alsgor_Crimsonhorn.jpg,data/raw/pages/raid_shadow_legends_alsgor_crimsonhorn_skill_mastery_equip_guide.html,data/raw/images/alsgor_crimsonhorn_2fad61e76d.jpg,data/processed/icons/alsgor_crimsonhorn.png,data/processed/debug/alsgor_crimsonhorn_crop_debug.jpg,"14,378,197,532",48,64
altan,Altan,B,BA-LDM,BA,Barbarians,L,Legendary,D,Defense,M,Magic,298,https://ayumilove.net/raid-shadow-legends-list-of-champions-by-ranking/,https://ayumilove.net/raid-shadow-legends-altan-skill-mastery-equip-guide/,https://ayumilove.net/files/games/raid_shadow_legends/champion/Altan.jpg,data/raw/pages/raid_shadow_legends_altan_skill_mastery_equip_guide.html,data/raw/images/altan_3989b155f4.jpg,data/processed/icons/altan.png,data/processed/debug/altan_crop_debug.jpg,"14,378,197,532",48,64
alure,Alure,S,DS-EAM,DS,Demonspawn,E,Epic,A,Attack,M,Magic,411,https://ayumilove.net/raid-shadow-legends-list-of-champions-by-ranking/,https://ayumilove.net/raid-shadow-legends-alure-skill-mastery-equip-guide/,https://ayumilove.net/files/games/raid_shadow_legends/champion/Alure.jpg,data/raw/pages/raid_shadow_legends_alure_skill_mastery_equip_guide.html,data/raw/images/alure_9cb77e0359.jpg,data/processed/icons/alure.png,data/processed/debug/alure_crop_debug.jpg,"14,378,197,532",48,64
amarantine_skeleton,Amarantine Skeleton,C,UH-RDV,UH,Undead Hordes,R,Rare,D,Defense,V,Void,779,https://ayumilove.net/raid-shadow-legends-list-of-champions-by-ranking/,https://ayumilove.net/raid-shadow-legends-amarantine-skeleton-skill-mastery-equip-guide/,https://ayumilove.net/files/games/raid_shadow_legends/champion/Amarantine_Skeleton.jpg,data/raw/pages/raid_shadow_legends_amarantine_skeleton_skill_mastery_equip_guide.html,data/raw/images/amarantine_skeleton_e1555ad079.jpg,data/processed/icons/amarantine_skeleton.png,data/processed/debug/amarantine_skeleton_crop_debug.jpg,"14,378,197,532",48,64
ambassador_lethelin,Ambassador Lethelin,B,HE-ESF,HE,High Elves,E,Epic,S,Support,F,Force,493,https://ayumilove.net/raid-shadow-legends-list-of-champions-by-ranking/,https://ayumilove.net/raid-shadow-legends-ambassador-lethelin-skill-mastery-equip-guide/,https://ayumilove.net/files/games/raid_shadow_legends/champion/Ambassador_Lethelin.jpg,data/raw/pages/raid_shadow_legends_ambassador_lethelin_skill_mastery_equip_guide.html,data/raw/images/ambassador_lethelin_2e9d09d554.jpg,data/processed/icons/ambassador_lethelin.png,data/processed/debug/ambassador_lethelin_crop_debug.jpg,"14,378,197,532",48,64
amoch_the_first_satrap,Amoch the First Satrap,A,LZ-LSM,LZ,Lizardmen,L,Legendary,S,Support,M,Magic,119,https://ayumilove.net/raid-shadow-legends-list-of-champions-by-ranking/,https://ayumilove.net/raid-shadow-legends-amoch-the-first-satrap-skill-mastery-equip-guide/,https://ayumilove.net/files/games/raid_shadow_legends/champion/Amoch_the_First_Satrap.jpg,data/raw/pages/raid_shadow_legends_amoch_the_first_satrap_skill_mastery_equip_guide.html,data/raw/images/amoch_the_first_satrap_3fbca40254.jpg,data/processed/icons/amoch_the_first_satrap.png,data/processed/debug/amoch_the_first_satrap_crop_debug.jpg,"14,378,197,532",48,64
anax,Anax,B,UH-EAS,UH,Undead Hordes,E,Epic,A,Attack,S,Spirit,494,https://ayumilove.net/raid-shadow-legends-list-of-champions-by-ranking/,https://ayumilove.net/raid-shadow-legends-anax-skill-mastery-equip-guide/,https://ayumilove.net/files/games/raid_shadow_legends/champion/Anax.jpg,data/raw/pages/raid_shadow_legends_anax_skill_mastery_equip_guide.html,data/raw/images/anax_ddefba194e.jpg,data/processed/icons/anax.png,data/processed/debug/anax_crop_debug.jpg,"14,378,197,532",48,64
anaxia_the_reborn,Anaxia the Reborn,A,LZ-MDS,LZ,Lizardmen,M,Mythical,D,Defense,S,Spirit,20,https://ayumilove.net/raid-shadow-legends-list-of-champions-by-ranking/,https://ayumilove.net/raid-shadow-legends-anaxia-the-reborn-skill-mastery-equip-guide/,https://ayumilove.net/files/games/raid_shadow_legends/champion/Anaxia_the_Reborn.jpg,data/raw/pages/raid_shadow_legends_anaxia_the_reborn_skill_mastery_equip_guide.html,data/raw/images/anaxia_the_reborn_d4d7055120.jpg,data/processed/icons/anaxia_the_reborn.png,data/processed/debug/anaxia_the_reborn_crop_debug.jpg,"14,378,197,532",48,64
anchorite,Anchorite,A,SO-ESS,SO,The Sacred Order,E,Epic,S,Support,S,Spirit,434,https://ayumilove.net/raid-shadow-legends-list-of-champions-by-ranking/,https://ayumilove.net/raid-shadow-legends-anchorite-skill-mastery-equip-guide/,https://ayumilove.net/files/games/raid_shadow_legends/champion/Anchorite.jpg,data/raw/pages/raid_shadow_legends_anchorite_skill_mastery_equip_guide.html,data/raw/images/anchorite_9f0e0437ef.jpg,data/processed/icons/anchorite.png,data/processed/debug/anchorite_crop_debug.jpg,"14,378,197,532",48,64
androc_the_glorious,Androc the Glorious,B,BL-MDS,BL,Banner Lords,M,Mythical,D,Defense,S,Spirit,26,https://ayumilove.net/raid-shadow-legends-list-of-champions-by-ranking/,https://ayumilove.net/raid-shadow-legends-androc-the-glorious-skill-mastery-equip-guide/,https://ayumilove.net/files/games/raid_shadow_legends/champion/Androc_the_Glorious.jpg,data/raw/pages/raid_shadow_legends_androc_the_glorious_skill_mastery_equip_guide.html,data/raw/images/androc_the_glorious_12a1f3fc9f.jpg,data/processed/icons/androc_the_glorious.png,data/processed/debug/androc_the_glorious_crop_debug.jpg,"14,378,197,532",48,64
andryssia,Andryssia,B,HE-EDV,HE,High Elves,E,Epic,D,Defense,V,Void,495,https://ayumilove.net/raid-shadow-legends-list-of-champions-by-ranking/,https://ayumilove.net/raid-shadow-legends-andryssia-skill-mastery-equip-guide/,https://ayumilove.net/files/games/raid_shadow_legends/champion/Andryssia.jpg,data/raw/pages/raid_shadow_legends_andryssia_skill_mastery_equip_guide.html,data/raw/images/andryssia_d4ec35d050.jpg,data/processed/icons/andryssia.png,data/processed/debug/andryssia_crop_debug.jpg,"14,378,197,532",48,64
angar,Angar,A,OR-LHV,OR,Orcs,L,Legendary,H,HP,V,Void,120,https://ayumilove.net/raid-shadow-legends-list-of-champions-by-ranking/,https://ayumilove.net/raid-shadow-legends-angar-skill-mastery-equip-guide/,https://ayumilove.net/files/games/raid_shadow_legends/champion/Angar.jpg,data/raw/pages/raid_shadow_legends_angar_skill_mastery_equip_guide.html,data/raw/images/angar_a639db97a0.jpg,data/processed/icons/angar.png,data/processed/debug/angar_crop_debug.jpg,"14,378,197,532",48,64
anointed,Anointed,C,BA-RSF,BA,Barbarians,R,Rare,S,Support,F,Force,780,https://ayumilove.net/raid-shadow-legends-list-of-champions-by-ranking/,https://ayumilove.net/raid-shadow-legends-anointed-skill-mastery-equip-guide/,https://ayumilove.net/files/games/raid_shadow_legends/champion/Anointed.jpg,data/raw/pages/raid_shadow_legends_anointed_skill_mastery_equip_guide.html,data/raw/images/anointed_3d23dc67ce.jpg,data/processed/icons/anointed.png,data/processed/debug/anointed_crop_debug.jpg,"14,378,197,532",48,64
aothar,Aothar,B,SO-EAF,SO,The Sacred Order,E,Epic,A,Attack,F,Force,496,https://ayumilove.net/raid-shadow-legends-list-of-champions-by-ranking/,https://ayumilove.net/raid-shadow-legends-aothar-skill-mastery-equip-guide/,https://ayumilove.net/files/games/raid_shadow_legends/champion/Aothar.jpg,data/raw/pages/raid_shadow_legends_aothar_skill_mastery_equip_guide.html,data/raw/images/aothar_f5800a9523.jpg,data/processed/icons/aothar.png,data/processed/debug/aothar_crop_debug.jpg,"14,378,197,532",48,64
aox_the_rememberer,Aox the Rememberer,A,LZ-ESF,LZ,Lizardmen,E,Epic,S,Support,F,Force,435,https://ayumilove.net/raid-shadow-legends-list-of-champions-by-ranking/,https://ayumilove.net/raid-shadow-legends-aox-the-rememberer-skill-mastery-equip-guide/,https://ayumilove.net/files/games/raid_shadow_legends/champion/Aox_the_Rememberer.jpg,data/raw/pages/raid_shadow_legends_aox_the_rememberer_skill_mastery_equip_guide.html,data/raw/images/aox_the_rememberer_b3c26e198a.jpg,data/processed/icons/aox_the_rememberer.png,data/processed/debug/aox_the_rememberer_crop_debug.jpg,"14,378,197,532",48,64
aphidus_the_hivelord,Aphidus the Hivelord,B,DE-MAM,DE,Dark Elves,M,Mythical,A,Attack,M,Magic,27,https://ayumilove.net/raid-shadow-legends-list-of-champions-by-ranking/,https://ayumilove.net/raid-shadow-legends-aphidus-the-hivelord-skill-mastery-equip-guide/,https://ayumilove.net/files/games/raid_shadow_legends/champion/Aphidus_the_Hivelord.jpg,data/raw/pages/raid_shadow_legends_aphidus_the_hivelord_skill_mastery_equip_guide.html,data/raw/images/aphidus_the_hivelord_0e8fe2a322.jpg,data/processed/icons/aphidus_the_hivelord.png,data/processed/debug/aphidus_the_hivelord_crop_debug.jpg,"14,378,197,532",48,64
apothecary,Apothecary,S,HE-RSM,HE,High Elves,R,Rare,S,Support,M,Magic,702,https://ayumilove.net/raid-shadow-legends-list-of-champions-by-ranking/,https://ayumilove.net/raid-shadow-legends-apothecary-skill-mastery-equip-guide/,https://ayumilove.net/files/games/raid_shadow_legends/champion/Apothecary.jpg,data/raw/pages/raid_shadow_legends_apothecary_skill_mastery_equip_guide.html,data/raw/images/apothecary_25a9842050.jpg,data/processed/icons/apothecary.png,data/processed/debug/apothecary_crop_debug.jpg,"14,378,197,532",48,64
april_oneil,April ONeil,C,SO-LSM,SO,The Sacred Order,L,Legendary,S,Support,M,Magic,400,https://ayumilove.net/raid-shadow-legends-list-of-champions-by-ranking/,https://ayumilove.net/raid-shadow-legends-april-oneil-skill-mastery-equip-guide/,https://ayumilove.net/files/games/raid_shadow_legends/champion/April_ONeil.jpg,data/raw/pages/raid_shadow_legends_april_oneil_skill_mastery_equip_guide.html,data/raw/images/april_oneil_05ceb5bd0c.jpg,data/processed/icons/april_oneil.png,data/processed/debug/april_oneil_crop_debug.jpg,"14,378,197,532",48,64
arachoa_moonspinner,Arachoa Moonspinner,A,DE-MSF,DE,Dark Elves,M,Mythical,S,Support,F,Force,21,https://ayumilove.net/raid-shadow-legends-list-of-champions-by-ranking/,https://ayumilove.net/raid-shadow-legends-arachoa-moonspinner-skill-mastery-equip-guide/,https://ayumilove.net/files/games/raid_shadow_legends/champion/Arachoa_Moonspinner.jpg,data/raw/pages/raid_shadow_legends_arachoa_moonspinner_skill_mastery_equip_guide.html,data/raw/images/arachoa_moonspinner_983166fe95.jpg,data/processed/icons/arachoa_moonspinner.png,data/processed/debug/arachoa_moonspinner_crop_debug.jpg,"14,378,197,532",48,64
aragaz_wyldking,Aragaz Wyldking,A,OR-LHF,OR,Orcs,L,Legendary,H,HP,F,Force,121,https://ayumilove.net/raid-shadow-legends-list-of-champions-by-ranking/,https://ayumilove.net/raid-shadow-legends-aragaz-wyldking-skill-mastery-equip-guide/,https://ayumilove.net/files/games/raid_shadow_legends/champion/Aragaz_Wyldking.jpg,data/raw/pages/raid_shadow_legends_aragaz_wyldking_skill_mastery_equip_guide.html,data/raw/images/aragaz_wyldking_af9eb1404b.jpg,data/processed/icons/aragaz_wyldking.png,data/processed/debug/aragaz_wyldking_crop_debug.jpg,"14,378,197,532",48,64
arashi_the_riptide,Arashi the Riptide,B,SK-LHS,SK,Shadowkin,L,Legendary,H,HP,S,Spirit,299,https://ayumilove.net/raid-shadow-legends-list-of-champions-by-ranking/,https://ayumilove.net/raid-shadow-legends-arashi-the-riptide-skill-mastery-equip-guide/,https://ayumilove.net/files/games/raid_shadow_legends/champion/Arashi_the_Riptide.jpg,data/raw/pages/raid_shadow_legends_arashi_the_riptide_skill_mastery_equip_guide.html,data/raw/images/arashi_the_riptide_870d9d099a.jpg,data/processed/icons/arashi_the_riptide.png,data/processed/debug/arashi_the_riptide_crop_debug.jpg,"14,378,197,532",48,64
aratheia_corpseflower,Aratheia Corpseflower,B,SY-LAV,SY,Sylvan Watchers,L,Legendary,A,Attack,V,Void,300,https://ayumilove.net/raid-shadow-legends-list-of-champions-by-ranking/,https://ayumilove.net/raid-shadow-legends-aratheia-corpseflower-skill-mastery-equip-guide/,https://ayumilove.net/files/games/raid_shadow_legends/champion/Aratheia_Corpseflower.jpg,data/raw/pages/raid_shadow_legends_aratheia_corpseflower_skill_mastery_equip_guide.html,data/raw/images/aratheia_corpseflower_7b4a47e8d5.jpg,data/processed/icons/aratheia_corpseflower.png,data/processed/debug/aratheia_corpseflower_crop_debug.jpg,"14,378,197,532",48,64
arbais_the_stonethorn,Arbais the Stonethorn,S,SY-MSF,SY,Sylvan Watchers,M,Mythical,S,Support,F,Force,7,https://ayumilove.net/raid-shadow-legends-list-of-champions-by-ranking/,https://ayumilove.net/raid-shadow-legends-arbais-the-stonethorn-skill-mastery-equip-guide/,https://ayumilove.net/files/games/raid_shadow_legends/champion/Arbais_the_Stonethorn.jpg,data/raw/pages/raid_shadow_legends_arbais_the_stonethorn_skill_mastery_equip_guide.html,data/raw/images/arbais_the_stonethorn_51a875639a.jpg,data/processed/icons/arbais_the_stonethorn.png,data/processed/debug/arbais_the_stonethorn_crop_debug.jpg,"14,378,197,532",48,64
arbalester,Arbalester,F,UH-RAV,UH,Undead Hordes,R,Rare,A,Attack,V,Void,875,https://ayumilove.net/raid-shadow-legends-list-of-champions-by-ranking/,https://ayumilove.net/raid-shadow-legends-arbalester-skill-mastery-equip-guide/,https://ayumilove.net/files/games/raid_shadow_legends/champion/Arbalester.jpg,data/raw/pages/raid_shadow_legends_arbalester_skill_mastery_equip_guide.html,data/raw/images/arbalester_bce30f7826.jpg,data/processed/icons/arbalester.png,data/processed/debug/arbalester_crop_debug.jpg,"14,378,197,532",48,64
arbiter,Arbiter,S,HE-LSV,HE,High Elves,L,Legendary,S,Support,V,Void,43,https://ayumilove.net/raid-shadow-legends-list-of-champions-by-ranking/,https://ayumilove.net/raid-shadow-legends-arbiter-skill-mastery-equip-guide/,https://ayumilove.net/files/games/raid_shadow_legends/champion/Arbiter.jpg,data/raw/pages/raid_shadow_legends_arbiter_skill_mastery_equip_guide.html,data/raw/images/arbiter_91c58390e4.jpg,data/processed/icons/arbiter.png,data/processed/debug/arbiter_crop_debug.jpg,"14,378,197,532",48,64
arcanist,Arcanist,C,KR-RSF,KR,Knights Revenant,R,Rare,S,Support,F,Force,781,https://ayumilove.net/raid-shadow-legends-list-of-champions-by-ranking/,https://ayumilove.net/raid-shadow-legends-arcanist-skill-mastery-equip-guide/,https://ayumilove.net/files/games/raid_shadow_legends/champion/Arcanist.jpg,data/raw/pages/raid_shadow_legends_arcanist_skill_mastery_equip_guide.html,data/raw/images/arcanist_cec1554c7a.jpg,data/processed/icons/arcanist.png,data/processed/debug/arcanist_crop_debug.jpg,"14,378,197,532",48,64
archbishop_pinthroy,Archbishop Pinthroy,A,SO-LSS,SO,The Sacred Order,L,Legendary,S,Support,S,Spirit,122,https://ayumilove.net/raid-shadow-legends-list-of-champions-by-ranking/,https://ayumilove.net/raid-shadow-legends-archbishop-pinthroy-skill-mastery-equip-guide/,https://ayumilove.net/files/games/raid_shadow_legends/champion/Archbishop_Pinthroy.jpg,data/raw/pages/raid_shadow_legends_archbishop_pinthroy_skill_mastery_equip_guide.html,data/raw/images/archbishop_pinthroy_0d52ca1359.jpg,data/processed/icons/archbishop_pinthroy.png,data/processed/debug/archbishop_pinthroy_crop_debug.jpg,"14,378,197,532",48,64
archer,Archer,A,BL-UAM,BL,Banner Lords,U,Uncommon,A,Attack,M,Magic,940,https://ayumilove.net/raid-shadow-legends-list-of-champions-by-ranking/,https://ayumilove.net/raid-shadow-legends-archer-skill-mastery-equip-guide/,https://ayumilove.net/files/games/raid_shadow_legends/champion/Archer.jpg,data/raw/pages/raid_shadow_legends_archer_skill_mastery_equip_guide.html,data/raw/images/archer_79b9b35900.jpg,data/processed/icons/archer.png,data/processed/debug/archer_crop_debug.jpg,"14,378,197,532",48,64
archmage_hellmut,Archmage Hellmut,S,BL-ESM,BL,Banner Lords,E,Epic,S,Support,M,Magic,412,https://ayumilove.net/raid-shadow-legends-list-of-champions-by-ranking/,https://ayumilove.net/raid-shadow-legends-archmage-hellmut-skill-mastery-equip-guide/,https://ayumilove.net/files/games/raid_shadow_legends/champion/Archmage_Hellmut.jpg,data/raw/pages/raid_shadow_legends_archmage_hellmut_skill_mastery_equip_guide.html,data/raw/images/archmage_hellmut_ef93ebed20.jpg,data/processed/icons/archmage_hellmut.png,data/processed/debug/archmage_hellmut_crop_debug.jpg,"14,378,197,532",48,64
aristocrat,Aristocrat,C,HE-UAM,HE,High Elves,U,Uncommon,A,Attack,M,Magic,963,https://ayumilove.net/raid-shadow-legends-list-of-champions-by-ranking/,https://ayumilove.net/raid-shadow-legends-aristocrat-skill-mastery-equip-guide/,https://ayumilove.net/files/games/raid_shadow_legends/champion/Aristocrat.jpg,data/raw/pages/raid_shadow_legends_aristocrat_skill_mastery_equip_guide.html,data/raw/images/aristocrat_471c194302.jpg,data/processed/icons/aristocrat.png,data/processed/debug/aristocrat_crop_debug.jpg,"14,378,197,532",48,64
arix,Arix,A,KR-LHM,KR,Knights Revenant,L,Legendary,H,HP,M,Magic,123,https://ayumilove.net/raid-shadow-legends-list-of-champions-by-ranking/,https://ayumilove.net/raid-shadow-legends-arix-skill-mastery-equip-guide/,https://ayumilove.net/files/games/raid_shadow_legends/champion/Arix.jpg,data/raw/pages/raid_shadow_legends_arix_skill_mastery_equip_guide.html,data/raw/images/arix_e2029ba5d7.jpg,data/processed/icons/arix.png,data/processed/debug/arix_crop_debug.jpg,"14,378,197,532",48,64
armanz_the_magnificent,Armanz the Magnificent,SS,BA-LSM,BA,Barbarians,L,Legendary,S,Support,M,Magic,34,https://ayumilove.net/raid-shadow-legends-list-of-champions-by-ranking/,https://ayumilove.net/raid-shadow-legends-armanz-the-magnificent-skill-mastery-equip-guide/,https://ayumilove.net/files/games/raid_shadow_legends/champion/Armanz_the_Magnificent.jpg,data/raw/pages/raid_shadow_legends_armanz_the_magnificent_skill_mastery_equip_guide.html,data/raw/images/armanz_the_magnificent_7066e67c44.jpg,data/processed/icons/armanz_the_magnificent.png,data/processed/debug/armanz_the_magnificent_crop_debug.jpg,"14,378,197,532",48,64
armiger,Armiger,S,SO-UDS,SO,The Sacred Order,U,Uncommon,D,Defense,S,Spirit,930,https://ayumilove.net/raid-shadow-legends-list-of-champions-by-ranking/,https://ayumilove.net/raid-shadow-legends-armiger-skill-mastery-equip-guide/,https://ayumilove.net/files/games/raid_shadow_legends/champion/Armiger.jpg,data/raw/pages/raid_shadow_legends_armiger_skill_mastery_equip_guide.html,data/raw/images/armiger_71aa529cfb.jpg,data/processed/icons/armiger.png,data/processed/debug/armiger_crop_debug.jpg,"14,378,197,532",48,64
armina,Armina,B,BA-EAM,BA,Barbarians,E,Epic,A,Attack,M,Magic,497,https://ayumilove.net/raid-shadow-legends-list-of-champions-by-ranking/,https://ayumilove.net/raid-shadow-legends-armina-skill-mastery-equip-guide/,https://ayumilove.net/files/games/raid_shadow_legends/champion/Armina.jpg,data/raw/pages/raid_shadow_legends_armina_skill_mastery_equip_guide.html,data/raw/images/armina_1b25443bf7.jpg,data/processed/icons/armina.png,data/processed/debug/armina_crop_debug.jpg,"14,378,197,532",48,64
arndulf,Arndulf,B,BL-EDM,BL,Banner Lords,E,Epic,D,Defense,M,Magic,498,https://ayumilove.net/raid-shadow-legends-list-of-champions-by-ranking/,https://ayumilove.net/raid-shadow-legends-arndulf-skill-mastery-equip-guide/,https://ayumilove.net/files/games/raid_shadow_legends/champion/Arndulf.jpg,data/raw/pages/raid_shadow_legends_arndulf_skill_mastery_equip_guide.html,data/raw/images/arndulf_5f573ba539.jpg,data/processed/icons/arndulf.png,data/processed/debug/arndulf_crop_debug.jpg,"14,378,197,532",48,64
arne_the_white,Arne the White,S,BA-MAM,BA,Barbarians,M,Mythical,A,Attack,M,Magic,8,https://ayumilove.net/raid-shadow-legends-list-of-champions-by-ranking/,https://ayumilove.net/raid-shadow-legends-arne-the-white-skill-mastery-equip-guide/,https://ayumilove.net/files/games/raid_shadow_legends/champion/Arne_the_White.jpg,data/raw/pages/raid_shadow_legends_arne_the_white_skill_mastery_equip_guide.html,data/raw/images/arne_the_white_253e179e56.jpg,data/processed/icons/arne_the_white.png,data/processed/debug/arne_the_white_crop_debug.jpg,"14,378,197,532",48,64
arnorn_the_shining,Arnorn the Shining,A,DW-LAV,DW,Dwarves,L,Legendary,A,Attack,V,Void,124,https://ayumilove.net/raid-shadow-legends-list-of-champions-by-ranking/,https://ayumilove.net/raid-shadow-legends-arnorn-the-shining-skill-mastery-equip-guide/,https://ayumilove.net/files/games/raid_shadow_legends/champion/Arnorn_the_Shining.jpg,data/raw/pages/raid_shadow_legends_arnorn_the_shining_skill_mastery_equip_guide.html,data/raw/images/arnorn_the_shining_7d65784169.jpg,data/processed/icons/arnorn_the_shining.png,data/processed/debug/arnorn_the_shining_crop_debug.jpg,"14,378,197,532",48,64
artak,Artak,A,OR-LHM,OR,Orcs,L,Legendary,H,HP,M,Magic,125,https://ayumilove.net/raid-shadow-legends-list-of-champions-by-ranking/,https://ayumilove.net/raid-shadow-legends-artak-skill-mastery-equip-guide/,https://ayumilove.net/files/games/raid_shadow_legends/champion/Artak.jpg,data/raw/pages/raid_shadow_legends_artak_skill_mastery_equip_guide.html,data/raw/images/artak_9405bbd395.jpg,data/processed/icons/artak.png,data/processed/debug/artak_crop_debug.jpg,"14,378,197,532",48,64
arwydd_quivergrass,Arwydd Quivergrass,C,SY-EAF,SY,Sylvan Watchers,E,Epic,A,Attack,F,Force,641,https://ayumilove.net/raid-shadow-legends-list-of-champions-by-ranking/,https://ayumilove.net/raid-shadow-legends-arwydd-quivergrass-skill-mastery-equip-guide/,https://ayumilove.net/files/games/raid_shadow_legends/champion/Arwydd_Quivergrass.jpg,data/raw/pages/raid_shadow_legends_arwydd_quivergrass_skill_mastery_equip_guide.html,data/raw/images/arwydd_quivergrass_d3096bc453.jpg,data/processed/icons/arwydd_quivergrass.png,data/processed/debug/arwydd_quivergrass_crop_debug.jpg,"14,378,197,532",48,64
ashnar_dragonsoul,Ashnar Dragonsoul,S,OR-MHF,OR,Orcs,M,Mythical,H,HP,F,Force,9,https://ayumilove.net/raid-shadow-legends-list-of-champions-by-ranking/,https://ayumilove.net/raid-shadow-legends-ashnar-dragonsoul-skill-mastery-equip-guide/,https://ayumilove.net/files/games/raid_shadow_legends/champion/Ashnar_Dragonsoul.jpg,data/raw/pages/raid_shadow_legends_ashnar_dragonsoul_skill_mastery_equip_guide.html,data/raw/images/ashnar_dragonsoul_b78b561a61.jpg,data/processed/icons/ashnar_dragonsoul.png,data/processed/debug/ashnar_dragonsoul_crop_debug.jpg,"14,378,197,532",48,64
ashwalker,Ashwalker,F,KR-RAV,KR,Knights Revenant,R,Rare,A,Attack,V,Void,876,https://ayumilove.net/raid-shadow-legends-list-of-champions-by-ranking/,https://ayumilove.net/raid-shadow-legends-ashwalker-skill-mastery-equip-guide/,https://ayumilove.net/files/games/raid_shadow_legends/champion/Ashwalker.jpg,data/raw/pages/raid_shadow_legends_ashwalker_skill_mastery_equip_guide.html,data/raw/images/ashwalker_ecdbf3c98f.jpg,data/processed/icons/ashwalker.png,data/processed/debug/ashwalker_crop_debug.jpg,"14,378,197,532",48,64
assassin,Assassin,F,SK-RAM,SK,Shadowkin,R,Rare,A,Attack,M,Magic,877,https://ayumilove.net/raid-shadow-legends-list-of-champions-by-ranking/,https://ayumilove.net/raid-shadow-legends-assassin-skill-mastery-equip-guide/,https://ayumilove.net/files/games/raid_shadow_legends/champion/Assassin.jpg,data/raw/pages/raid_shadow_legends_assassin_skill_mastery_equip_guide.html,data/raw/images/assassin_57853c6c73.jpg,data/processed/icons/assassin.png,data/processed/debug/assassin_crop_debug.jpg,"14,378,197,532",48,64
astralith,Astralith,C,DE-LAS,DE,Dark Elves,L,Legendary,A,Attack,S,Spirit,401,https://ayumilove.net/raid-shadow-legends-list-of-champions-by-ranking/,https://ayumilove.net/raid-shadow-legends-astralith-skill-mastery-equip-guide/,https://ayumilove.net/files/games/raid_shadow_legends/champion/Astralith.jpg,data/raw/pages/raid_shadow_legends_astralith_skill_mastery_equip_guide.html,data/raw/images/astralith_bc7a3b9f0d.jpg,data/processed/icons/astralith.png,data/processed/debug/astralith_crop_debug.jpg,"14,378,197,532",48,64
astralon,Astralon,B,SO-LAM,SO,The Sacred Order,L,Legendary,A,Attack,M,Magic,301,https://ayumilove.net/raid-shadow-legends-list-of-champions-by-ranking/,https://ayumilove.net/raid-shadow-legends-astralon-skill-mastery-equip-guide/,https://ayumilove.net/files/games/raid_shadow_legends/champion/Astralon.jpg,data/raw/pages/raid_shadow_legends_astralon_skill_mastery_equip_guide.html,data/raw/images/astralon_f62f10be25.jpg,data/processed/icons/astralon.png,data/processed/debug/astralon_crop_debug.jpg,"14,378,197,532",48,64
athel,Athel,A,SO-RAM,SO,The Sacred Order,R,Rare,A,Attack,M,Magic,705,https://ayumilove.net/raid-shadow-legends-list-of-champions-by-ranking/,https://ayumilove.net/raid-shadow-legends-athel-skill-mastery-equip-guide/,https://ayumilove.net/files/games/raid_shadow_legends/champion/Athel.jpg,data/raw/pages/raid_shadow_legends_athel_skill_mastery_equip_guide.html,data/raw/images/athel_6a473eb8d6.jpg,data/processed/icons/athel.png,data/processed/debug/athel_crop_debug.jpg,"14,378,197,532",48,64
atur,Atur,B,BA-EHM,BA,Barbarians,E,Epic,H,HP,M,Magic,499,https://ayumilove.net/raid-shadow-legends-list-of-champions-by-ranking/,https://ayumilove.net/raid-shadow-legends-atur-skill-mastery-equip-guide/,https://ayumilove.net/files/games/raid_shadow_legends/champion/Atur.jpg,data/raw/pages/raid_shadow_legends_atur_skill_mastery_equip_guide.html,data/raw/images/atur_1263a2352d.jpg,data/processed/icons/atur.png,data/processed/debug/atur_crop_debug.jpg,"14,378,197,532",48,64
authoratrix_lamasu,Authoratrix Lamasu,A,DS-LSV,DS,Demonspawn,L,Legendary,S,Support,V,Void,126,https://ayumilove.net/raid-shadow-legends-list-of-champions-by-ranking/,https://ayumilove.net/raid-shadow-legends-authoratrix-lamasu-skill-mastery-equip-guide/,https://ayumilove.net/files/games/raid_shadow_legends/champion/Authoratrix_Lamasu.jpg,data/raw/pages/raid_shadow_legends_authoratrix_lamasu_skill_mastery_equip_guide.html,data/raw/images/authoratrix_lamasu_82e88f7f38.jpg,data/processed/icons/authoratrix_lamasu.png,data/processed/debug/authoratrix_lamasu_crop_debug.jpg,"14,378,197,532",48,64
avenger,Avenger,C,HE-RAM,HE,High Elves,R,Rare,A,Attack,M,Magic,782,https://ayumilove.net/raid-shadow-legends-list-of-champions-by-ranking/,https://ayumilove.net/raid-shadow-legends-avenger-skill-mastery-equip-guide/,https://ayumilove.net/files/games/raid_shadow_legends/champion/Avenger.jpg,data/raw/pages/raid_shadow_legends_avenger_skill_mastery_equip_guide.html,data/raw/images/avenger_b492eb03bf.jpg,data/processed/icons/avenger.png,data/processed/debug/avenger_crop_debug.jpg,"14,378,197,532",48,64
avir_the_alchemage,Avir the Alchemage,C,DW-RSM,DW,Dwarves,R,Rare,S,Support,M,Magic,783,https://ayumilove.net/raid-shadow-legends-list-of-champions-by-ranking/,https://ayumilove.net/raid-shadow-legends-avir-the-alchemage-skill-mastery-equip-guide/,https://ayumilove.net/files/games/raid_shadow_legends/champion/Avir_the_Alchemage.jpg,data/raw/pages/raid_shadow_legends_avir_the_alchemage_skill_mastery_equip_guide.html,data/raw/images/avir_the_alchemage_356d0259c4.jpg,data/processed/icons/avir_the_alchemage.png,data/processed/debug/avir_the_alchemage_crop_debug.jpg,"14,378,197,532",48,64
axeman,Axeman,F,BL-CHF,BL,Banner Lords,C,Common,H,HP,F,Force,1011,https://ayumilove.net/raid-shadow-legends-list-of-champions-by-ranking/,https://ayumilove.net/raid-shadow-legends-axeman-skill-mastery-equip-guide/,https://ayumilove.net/files/games/raid_shadow_legends/champion/Axeman.jpg,data/raw/pages/raid_shadow_legends_axeman_skill_mastery_equip_guide.html,data/raw/images/axeman_005e40f9b2.jpg,data/processed/icons/axeman.png,data/processed/debug/axeman_crop_debug.jpg,"14,378,197,532",48,64
azure,Azure,B,BL-EHV,BL,Banner Lords,E,Epic,H,HP,V,Void,500,https://ayumilove.net/raid-shadow-legends-list-of-champions-by-ranking/,https://ayumilove.net/raid-shadow-legends-azure-skill-mastery-equip-guide/,https://ayumilove.net/files/games/raid_shadow_legends/champion/Azure.jpg,data/raw/pages/raid_shadow_legends_azure_skill_mastery_equip_guide.html,data/raw/images/azure_e2fd4efa5b.jpg,data/processed/icons/azure.png,data/processed/debug/azure_crop_debug.jpg,"14,378,197,532",48,64
ba_satha,Ba Satha,A,LZ-LHM,LZ,Lizardmen,L,Legendary,H,HP,M,Magic,127,https://ayumilove.net/raid-shadow-legends-list-of-champions-by-ranking/,https://ayumilove.net/raid-shadow-legends-ba-satha-skill-mastery-equip-guide/,https://ayumilove.net/files/games/raid_shadow_legends/champion/Ba_Satha.jpg,data/raw/pages/raid_shadow_legends_ba_satha_skill_mastery_equip_guide.html,data/raw/images/ba_satha_9ef41604c8.jpg,data/processed/icons/ba_satha.png,data/processed/debug/ba_satha_crop_debug.jpg,"14,378,197,532",48,64
bad_el_kazar,Bad-el-Kazar,S,UH-LSF,UH,Undead Hordes,L,Legendary,S,Support,F,Force,44,https://ayumilove.net/raid-shadow-legends-list-of-champions-by-ranking/,https://ayumilove.net/raid-shadow-legends-bad-el-kazar-skill-mastery-equip-guide/,https://ayumilove.net/files/games/raid_shadow_legends/champion/Bad_el_Kazar.jpg,data/raw/pages/raid_shadow_legends_bad_el_kazar_skill_mastery_equip_guide.html,data/raw/images/bad_el_kazar_1e5a575b85.jpg,data/processed/icons/bad_el_kazar.png,data/processed/debug/bad_el_kazar_crop_debug.jpg,"14,378,197,532",48,64
baerd_the_broad,Baerd the Broad,A,SY-LDM,SY,Sylvan Watchers,L,Legendary,D,Defense,M,Magic,128,https://ayumilove.net/raid-shadow-legends-list-of-champions-by-ranking/,https://ayumilove.net/raid-shadow-legends-baerd-the-broad-skill-mastery-equip-guide/,https://ayumilove.net/files/games/raid_shadow_legends/champion/Baerd_the_Broad.jpg,data/raw/pages/raid_shadow_legends_baerd_the_broad_skill_mastery_equip_guide.html,data/raw/images/baerd_the_broad_6034a78bf7.jpg,data/processed/icons/baerd_the_broad.png,data/processed/debug/baerd_the_broad_crop_debug.jpg,"14,378,197,532",48,64
baerdal_fellhammer,Baerdal Fellhammer,B,DW-EAV,DW,Dwarves,E,Epic,A,Attack,V,Void,501,https://ayumilove.net/raid-shadow-legends-list-of-champions-by-ranking/,https://ayumilove.net/raid-shadow-legends-baerdal-fellhammer-skill-mastery-equip-guide/,https://ayumilove.net/files/games/raid_shadow_legends/champion/Baerdal_Fellhammer.jpg,data/raw/pages/raid_shadow_legends_baerdal_fellhammer_skill_mastery_equip_guide.html,data/raw/images/baerdal_fellhammer_ec4cbc23fa.jpg,data/processed/icons/baerdal_fellhammer.png,data/processed/debug/baerdal_fellhammer_crop_debug.jpg,"14,378,197,532",48,64
balar_the_lost,Balar the Lost,A,SY-LAS,SY,Sylvan Watchers,L,Legendary,A,Attack,S,Spirit,129,https://ayumilove.net/raid-shadow-legends-list-of-champions-by-ranking/,https://ayumilove.net/raid-shadow-legends-balar-the-lost-skill-mastery-equip-guide/,https://ayumilove.net/files/games/raid_shadow_legends/champion/Balar_the_Lost.jpg,data/raw/pages/raid_shadow_legends_balar_the_lost_skill_mastery_equip_guide.html,data/raw/images/balar_the_lost_b8dd63b5e1.jpg,data/processed/icons/balar_the_lost.png,data/processed/debug/balar_the_lost_crop_debug.jpg,"14,378,197,532",48,64
balthus_drauglord,Balthus Drauglord,B,UH-EDS,UH,Undead Hordes,E,Epic,D,Defense,S,Spirit,502,https://ayumilove.net/raid-shadow-legends-list-of-champions-by-ranking/,https://ayumilove.net/raid-shadow-legends-balthus-drauglord-skill-mastery-equip-guide/,https://ayumilove.net/files/games/raid_shadow_legends/champion/Balthus_Drauglord.jpg,data/raw/pages/raid_shadow_legends_balthus_drauglord_skill_mastery_equip_guide.html,data/raw/images/balthus_drauglord_ae7637549f.jpg,data/processed/icons/balthus_drauglord.png,data/processed/debug/balthus_drauglord_crop_debug.jpg,"14,378,197,532",48,64
bambus_fourleaf,Bambus Fourleaf,A,SW-LSM,SW,Skinwalkers,L,Legendary,S,Support,M,Magic,130,https://ayumilove.net/raid-shadow-legends-list-of-champions-by-ranking/,https://ayumilove.net/raid-shadow-legends-bambus-fourleaf-skill-mastery-equip-guide/,https://ayumilove.net/files/games/raid_shadow_legends/champion/Bambus_Fourleaf.jpg,data/raw/pages/raid_shadow_legends_bambus_fourleaf_skill_mastery_equip_guide.html,data/raw/images/bambus_fourleaf_b101e91d62.jpg,data/processed/icons/bambus_fourleaf.png,data/processed/debug/bambus_fourleaf_crop_debug.jpg,"14,378,197,532",48,64
bandit,Bandit,C,BL-CAS,BL,Banner Lords,C,Common,A,Attack,S,Spirit,1008,https://ayumilove.net/raid-shadow-legends-list-of-champions-by-ranking/,https://ayumilove.net/raid-shadow-legends-bandit-skill-mastery-equip-guide/,https://ayumilove.net/files/games/raid_shadow_legends/champion/Bandit.jpg,data/raw/pages/raid_shadow_legends_bandit_skill_mastery_equip_guide.html,data/raw/images/bandit_550e707940.jpg,data/processed/icons/bandit.png,data/processed/debug/bandit_crop_debug.jpg,"14,378,197,532",48,64
banshee,Banshee,B,UH-RSM,UH,Undead Hordes,R,Rare,S,Support,M,Magic,718,https://ayumilove.net/raid-shadow-legends-list-of-champions-by-ranking/,https://ayumilove.net/raid-shadow-legends-banshee-skill-mastery-equip-guide/,https://ayumilove.net/files/games/raid_shadow_legends/champion/Banshee.jpg,data/raw/pages/raid_shadow_legends_banshee_skill_mastery_equip_guide.html,data/raw/images/banshee_aff9d5342d.jpg,data/processed/icons/banshee.png,data/processed/debug/banshee_crop_debug.jpg,"14,378,197,532",48,64
baron,Baron,A,BL-LAV,BL,Banner Lords,L,Legendary,A,Attack,V,Void,131,https://ayumilove.net/raid-shadow-legends-list-of-champions-by-ranking/,https://ayumilove.net/raid-shadow-legends-baron-skill-mastery-equip-guide/,https://ayumilove.net/files/games/raid_shadow_legends/champion/Baron.jpg,data/raw/pages/raid_shadow_legends_baron_skill_mastery_equip_guide.html,data/raw/images/baron_d6111a587a.jpg,data/processed/icons/baron.png,data/processed/debug/baron_crop_debug.jpg,"14,378,197,532",48,64
baroth_the_bloodsoaked,Baroth the Bloodsoaked,C,BA-EHF,BA,Barbarians,E,Epic,H,HP,F,Force,642,https://ayumilove.net/raid-shadow-legends-list-of-champions-by-ranking/,https://ayumilove.net/raid-shadow-legends-baroth-the-bloodsoaked-skill-mastery-equip-guide/,https://ayumilove.net/files/games/raid_shadow_legends/champion/Baroth_the_Bloodsoaked.jpg,data/raw/pages/raid_shadow_legends_baroth_the_bloodsoaked_skill_mastery_equip_guide.html,data/raw/images/baroth_the_bloodsoaked_2d1a44839e.jpg,data/processed/icons/baroth_the_bloodsoaked.png,data/processed/debug/baroth_the_bloodsoaked_crop_debug.jpg,"14,378,197,532",48,64
basher,Basher,A,SW-EAV,SW,Skinwalkers,E,Epic,A,Attack,V,Void,436,https://ayumilove.net/raid-shadow-legends-list-of-champions-by-ranking/,https://ayumilove.net/raid-shadow-legends-basher-skill-mastery-equip-guide/,https://ayumilove.net/files/games/raid_shadow_legends/champion/Basher.jpg,data/raw/pages/raid_shadow_legends_basher_skill_mastery_equip_guide.html,data/raw/images/basher_dbb3b21083.jpg,data/processed/icons/basher.png,data/processed/debug/basher_crop_debug.jpg,"14,378,197,532",48,64
basileus_roanas,Basileus Roanas,B,HE-LAF,HE,High Elves,L,Legendary,A,Attack,F,Force,302,https://ayumilove.net/raid-shadow-legends-list-of-champions-by-ranking/,https://ayumilove.net/raid-shadow-legends-basileus-roanas-skill-mastery-equip-guide/,https://ayumilove.net/files/games/raid_shadow_legends/champion/Basileus_Roanas.jpg,data/raw/pages/raid_shadow_legends_basileus_roanas_skill_mastery_equip_guide.html,data/raw/images/basileus_roanas_4f9ad9e27d.jpg,data/processed/icons/basileus_roanas.png,data/processed/debug/basileus_roanas_crop_debug.jpg,"14,378,197,532",48,64
basilisk,Basilisk,C,LZ-EAF,LZ,Lizardmen,E,Epic,A,Attack,F,Force,643,https://ayumilove.net/raid-shadow-legends-list-of-champions-by-ranking/,https://ayumilove.net/raid-shadow-legends-basilisk-skill-mastery-equip-guide/,https://ayumilove.net/files/games/raid_shadow_legends/champion/Basilisk.jpg,data/raw/pages/raid_shadow_legends_basilisk_skill_mastery_equip_guide.html,data/raw/images/basilisk_4d26e4505a.jpg,data/processed/icons/basilisk.png,data/processed/debug/basilisk_crop_debug.jpg,"14,378,197,532",48,64
basim_ibn_ishaq,Basim Ibn Ishaq,A,SO-LAF,SO,The Sacred Order,L,Legendary,A,Attack,F,Force,132,https://ayumilove.net/raid-shadow-legends-list-of-champions-by-ranking/,https://ayumilove.net/raid-shadow-legends-basim-ibn-ishaq-skill-mastery-equip-guide/,https://ayumilove.net/files/games/raid_shadow_legends/champion/Basim_Ibn_Ishaq.jpg,data/raw/pages/raid_shadow_legends_basim_ibn_ishaq_skill_mastery_equip_guide.html,data/raw/images/basim_ibn_ishaq_4e047bc17b.jpg,data/processed/icons/basim_ibn_ishaq.png,data/processed/debug/basim_ibn_ishaq_crop_debug.jpg,"14,378,197,532",48,64
battle_sister,Battle Sister,C,SO-UAM,SO,The Sacred Order,U,Uncommon,A,Attack,M,Magic,964,https://ayumilove.net/raid-shadow-legends-list-of-champions-by-ranking/,https://ayumilove.net/raid-shadow-legends-battle-sister-skill-mastery-equip-guide/,https://ayumilove.net/files/games/raid_shadow_legends/champion/Battle_Sister.jpg,data/raw/pages/raid_shadow_legends_battle_sister_skill_mastery_equip_guide.html,data/raw/images/battle_sister_6c98611df3.jpg,data/processed/icons/battle_sister.png,data/processed/debug/battle_sister_crop_debug.jpg,"14,378,197,532",48,64
battlesage,Battlesage,A,HE-ESV,HE,High Elves,E,Epic,S,Support,V,Void,437,https://ayumilove.net/raid-shadow-legends-list-of-champions-by-ranking/,https://ayumilove.net/raid-shadow-legends-battlesage-skill-mastery-equip-guide/,https://ayumilove.net/files/games/raid_shadow_legends/champion/Battlesage.jpg,data/raw/pages/raid_shadow_legends_battlesage_skill_mastery_equip_guide.html,data/raw/images/battlesage_99963c5bfa.jpg,data/processed/icons/battlesage.png,data/processed/debug/battlesage_crop_debug.jpg,"14,378,197,532",48,64
bayek,Bayek,S,BA-LDV,BA,Barbarians,L,Legendary,D,Defense,V,Void,45,https://ayumilove.net/raid-shadow-legends-list-of-champions-by-ranking/,https://ayumilove.net/raid-shadow-legends-bayek-skill-mastery-equip-guide/,https://ayumilove.net/files/games/raid_shadow_legends/champion/Bayek.jpg,data/raw/pages/raid_shadow_legends_bayek_skill_mastery_equip_guide.html,data/raw/images/bayek_b4e60ffad3.jpg,data/processed/icons/bayek.png,data/processed/debug/bayek_crop_debug.jpg,"14,378,197,532",48,64
beast_wrestler,Beast Wrestler,F,DW-RAF,DW,Dwarves,R,Rare,A,Attack,F,Force,878,https://ayumilove.net/raid-shadow-legends-list-of-champions-by-ranking/,https://ayumilove.net/raid-shadow-legends-beast-wrestler-skill-mastery-equip-guide/,https://ayumilove.net/files/games/raid_shadow_legends/champion/Beast_Wrestler.jpg,data/raw/pages/raid_shadow_legends_beast_wrestler_skill_mastery_equip_guide.html,data/raw/images/beast_wrestler_a7a15ba6b2.jpg,data/processed/icons/beast_wrestler.png,data/processed/debug/beast_wrestler_crop_debug.jpg,"14,378,197,532",48,64
belanor,Belanor,A,HE-LAV,HE,High Elves,L,Legendary,A,Attack,V,Void,133,https://ayumilove.net/raid-shadow-legends-list-of-champions-by-ranking/,https://ayumilove.net/raid-shadow-legends-belanor-skill-mastery-equip-guide/,https://ayumilove.net/files/games/raid_shadow_legends/champion/Belanor.jpg,data/raw/pages/raid_shadow_legends_belanor_skill_mastery_equip_guide.html,data/raw/images/belanor_2fb3246ddf.jpg,data/processed/icons/belanor.png,data/processed/debug/belanor_crop_debug.jpg,"14,378,197,532",48,64
belletar_mage_slayer,Belletar Mage Slayer,A,OT-LHV,OT,Ogryn Tribes,L,Legendary,H,HP,V,Void,134,https://ayumilove.net/raid-shadow-legends-list-of-champions-by-ranking/,https://ayumilove.net/raid-shadow-legends-belletar-mage-slayer-skill-mastery-equip-guide/,https://ayumilove.net/files/games/raid_shadow_legends/champion/Belletar_Mage_Slayer.jpg,data/raw/pages/raid_shadow_legends_belletar_mage_slayer_skill_mastery_equip_guide.html,data/raw/images/belletar_mage_slayer_1ae0c4da45.jpg,data/processed/icons/belletar_mage_slayer.png,data/processed/debug/belletar_mage_slayer_crop_debug.jpg,"14,378,197,532",48,64
bellower,Bellower,A,OT-RSV,OT,Ogryn Tribes,R,Rare,S,Support,V,Void,706,https://ayumilove.net/raid-shadow-legends-list-of-champions-by-ranking/,https://ayumilove.net/raid-shadow-legends-bellower-skill-mastery-equip-guide/,https://ayumilove.net/files/games/raid_shadow_legends/champion/Bellower.jpg,data/raw/pages/raid_shadow_legends_bellower_skill_mastery_equip_guide.html,data/raw/images/bellower_a1100ba1b2.jpg,data/processed/icons/bellower.png,data/processed/debug/bellower_crop_debug.jpg,"14,378,197,532",48,64
belz_the_reckoner,Belz the Reckoner,A,OR-LHS,OR,Orcs,L,Legendary,H,HP,S,Spirit,135,https://ayumilove.net/raid-shadow-legends-list-of-champions-by-ranking/,https://ayumilove.net/raid-shadow-legends-belz-the-reckoner-skill-mastery-equip-guide/,https://ayumilove.net/files/games/raid_shadow_legends/champion/Belz_the_Reckoner.jpg,data/raw/pages/raid_shadow_legends_belz_the_reckoner_skill_mastery_equip_guide.html,data/raw/images/belz_the_reckoner_f5b9e0b1cc.jpg,data/processed/icons/belz_the_reckoner.png,data/processed/debug/belz_the_reckoner_crop_debug.jpg,"14,378,197,532",48,64
bergoth_the_malformed,Bergoth the Malformed,C,KR-EHS,KR,Knights Revenant,E,Epic,H,HP,S,Spirit,644,https://ayumilove.net/raid-shadow-legends-list-of-champions-by-ranking/,https://ayumilove.net/raid-shadow-legends-bergoth-the-malformed-skill-mastery-equip-guide/,https://ayumilove.net/files/games/raid_shadow_legends/champion/Bergoth_the_Malformed.jpg,data/raw/pages/raid_shadow_legends_bergoth_the_malformed_skill_mastery_equip_guide.html,data/raw/images/bergoth_the_malformed_a0127c0c63.jpg,data/processed/icons/bergoth_the_malformed.png,data/processed/debug/bergoth_the_malformed_crop_debug.jpg,"14,378,197,532",48,64
berserker,Berserker,C,BA-RAS,BA,Barbarians,R,Rare,A,Attack,S,Spirit,784,https://ayumilove.net/raid-shadow-legends-list-of-champions-by-ranking/,https://ayumilove.net/raid-shadow-legends-berserker-skill-mastery-equip-guide/,https://ayumilove.net/files/games/raid_shadow_legends/champion/Berserker.jpg,data/raw/pages/raid_shadow_legends_berserker_skill_mastery_equip_guide.html,data/raw/images/berserker_7cd2c490fd.jpg,data/processed/icons/berserker.png,data/processed/debug/berserker_crop_debug.jpg,"14,378,197,532",48,64
big_un,Big Un,A,OT-LAM,OT,Ogryn Tribes,L,Legendary,A,Attack,M,Magic,136,https://ayumilove.net/raid-shadow-legends-list-of-champions-by-ranking/,https://ayumilove.net/raid-shadow-legends-big-un-skill-mastery-equip-guide/,https://ayumilove.net/files/games/raid_shadow_legends/champion/Big_Un.jpg,data/raw/pages/raid_shadow_legends_big_un_skill_mastery_equip_guide.html,data/raw/images/big_un_d905b1937c.jpg,data/processed/icons/big_un.png,data/processed/debug/big_un_crop_debug.jpg,"14,378,197,532",48,64
bivald_of_the_thorn,Bivald of the Thorn,B,SO-LHS,SO,The Sacred Order,L,Legendary,H,HP,S,Spirit,303,https://ayumilove.net/raid-shadow-legends-list-of-champions-by-ranking/,https://ayumilove.net/raid-shadow-legends-bivald-of-the-thorn-skill-mastery-equip-guide/,https://ayumilove.net/files/games/raid_shadow_legends/champion/Bivald_of_the_Thorn.jpg,data/raw/pages/raid_shadow_legends_bivald_of_the_thorn_skill_mastery_equip_guide.html,data/raw/images/bivald_of_the_thorn_e3ab25039d.jpg,data/processed/icons/bivald_of_the_thorn.png,data/processed/debug/bivald_of_the_thorn_crop_debug.jpg,"14,378,197,532",48,64
black_knight,Black Knight,A,BL-LHF,BL,Banner Lords,L,Legendary,H,HP,F,Force,137,https://ayumilove.net/raid-shadow-legends-list-of-champions-by-ranking/,https://ayumilove.net/raid-shadow-legends-black-knight-skill-mastery-equip-guide/,https://ayumilove.net/files/games/raid_shadow_legends/champion/Black_Knight.jpg,data/raw/pages/raid_shadow_legends_black_knight_skill_mastery_equip_guide.html,data/raw/images/black_knight_9eca1a0301.jpg,data/processed/icons/black_knight.png,data/processed/debug/black_knight_crop_debug.jpg,"14,378,197,532",48,64
bladechorister_caldor,Bladechorister Caldor,S,SY-LAS,SY,Sylvan Watchers,L,Legendary,A,Attack,S,Spirit,46,https://ayumilove.net/raid-shadow-legends-list-of-champions-by-ranking/,https://ayumilove.net/raid-shadow-legends-bladechorister-caldor-skill-mastery-equip-guide/,https://ayumilove.net/files/games/raid_shadow_legends/champion/Bladechorister_Caldor.jpg,data/raw/pages/raid_shadow_legends_bladechorister_caldor_skill_mastery_equip_guide.html,data/raw/images/bladechorister_caldor_1c7182e17c.jpg,data/processed/icons/bladechorister_caldor.png,data/processed/debug/bladechorister_caldor_crop_debug.jpg,"14,378,197,532",48,64
bladerider,Bladerider,B,AR-RAM,AR,Argonites,R,Rare,A,Attack,M,Magic,719,https://ayumilove.net/raid-shadow-legends-list-of-champions-by-ranking/,https://ayumilove.net/raid-shadow-legends-bladerider-skill-mastery-equip-guide/,https://ayumilove.net/files/games/raid_shadow_legends/champion/Bladerider.jpg,data/raw/pages/raid_shadow_legends_bladerider_skill_mastery_equip_guide.html,data/raw/images/bladerider_fe949aebe1.jpg,data/processed/icons/bladerider.png,data/processed/debug/bladerider_crop_debug.jpg,"14,378,197,532",48,64
blind_seer,Blind Seer,A,DE-LSV,DE,Dark Elves,L,Legendary,S,Support,V,Void,138,https://ayumilove.net/raid-shadow-legends-list-of-champions-by-ranking/,https://ayumilove.net/raid-shadow-legends-blind-seer-skill-mastery-equip-guide/,https://ayumilove.net/files/games/raid_shadow_legends/champion/Blind_Seer.jpg,data/raw/pages/raid_shadow_legends_blind_seer_skill_mastery_equip_guide.html,data/raw/images/blind_seer_c8d8bc9761.jpg,data/processed/icons/blind_seer.png,data/processed/debug/blind_seer_crop_debug.jpg,"14,378,197,532",48,64
blizaar_the_howler,Blizaar the Howler,A,OT-LDS,OT,Ogryn Tribes,L,Legendary,D,Defense,S,Spirit,139,https://ayumilove.net/raid-shadow-legends-list-of-champions-by-ranking/,https://ayumilove.net/raid-shadow-legends-blizaar-the-howler-skill-mastery-equip-guide/,https://ayumilove.net/files/games/raid_shadow_legends/champion/Blizaar_the_Howler.jpg,data/raw/pages/raid_shadow_legends_blizaar_the_howler_skill_mastery_equip_guide.html,data/raw/images/blizaar_the_howler_748ea178e0.jpg,data/processed/icons/blizaar_the_howler.png,data/processed/debug/blizaar_the_howler_crop_debug.jpg,"14,378,197,532",48,64
blood_marchioness_mina,Blood Marchioness Mina,A,UH-MAM,UH,Undead Hordes,M,Mythical,A,Attack,M,Magic,22,https://ayumilove.net/raid-shadow-legends-list-of-champions-by-ranking/,https://ayumilove.net/raid-shadow-legends-blood-marchioness-mina-skill-mastery-equip-guide/,https://ayumilove.net/files/games/raid_shadow_legends/champion/Blood_Marchioness_Mina.jpg,data/raw/pages/raid_shadow_legends_blood_marchioness_mina_skill_mastery_equip_guide.html,data/raw/images/blood_marchioness_mina_cbae21b1ed.jpg,data/processed/icons/blood_marchioness_mina.png,data/processed/debug/blood_marchioness_mina_crop_debug.jpg,"14,378,197,532",48,64
bloodbraid,Bloodbraid,C,BA-RHS,BA,Barbarians,R,Rare,H,HP,S,Spirit,785,https://ayumilove.net/raid-shadow-legends-list-of-champions-by-ranking/,https://ayumilove.net/raid-shadow-legends-bloodbraid-skill-mastery-equip-guide/,https://ayumilove.net/files/games/raid_shadow_legends/champion/Bloodbraid.jpg,data/raw/pages/raid_shadow_legends_bloodbraid_skill_mastery_equip_guide.html,data/raw/images/bloodbraid_9f2bc20cab.jpg,data/processed/icons/bloodbraid.png,data/processed/debug/bloodbraid_crop_debug.jpg,"14,378,197,532",48,64
bloodfeather,Bloodfeather,B,OR-EAF,OR,Orcs,E,Epic,A,Attack,F,Force,503,https://ayumilove.net/raid-shadow-legends-list-of-champions-by-ranking/,https://ayumilove.net/raid-shadow-legends-bloodfeather-skill-mastery-equip-guide/,https://ayumilove.net/files/games/raid_shadow_legends/champion/Bloodfeather.jpg,data/raw/pages/raid_shadow_legends_bloodfeather_skill_mastery_equip_guide.html,data/raw/images/bloodfeather_c4918937e2.jpg,data/processed/icons/bloodfeather.png,data/processed/debug/bloodfeather_crop_debug.jpg,"14,378,197,532",48,64
bloodgorged,Bloodgorged,A,UH-LAF,UH,Undead Hordes,L,Legendary,A,Attack,F,Force,140,https://ayumilove.net/raid-shadow-legends-list-of-champions-by-ranking/,https://ayumilove.net/raid-shadow-legends-bloodgorged-skill-mastery-equip-guide/,https://ayumilove.net/files/games/raid_shadow_legends/champion/Bloodgorged.jpg,data/raw/pages/raid_shadow_legends_bloodgorged_skill_mastery_equip_guide.html,data/raw/images/bloodgorged_01000c24a0.jpg,data/processed/icons/bloodgorged.png,data/processed/debug/bloodgorged_crop_debug.jpg,"14,378,197,532",48,64
bloodhorn,Bloodhorn,F,SW-RHV,SW,Skinwalkers,R,Rare,H,HP,V,Void,879,https://ayumilove.net/raid-shadow-legends-list-of-champions-by-ranking/,https://ayumilove.net/raid-shadow-legends-bloodhorn-skill-mastery-equip-guide/,https://ayumilove.net/files/games/raid_shadow_legends/champion/Bloodhorn.jpg,data/raw/pages/raid_shadow_legends_bloodhorn_skill_mastery_equip_guide.html,data/raw/images/bloodhorn_16489dd9a5.jpg,data/processed/icons/bloodhorn.png,data/processed/debug/bloodhorn_crop_debug.jpg,"14,378,197,532",48,64
bloodmask,Bloodmask,F,SK-RHF,SK,Shadowkin,R,Rare,H,HP,F,Force,880,https://ayumilove.net/raid-shadow-legends-list-of-champions-by-ranking/,https://ayumilove.net/raid-shadow-legends-bloodmask-skill-mastery-equip-guide/,https://ayumilove.net/files/games/raid_shadow_legends/champion/Bloodmask.jpg,data/raw/pages/raid_shadow_legends_bloodmask_skill_mastery_equip_guide.html,data/raw/images/bloodmask_18df23ca09.jpg,data/processed/icons/bloodmask.png,data/processed/debug/bloodmask_crop_debug.jpg,"14,378,197,532",48,64
bloodpainter,Bloodpainter,C,SW-RAF,SW,Skinwalkers,R,Rare,A,Attack,F,Force,786,https://ayumilove.net/raid-shadow-legends-list-of-champions-by-ranking/,https://ayumilove.net/raid-shadow-legends-bloodpainter-skill-mastery-equip-guide/,https://ayumilove.net/files/games/raid_shadow_legends/champion/Bloodpainter.jpg,data/raw/pages/raid_shadow_legends_bloodpainter_skill_mastery_equip_guide.html,data/raw/images/bloodpainter_69b55d1a03.jpg,data/processed/icons/bloodpainter.png,data/processed/debug/bloodpainter_crop_debug.jpg,"14,378,197,532",48,64
bogwalker,Bogwalker,B,LZ-RDF,LZ,Lizardmen,R,Rare,D,Defense,F,Force,720,https://ayumilove.net/raid-shadow-legends-list-of-champions-by-ranking/,https://ayumilove.net/raid-shadow-legends-bogwalker-skill-mastery-equip-guide/,https://ayumilove.net/files/games/raid_shadow_legends/champion/Bogwalker.jpg,data/raw/pages/raid_shadow_legends_bogwalker_skill_mastery_equip_guide.html,data/raw/images/bogwalker_9221478e20.jpg,data/processed/icons/bogwalker.png,data/processed/debug/bogwalker_crop_debug.jpg,"14,378,197,532",48,64
bolint_freewalker,Bolint Freewalker,A,SW-LHF,SW,Skinwalkers,L,Legendary,H,HP,F,Force,141,https://ayumilove.net/raid-shadow-legends-list-of-champions-by-ranking/,https://ayumilove.net/raid-shadow-legends-bolint-freewalker-skill-mastery-equip-guide/,https://ayumilove.net/files/games/raid_shadow_legends/champion/Bolint_Freewalker.jpg,data/raw/pages/raid_shadow_legends_bolint_freewalker_skill_mastery_equip_guide.html,data/raw/images/bolint_freewalker_b0d88a79fb.jpg,data/processed/icons/bolint_freewalker.png,data/processed/debug/bolint_freewalker_crop_debug.jpg,"14,378,197,532",48,64
boltsmith,Boltsmith,B,DW-RAF,DW,Dwarves,R,Rare,A,Attack,F,Force,721,https://ayumilove.net/raid-shadow-legends-list-of-champions-by-ranking/,https://ayumilove.net/raid-shadow-legends-boltsmith-skill-mastery-equip-guide/,https://ayumilove.net/files/games/raid_shadow_legends/champion/Boltsmith.jpg,data/raw/pages/raid_shadow_legends_boltsmith_skill_mastery_equip_guide.html,data/raw/images/boltsmith_91866c9275.jpg,data/processed/icons/boltsmith.png,data/processed/debug/boltsmith_crop_debug.jpg,"14,378,197,532",48,64
bombardier,Bombardier,F,BL-RAF,BL,Banner Lords,R,Rare,A,Attack,F,Force,881,https://ayumilove.net/raid-shadow-legends-list-of-champions-by-ranking/,https://ayumilove.net/raid-shadow-legends-bombardier-skill-mastery-equip-guide/,https://ayumilove.net/files/games/raid_shadow_legends/champion/Bombardier.jpg,data/raw/pages/raid_shadow_legends_bombardier_skill_mastery_equip_guide.html,data/raw/images/bombardier_2322c988c3.jpg,data/processed/icons/bombardier.png,data/processed/debug/bombardier_crop_debug.jpg,"14,378,197,532",48,64
bone_knight,Bone Knight,B,UH-RAS,UH,Undead Hordes,R,Rare,A,Attack,S,Spirit,722,https://ayumilove.net/raid-shadow-legends-list-of-champions-by-ranking/,https://ayumilove.net/raid-shadow-legends-bone-knight-skill-mastery-equip-guide/,https://ayumilove.net/files/games/raid_shadow_legends/champion/Bone_Knight.jpg,data/raw/pages/raid_shadow_legends_bone_knight_skill_mastery_equip_guide.html,data/raw/images/bone_knight_297391ca8f.jpg,data/processed/icons/bone_knight.png,data/processed/debug/bone_knight_crop_debug.jpg,"14,378,197,532",48,64
bonekeeper,Bonekeeper,B,OR-EAF,OR,Orcs,E,Epic,A,Attack,F,Force,504,https://ayumilove.net/raid-shadow-legends-list-of-champions-by-ranking/,https://ayumilove.net/raid-shadow-legends-bonekeeper-skill-mastery-equip-guide/,https://ayumilove.net/files/games/raid_shadow_legends/champion/Bonekeeper.jpg,data/raw/pages/raid_shadow_legends_bonekeeper_skill_mastery_equip_guide.html,data/raw/images/bonekeeper_6abd68856d.jpg,data/processed/icons/bonekeeper.png,data/processed/debug/bonekeeper_crop_debug.jpg,"14,378,197,532",48,64
boragar_the_elder,Boragar the Elder,A,DW-LHF,DW,Dwarves,L,Legendary,H,HP,F,Force,142,https://ayumilove.net/raid-shadow-legends-list-of-champions-by-ranking/,https://ayumilove.net/raid-shadow-legends-boragar-the-elder-skill-mastery-equip-guide/,https://ayumilove.net/files/games/raid_shadow_legends/champion/Boragar_the_Elder.jpg,data/raw/pages/raid_shadow_legends_boragar_the_elder_skill_mastery_equip_guide.html,data/raw/images/boragar_the_elder_0ba85b54d1.jpg,data/processed/icons/boragar_the_elder.png,data/processed/debug/boragar_the_elder_crop_debug.jpg,"14,378,197,532",48,64
boughsmith_flannan,Boughsmith Flannan,B,SY-RDF,SY,Sylvan Watchers,R,Rare,D,Defense,F,Force,723,https://ayumilove.net/raid-shadow-legends-list-of-champions-by-ranking/,https://ayumilove.net/raid-shadow-legends-boughsmith-flannan-skill-mastery-equip-guide/,https://ayumilove.net/files/games/raid_shadow_legends/champion/Boughsmith_Flannan.jpg,data/raw/pages/raid_shadow_legends_boughsmith_flannan_skill_mastery_equip_guide.html,data/raw/images/boughsmith_flannan_4cd260384a.jpg,data/processed/icons/boughsmith_flannan.png,data/processed/debug/boughsmith_flannan_crop_debug.jpg,"14,378,197,532",48,64
bovos_sharphorn,Bovos Sharphorn,B,SW-ESS,SW,Skinwalkers,E,Epic,S,Support,S,Spirit,505,https://ayumilove.net/raid-shadow-legends-list-of-champions-by-ranking/,https://ayumilove.net/raid-shadow-legends-bovos-sharphorn-skill-mastery-equip-guide/,https://ayumilove.net/files/games/raid_shadow_legends/champion/Bovos_Sharphorn.jpg,data/raw/pages/raid_shadow_legends_bovos_sharphorn_skill_mastery_equip_guide.html,data/raw/images/bovos_sharphorn_3fd10b419b.jpg,data/processed/icons/bovos_sharphorn.png,data/processed/debug/bovos_sharphorn_crop_debug.jpg,"14,378,197,532",48,64
bowf_the_rancid,Bowf the Rancid,A,SW-EHS,SW,Skinwalkers,E,Epic,H,HP,S,Spirit,438,https://ayumilove.net/raid-shadow-legends-list-of-champions-by-ranking/,https://ayumilove.net/raid-shadow-legends-bowf-the-rancid-skill-mastery-equip-guide/,https://ayumilove.net/files/games/raid_shadow_legends/champion/Bowf_the_Rancid.jpg,data/raw/pages/raid_shadow_legends_bowf_the_rancid_skill_mastery_equip_guide.html,data/raw/images/bowf_the_rancid_6e60c93d9f.jpg,data/processed/icons/bowf_the_rancid.png,data/processed/debug/bowf_the_rancid_crop_debug.jpg,"14,378,197,532",48,64
brakus_the_shifter,Brakus the Shifter,A,SW-LAF,SW,Skinwalkers,L,Legendary,A,Attack,F,Force,143,https://ayumilove.net/raid-shadow-legends-list-of-champions-by-ranking/,https://ayumilove.net/raid-shadow-legends-brakus-the-shifter-skill-mastery-equip-guide/,https://ayumilove.net/files/games/raid_shadow_legends/champion/Brakus_the_Shifter.jpg,data/raw/pages/raid_shadow_legends_brakus_the_shifter_skill_mastery_equip_guide.html,data/raw/images/brakus_the_shifter_959cf8b099.jpg,data/processed/icons/brakus_the_shifter.png,data/processed/debug/brakus_the_shifter_crop_debug.jpg,"14,378,197,532",48,64
branch_arm_lasair,Branch-Arm Lasair,B,SY-RHV,SY,Sylvan Watchers,R,Rare,H,HP,V,Void,724,https://ayumilove.net/raid-shadow-legends-list-of-champions-by-ranking/,https://ayumilove.net/raid-shadow-legends-branch-arm-lasair-skill-mastery-equip-guide/,https://ayumilove.net/files/games/raid_shadow_legends/champion/Branch_Arm_Lasair.jpg,data/raw/pages/raid_shadow_legends_branch_arm_lasair_skill_mastery_equip_guide.html,data/raw/images/branch_arm_lasair_42ffd7ec5e.jpg,data/processed/icons/branch_arm_lasair.png,data/processed/debug/branch_arm_lasair_crop_debug.jpg,"14,378,197,532",48,64
branchweaver,Branchweaver,C,SY-USS,SY,Sylvan Watchers,U,Uncommon,S,Support,S,Spirit,965,https://ayumilove.net/raid-shadow-legends-list-of-champions-by-ranking/,https://ayumilove.net/raid-shadow-legends-branchweaver-skill-mastery-equip-guide/,https://ayumilove.net/files/games/raid_shadow_legends/champion/Branchweaver.jpg,data/raw/pages/raid_shadow_legends_branchweaver_skill_mastery_equip_guide.html,data/raw/images/branchweaver_4079ab4cc3.jpg,data/processed/icons/branchweaver.png,data/processed/debug/branchweaver_crop_debug.jpg,"14,378,197,532",48,64
brewguard_jeroboam,Brewguard Jeroboam,A,OT-LDF,OT,Ogryn Tribes,L,Legendary,D,Defense,F,Force,144,https://ayumilove.net/raid-shadow-legends-list-of-champions-by-ranking/,https://ayumilove.net/raid-shadow-legends-brewguard-jeroboam-skill-mastery-equip-guide/,https://ayumilove.net/files/games/raid_shadow_legends/champion/Brewguard_Jeroboam.jpg,data/raw/pages/raid_shadow_legends_brewguard_jeroboam_skill_mastery_equip_guide.html,data/raw/images/brewguard_jeroboam_2d39be1286.jpg,data/processed/icons/brewguard_jeroboam.png,data/processed/debug/brewguard_jeroboam_crop_debug.jpg,"14,378,197,532",48,64
broadmaw,Broadmaw,B,LZ-ESV,LZ,Lizardmen,E,Epic,S,Support,V,Void,506,https://ayumilove.net/raid-shadow-legends-list-of-champions-by-ranking/,https://ayumilove.net/raid-shadow-legends-broadmaw-skill-mastery-equip-guide/,https://ayumilove.net/files/games/raid_shadow_legends/champion/Broadmaw.jpg,data/raw/pages/raid_shadow_legends_broadmaw_skill_mastery_equip_guide.html,data/raw/images/broadmaw_5965b3599a.jpg,data/processed/icons/broadmaw.png,data/processed/debug/broadmaw_crop_debug.jpg,"14,378,197,532",48,64
broodlord,Broodlord,C,LZ-EDF,LZ,Lizardmen,E,Epic,D,Defense,F,Force,645,https://ayumilove.net/raid-shadow-legends-list-of-champions-by-ranking/,https://ayumilove.net/raid-shadow-legends-broodlord-skill-mastery-equip-guide/,https://ayumilove.net/files/games/raid_shadow_legends/champion/Broodlord.jpg,data/raw/pages/raid_shadow_legends_broodlord_skill_mastery_equip_guide.html,data/raw/images/broodlord_fcc0935c76.jpg,data/processed/icons/broodlord.png,data/processed/debug/broodlord_crop_debug.jpg,"14,378,197,532",48,64
brute,Brute,A,OT-UAM,OT,Ogryn Tribes,U,Uncommon,A,Attack,M,Magic,941,https://ayumilove.net/raid-shadow-legends-list-of-champions-by-ranking/,https://ayumilove.net/raid-shadow-legends-brute-skill-mastery-equip-guide/,https://ayumilove.net/files/games/raid_shadow_legends/champion/Brute.jpg,data/raw/pages/raid_shadow_legends_brute_skill_mastery_equip_guide.html,data/raw/images/brute_1615ac5f30.jpg,data/processed/icons/brute.png,data/processed/debug/brute_crop_debug.jpg,"14,378,197,532",48,64
bully,Bully,F,BA-CDS,BA,Barbarians,C,Common,D,Defense,S,Spirit,1012,https://ayumilove.net/raid-shadow-legends-list-of-champions-by-ranking/,https://ayumilove.net/raid-shadow-legends-bully-skill-mastery-equip-guide/,https://ayumilove.net/files/games/raid_shadow_legends/champion/Bully.jpg,data/raw/pages/raid_shadow_legends_bully_skill_mastery_equip_guide.html,data/raw/images/bully_6dacfd56bc.jpg,data/processed/icons/bully.png,data/processed/debug/bully_crop_debug.jpg,"14,378,197,532",48,64
bulwark,Bulwark,C,DW-RDV,DW,Dwarves,R,Rare,D,Defense,V,Void,787,https://ayumilove.net/raid-shadow-legends-list-of-champions-by-ranking/,https://ayumilove.net/raid-shadow-legends-bulwark-skill-mastery-equip-guide/,https://ayumilove.net/files/games/raid_shadow_legends/champion/Bulwark.jpg,data/raw/pages/raid_shadow_legends_bulwark_skill_mastery_equip_guide.html,data/raw/images/bulwark_06da4a9e29.jpg,data/processed/icons/bulwark.png,data/processed/debug/bulwark_crop_debug.jpg,"14,378,197,532",48,64
burangiri,Burangiri,B,SK-EDF,SK,Shadowkin,E,Epic,D,Defense,F,Force,507,https://ayumilove.net/raid-shadow-legends-list-of-champions-by-ranking/,https://ayumilove.net/raid-shadow-legends-burangiri-skill-mastery-equip-guide/,https://ayumilove.net/files/games/raid_shadow_legends/champion/Burangiri.jpg,data/raw/pages/raid_shadow_legends_burangiri_skill_mastery_equip_guide.html,data/raw/images/burangiri_0a3cd9f419.jpg,data/processed/icons/burangiri.png,data/processed/debug/burangiri_crop_debug.jpg,"14,378,197,532",48,64
bushi,Bushi,C,SO-EAS,SO,The Sacred Order,E,Epic,A,Attack,S,Spirit,646,https://ayumilove.net/raid-shadow-legends-list-of-champions-by-ranking/,https://ayumilove.net/raid-shadow-legends-bushi-skill-mastery-equip-guide/,https://ayumilove.net/files/games/raid_shadow_legends/champion/Bushi.jpg,data/raw/pages/raid_shadow_legends_bushi_skill_mastery_equip_guide.html,data/raw/images/bushi_5bc808829c.jpg,data/processed/icons/bushi.png,data/processed/debug/bushi_crop_debug.jpg,"14,378,197,532",48,64
bystophus,Bystophus,B,KR-LAF,KR,Knights Revenant,L,Legendary,A,Attack,F,Force,304,https://ayumilove.net/raid-shadow-legends-list-of-champions-by-ranking/,https://ayumilove.net/raid-shadow-legends-bystophus-skill-mastery-equip-guide/,https://ayumilove.net/files/games/raid_shadow_legends/champion/Bystophus.jpg,data/raw/pages/raid_shadow_legends_bystophus_skill_mastery_equip_guide.html,data/raw/images/bystophus_5ffbc0e142.jpg,data/processed/icons/bystophus.png,data/processed/debug/bystophus_crop_debug.jpg,"14,378,197,532",48,64
cagebound,Cagebound,B,LZ-RDV,LZ,Lizardmen,R,Rare,D,Defense,V,Void,725,https://ayumilove.net/raid-shadow-legends-list-of-champions-by-ranking/,https://ayumilove.net/raid-shadow-legends-cagebound-skill-mastery-equip-guide/,https://ayumilove.net/files/games/raid_shadow_legends/champion/Cagebound.jpg,data/raw/pages/raid_shadow_legends_cagebound_skill_mastery_equip_guide.html,data/raw/images/cagebound_43b7b9faa5.jpg,data/processed/icons/cagebound.png,data/processed/debug/cagebound_crop_debug.jpg,"14,378,197,532",48,64
cagebreaker,Cagebreaker,B,OT-EAS,OT,Ogryn Tribes,E,Epic,A,Attack,S,Spirit,508,https://ayumilove.net/raid-shadow-legends-list-of-champions-by-ranking/,https://ayumilove.net/raid-shadow-legends-cagebreaker-skill-mastery-equip-guide/,https://ayumilove.net/files/games/raid_shadow_legends/champion/Cagebreaker.jpg,data/raw/pages/raid_shadow_legends_cagebreaker_skill_mastery_equip_guide.html,data/raw/images/cagebreaker_4ce3f90897.jpg,data/processed/icons/cagebreaker.png,data/processed/debug/cagebreaker_crop_debug.jpg,"14,378,197,532",48,64
candleguard,Candleguard,C,DW-RAM,DW,Dwarves,R,Rare,A,Attack,M,Magic,788,https://ayumilove.net/raid-shadow-legends-list-of-champions-by-ranking/,https://ayumilove.net/raid-shadow-legends-candleguard-skill-mastery-equip-guide/,https://ayumilove.net/files/games/raid_shadow_legends/champion/Candleguard.jpg,data/raw/pages/raid_shadow_legends_candleguard_skill_mastery_equip_guide.html,data/raw/images/candleguard_06d664112a.jpg,data/processed/icons/candleguard.png,data/processed/debug/candleguard_crop_debug.jpg,"14,378,197,532",48,64
candraphon,Candraphon,A,DS-LAF,DS,Demonspawn,L,Legendary,A,Attack,F,Force,145,https://ayumilove.net/raid-shadow-legends-list-of-champions-by-ranking/,https://ayumilove.net/raid-shadow-legends-candraphon-skill-mastery-equip-guide/,https://ayumilove.net/files/games/raid_shadow_legends/champion/Candraphon.jpg,data/raw/pages/raid_shadow_legends_candraphon_skill_mastery_equip_guide.html,data/raw/images/candraphon_b0682dbf27.jpg,data/processed/icons/candraphon.png,data/processed/debug/candraphon_crop_debug.jpg,"14,378,197,532",48,64
canoness,Canoness,B,SO-EDM,SO,The Sacred Order,E,Epic,D,Defense,M,Magic,509,https://ayumilove.net/raid-shadow-legends-list-of-champions-by-ranking/,https://ayumilove.net/raid-shadow-legends-canoness-skill-mastery-equip-guide/,https://ayumilove.net/files/games/raid_shadow_legends/champion/Canoness.jpg,data/raw/pages/raid_shadow_legends_canoness_skill_mastery_equip_guide.html,data/raw/images/canoness_e8c4582dad.jpg,data/processed/icons/canoness.png,data/processed/debug/canoness_crop_debug.jpg,"14,378,197,532",48,64
caoilte_the_asharrow,Caoilte the Asharrow,A,SY-LAM,SY,Sylvan Watchers,L,Legendary,A,Attack,M,Magic,146,https://ayumilove.net/raid-shadow-legends-list-of-champions-by-ranking/,https://ayumilove.net/raid-shadow-legends-caoilte-the-asharrow-skill-mastery-equip-guide/,https://ayumilove.net/files/games/raid_shadow_legends/champion/Caoilte_the_Asharrow.jpg,data/raw/pages/raid_shadow_legends_caoilte_the_asharrow_skill_mastery_equip_guide.html,data/raw/images/caoilte_the_asharrow_b8d8085da4.jpg,data/processed/icons/caoilte_the_asharrow.png,data/processed/debug/caoilte_the_asharrow_crop_debug.jpg,"14,378,197,532",48,64
captain_temila,Captain Temila,B,DE-EHM,DE,Dark Elves,E,Epic,H,HP,M,Magic,510,https://ayumilove.net/raid-shadow-legends-list-of-champions-by-ranking/,https://ayumilove.net/raid-shadow-legends-captain-temila-skill-mastery-equip-guide/,https://ayumilove.net/files/games/raid_shadow_legends/champion/Captain_Temila.jpg,data/raw/pages/raid_shadow_legends_captain_temila_skill_mastery_equip_guide.html,data/raw/images/captain_temila_76aaeb979b.jpg,data/processed/icons/captain_temila.png,data/processed/debug/captain_temila_crop_debug.jpg,"14,378,197,532",48,64
cardiel,Cardiel,S,SO-LSV,SO,The Sacred Order,L,Legendary,S,Support,V,Void,47,https://ayumilove.net/raid-shadow-legends-list-of-champions-by-ranking/,https://ayumilove.net/raid-shadow-legends-cardiel-skill-mastery-equip-guide/,https://ayumilove.net/files/games/raid_shadow_legends/champion/Cardiel.jpg,data/raw/pages/raid_shadow_legends_cardiel_skill_mastery_equip_guide.html,data/raw/images/cardiel_3cc067e9e3.jpg,data/processed/icons/cardiel.png,data/processed/debug/cardiel_crop_debug.jpg,"14,378,197,532",48,64
cardinal,Cardinal,B,SO-ESV,SO,The Sacred Order,E,Epic,S,Support,V,Void,511,https://ayumilove.net/raid-shadow-legends-list-of-champions-by-ranking/,https://ayumilove.net/raid-shadow-legends-cardinal-skill-mastery-equip-guide/,https://ayumilove.net/files/games/raid_shadow_legends/champion/Cardinal.jpg,data/raw/pages/raid_shadow_legends_cardinal_skill_mastery_equip_guide.html,data/raw/images/cardinal_24b658da6e.jpg,data/processed/icons/cardinal.png,data/processed/debug/cardinal_crop_debug.jpg,"14,378,197,532",48,64
carlinia,Carlinia,B,SO-ESS,SO,The Sacred Order,E,Epic,S,Support,S,Spirit,512,https://ayumilove.net/raid-shadow-legends-list-of-champions-by-ranking/,https://ayumilove.net/raid-shadow-legends-carlinia-skill-mastery-equip-guide/,https://ayumilove.net/files/games/raid_shadow_legends/champion/Carlinia.jpg,data/raw/pages/raid_shadow_legends_carlinia_skill_mastery_equip_guide.html,data/raw/images/carlinia_4d0d888541.jpg,data/processed/icons/carlinia.png,data/processed/debug/carlinia_crop_debug.jpg,"14,378,197,532",48,64
castigator,Castigator,C,SO-RHM,SO,The Sacred Order,R,Rare,H,HP,M,Magic,789,https://ayumilove.net/raid-shadow-legends-list-of-champions-by-ranking/,https://ayumilove.net/raid-shadow-legends-castigator-skill-mastery-equip-guide/,https://ayumilove.net/files/games/raid_shadow_legends/champion/Castigator.jpg,data/raw/pages/raid_shadow_legends_castigator_skill_mastery_equip_guide.html,data/raw/images/castigator_e56a696846.jpg,data/processed/icons/castigator.png,data/processed/debug/castigator_crop_debug.jpg,"14,378,197,532",48,64
catacomb_councilor,Catacomb Councilor,C,UH-EAM,UH,Undead Hordes,E,Epic,A,Attack,M,Magic,647,https://ayumilove.net/raid-shadow-legends-list-of-champions-by-ranking/,https://ayumilove.net/raid-shadow-legends-catacomb-councilor-skill-mastery-equip-guide/,https://ayumilove.net/files/games/raid_shadow_legends/champion/Catacomb_Councilor.jpg,data/raw/pages/raid_shadow_legends_catacomb_councilor_skill_mastery_equip_guide.html,data/raw/images/catacomb_councilor_1598cc7264.jpg,data/processed/icons/catacomb_councilor.png,data/processed/debug/catacomb_councilor_crop_debug.jpg,"14,378,197,532",48,64
cataphract,Cataphract,F,BL-RHS,BL,Banner Lords,R,Rare,H,HP,S,Spirit,882,https://ayumilove.net/raid-shadow-legends-list-of-champions-by-ranking/,https://ayumilove.net/raid-shadow-legends-cataphract-skill-mastery-equip-guide/,https://ayumilove.net/files/games/raid_shadow_legends/champion/Cataphract.jpg,data/raw/pages/raid_shadow_legends_cataphract_skill_mastery_equip_guide.html,data/raw/images/cataphract_3432f21bfe.jpg,data/processed/icons/cataphract.png,data/processed/debug/cataphract_crop_debug.jpg,"14,378,197,532",48,64
cecilia_the_red_hope,Cecilia the Red Hope,S,BL-LDV,BL,Banner Lords,L,Legendary,D,Defense,V,Void,48,https://ayumilove.net/raid-shadow-legends-list-of-champions-by-ranking/,https://ayumilove.net/raid-shadow-legends-cecilia-the-red-hope-skill-mastery-equip-guide/,https://ayumilove.net/files/games/raid_shadow_legends/champion/Cecilia_the_Red_Hope.jpg,data/raw/pages/raid_shadow_legends_cecilia_the_red_hope_skill_mastery_equip_guide.html,data/raw/images/cecilia_the_red_hope_6b130b6c2c.jpg,data/processed/icons/cecilia_the_red_hope.png,data/processed/debug/cecilia_the_red_hope_crop_debug.jpg,"14,378,197,532",48,64
ceez,Ceez,B,OT-EAF,OT,Ogryn Tribes,E,Epic,A,Attack,F,Force,513,https://ayumilove.net/raid-shadow-legends-list-of-champions-by-ranking/,https://ayumilove.net/raid-shadow-legends-ceez-skill-mastery-equip-guide/,https://ayumilove.net/files/games/raid_shadow_legends/champion/Ceez.jpg,data/raw/pages/raid_shadow_legends_ceez_skill_mastery_equip_guide.html,data/raw/images/ceez_ac931023a9.jpg,data/processed/icons/ceez.png,data/processed/debug/ceez_crop_debug.jpg,"14,378,197,532",48,64
centurion,Centurion,C,KR-RDV,KR,Knights Revenant,R,Rare,D,Defense,V,Void,790,https://ayumilove.net/raid-shadow-legends-list-of-champions-by-ranking/,https://ayumilove.net/raid-shadow-legends-centurion-skill-mastery-equip-guide/,https://ayumilove.net/files/games/raid_shadow_legends/champion/Centurion.jpg,data/raw/pages/raid_shadow_legends_centurion_skill_mastery_equip_guide.html,data/raw/images/centurion_11a0059c33.jpg,data/processed/icons/centurion.png,data/processed/debug/centurion_crop_debug.jpg,"14,378,197,532",48,64
chaagur,Chaagur,S,LZ-LAV,LZ,Lizardmen,L,Legendary,A,Attack,V,Void,49,https://ayumilove.net/raid-shadow-legends-list-of-champions-by-ranking/,https://ayumilove.net/raid-shadow-legends-chaagur-skill-mastery-equip-guide/,https://ayumilove.net/files/games/raid_shadow_legends/champion/Chaagur.jpg,data/raw/pages/raid_shadow_legends_chaagur_skill_mastery_equip_guide.html,data/raw/images/chaagur_62823e0944.jpg,data/processed/icons/chaagur.png,data/processed/debug/chaagur_crop_debug.jpg,"14,378,197,532",48,64
chalco_the_blind,Chalco the Blind,A,DS-LAV,DS,Demonspawn,L,Legendary,A,Attack,V,Void,147,https://ayumilove.net/raid-shadow-legends-list-of-champions-by-ranking/,https://ayumilove.net/raid-shadow-legends-chalco-the-blind-skill-mastery-equip-guide/,https://ayumilove.net/files/games/raid_shadow_legends/champion/Chalco_the_Blind.jpg,data/raw/pages/raid_shadow_legends_chalco_the_blind_skill_mastery_equip_guide.html,data/raw/images/chalco_the_blind_4fb7c341ad.jpg,data/processed/icons/chalco_the_blind.png,data/processed/debug/chalco_the_blind_crop_debug.jpg,"14,378,197,532",48,64
chancellor_yasmin,Chancellor Yasmin,A,BL-ESF,BL,Banner Lords,E,Epic,S,Support,F,Force,439,https://ayumilove.net/raid-shadow-legends-list-of-champions-by-ranking/,https://ayumilove.net/raid-shadow-legends-chancellor-yasmin-skill-mastery-equip-guide/,https://ayumilove.net/files/games/raid_shadow_legends/champion/Chancellor_Yasmin.jpg,data/raw/pages/raid_shadow_legends_chancellor_yasmin_skill_mastery_equip_guide.html,data/raw/images/chancellor_yasmin_44112a7eaf.jpg,data/processed/icons/chancellor_yasmin.png,data/processed/debug/chancellor_yasmin_crop_debug.jpg,"14,378,197,532",48,64
chani,Chani,C,SK-EAM,SK,Shadowkin,E,Epic,A,Attack,M,Magic,648,https://ayumilove.net/raid-shadow-legends-list-of-champions-by-ranking/,https://ayumilove.net/raid-shadow-legends-chani-skill-mastery-equip-guide/,https://ayumilove.net/files/games/raid_shadow_legends/champion/Chani.jpg,data/raw/pages/raid_shadow_legends_chani_skill_mastery_equip_guide.html,data/raw/images/chani_78543cf84c.jpg,data/processed/icons/chani.png,data/processed/debug/chani_crop_debug.jpg,"14,378,197,532",48,64
channeler,Channeler,C,SW-RSS,SW,Skinwalkers,R,Rare,S,Support,S,Spirit,791,https://ayumilove.net/raid-shadow-legends-list-of-champions-by-ranking/,https://ayumilove.net/raid-shadow-legends-channeler-skill-mastery-equip-guide/,https://ayumilove.net/files/games/raid_shadow_legends/champion/Channeler.jpg,data/raw/pages/raid_shadow_legends_channeler_skill_mastery_equip_guide.html,data/raw/images/channeler_27f9f3c556.jpg,data/processed/icons/channeler.png,data/processed/debug/channeler_crop_debug.jpg,"14,378,197,532",48,64
chaplain,Chaplain,C,SO-RSF,SO,The Sacred Order,R,Rare,S,Support,F,Force,792,https://ayumilove.net/raid-shadow-legends-list-of-champions-by-ranking/,https://ayumilove.net/raid-shadow-legends-chaplain-skill-mastery-equip-guide/,https://ayumilove.net/files/games/raid_shadow_legends/champion/Chaplain.jpg,data/raw/pages/raid_shadow_legends_chaplain_skill_mastery_equip_guide.html,data/raw/images/chaplain_9a2e2b7c80.jpg,data/processed/icons/chaplain.png,data/processed/debug/chaplain_crop_debug.jpg,"14,378,197,532",48,64
chemist,Chemist,C,DW-UAM,DW,Dwarves,U,Uncommon,A,Attack,M,Magic,966,https://ayumilove.net/raid-shadow-legends-list-of-champions-by-ranking/,https://ayumilove.net/raid-shadow-legends-chemist-skill-mastery-equip-guide/,https://ayumilove.net/files/games/raid_shadow_legends/champion/Chemist.jpg,data/raw/pages/raid_shadow_legends_chemist_skill_mastery_equip_guide.html,data/raw/images/chemist_f4d447a506.jpg,data/processed/icons/chemist.png,data/processed/debug/chemist_crop_debug.jpg,"14,378,197,532",48,64
cheshire_cat,Cheshire Cat,A,DS-LAS,DS,Demonspawn,L,Legendary,A,Attack,S,Spirit,148,https://ayumilove.net/raid-shadow-legends-list-of-champions-by-ranking/,https://ayumilove.net/raid-shadow-legends-cheshire-cat-skill-mastery-equip-guide/,https://ayumilove.net/files/games/raid_shadow_legends/champion/Cheshire_Cat.jpg,data/raw/pages/raid_shadow_legends_cheshire_cat_skill_mastery_equip_guide.html,data/raw/images/cheshire_cat_53888cb1ac.jpg,data/processed/icons/cheshire_cat.png,data/processed/debug/cheshire_cat_crop_debug.jpg,"14,378,197,532",48,64
chevalier,Chevalier,B,BL-RDV,BL,Banner Lords,R,Rare,D,Defense,V,Void,726,https://ayumilove.net/raid-shadow-legends-list-of-champions-by-ranking/,https://ayumilove.net/raid-shadow-legends-chevalier-skill-mastery-equip-guide/,https://ayumilove.net/files/games/raid_shadow_legends/champion/Chevalier.jpg,data/raw/pages/raid_shadow_legends_chevalier_skill_mastery_equip_guide.html,data/raw/images/chevalier_9a7979a61d.jpg,data/processed/icons/chevalier.png,data/processed/debug/chevalier_crop_debug.jpg,"14,378,197,532",48,64
chonoru,Chonoru,C,SK-EAS,SK,Shadowkin,E,Epic,A,Attack,S,Spirit,649,https://ayumilove.net/raid-shadow-legends-list-of-champions-by-ranking/,https://ayumilove.net/raid-shadow-legends-chonoru-skill-mastery-equip-guide/,https://ayumilove.net/files/games/raid_shadow_legends/champion/Chonoru.jpg,data/raw/pages/raid_shadow_legends_chonoru_skill_mastery_equip_guide.html,data/raw/images/chonoru_1cd4cdca01.jpg,data/processed/icons/chonoru.png,data/processed/debug/chonoru_crop_debug.jpg,"14,378,197,532",48,64
chopper,Chopper,C,OR-RAM,OR,Orcs,R,Rare,A,Attack,M,Magic,793,https://ayumilove.net/raid-shadow-legends-list-of-champions-by-ranking/,https://ayumilove.net/raid-shadow-legends-chopper-skill-mastery-equip-guide/,https://ayumilove.net/files/games/raid_shadow_legends/champion/Chopper.jpg,data/raw/pages/raid_shadow_legends_chopper_skill_mastery_equip_guide.html,data/raw/images/chopper_b53ebce4fe.jpg,data/processed/icons/chopper.png,data/processed/debug/chopper_crop_debug.jpg,"14,378,197,532",48,64
chronicler_adelyn,Chronicler Adelyn,B,BL-LSF,BL,Banner Lords,L,Legendary,S,Support,F,Force,305,https://ayumilove.net/raid-shadow-legends-list-of-champions-by-ranking/,https://ayumilove.net/raid-shadow-legends-chronicler-adelyn-skill-mastery-equip-guide/,https://ayumilove.net/files/games/raid_shadow_legends/champion/Chronicler_Adelyn.jpg,data/raw/pages/raid_shadow_legends_chronicler_adelyn_skill_mastery_equip_guide.html,data/raw/images/chronicler_adelyn_54a83c9f8a.jpg,data/processed/icons/chronicler_adelyn.png,data/processed/debug/chronicler_adelyn_crop_debug.jpg,"14,378,197,532",48,64
cillian_the_lucky,Cillian the Lucky,A,BL-LAM,BL,Banner Lords,L,Legendary,A,Attack,M,Magic,149,https://ayumilove.net/raid-shadow-legends-list-of-champions-by-ranking/,https://ayumilove.net/raid-shadow-legends-cillian-the-lucky-skill-mastery-equip-guide/,https://ayumilove.net/files/games/raid_shadow_legends/champion/Cillian_the_Lucky.jpg,data/raw/pages/raid_shadow_legends_cillian_the_lucky_skill_mastery_equip_guide.html,data/raw/images/cillian_the_lucky_c6a56c9d97.jpg,data/processed/icons/cillian_the_lucky.png,data/processed/debug/cillian_the_lucky_crop_debug.jpg,"14,378,197,532",48,64
cinda_forgeheart,Cinda Forgeheart,A,DW-MAF,DW,Dwarves,M,Mythical,A,Attack,F,Force,23,https://ayumilove.net/raid-shadow-legends-list-of-champions-by-ranking/,https://ayumilove.net/raid-shadow-legends-cinda-forgeheart-skill-mastery-equip-guide/,https://ayumilove.net/files/games/raid_shadow_legends/champion/Cinda_Forgeheart.jpg,data/raw/pages/raid_shadow_legends_cinda_forgeheart_skill_mastery_equip_guide.html,data/raw/images/cinda_forgeheart_8e394e5477.jpg,data/processed/icons/cinda_forgeheart.png,data/processed/debug/cinda_forgeheart_crop_debug.jpg,"14,378,197,532",48,64
claidna,Claidna,A,SY-LHV,SY,Sylvan Watchers,L,Legendary,H,HP,V,Void,150,https://ayumilove.net/raid-shadow-legends-list-of-champions-by-ranking/,https://ayumilove.net/raid-shadow-legends-claidna-skill-mastery-equip-guide/,https://ayumilove.net/files/games/raid_shadow_legends/champion/Claidna.jpg,data/raw/pages/raid_shadow_legends_claidna_skill_mastery_equip_guide.html,data/raw/images/claidna_63b22e72ff.jpg,data/processed/icons/claidna.png,data/processed/debug/claidna_crop_debug.jpg,"14,378,197,532",48,64
cleopterix,Cleopterix,B,SW-LAS,SW,Skinwalkers,L,Legendary,A,Attack,S,Spirit,306,https://ayumilove.net/raid-shadow-legends-list-of-champions-by-ranking/,https://ayumilove.net/raid-shadow-legends-cleopterix-skill-mastery-equip-guide/,https://ayumilove.net/files/games/raid_shadow_legends/champion/Cleopterix.jpg,data/raw/pages/raid_shadow_legends_cleopterix_skill_mastery_equip_guide.html,data/raw/images/cleopterix_62ea427ae7.jpg,data/processed/icons/cleopterix.png,data/processed/debug/cleopterix_crop_debug.jpg,"14,378,197,532",48,64
coffin_smasher,Coffin Smasher,B,KR-RHM,KR,Knights Revenant,R,Rare,H,HP,M,Magic,727,https://ayumilove.net/raid-shadow-legends-list-of-champions-by-ranking/,https://ayumilove.net/raid-shadow-legends-coffin-smasher-skill-mastery-equip-guide/,https://ayumilove.net/files/games/raid_shadow_legends/champion/Coffin_Smasher.jpg,data/raw/pages/raid_shadow_legends_coffin_smasher_skill_mastery_equip_guide.html,data/raw/images/coffin_smasher_2f56237b5d.jpg,data/processed/icons/coffin_smasher.png,data/processed/debug/coffin_smasher_crop_debug.jpg,"14,378,197,532",48,64
coldheart,Coldheart,S,DE-RAV,DE,Dark Elves,R,Rare,A,Attack,V,Void,703,https://ayumilove.net/raid-shadow-legends-list-of-champions-by-ranking/,https://ayumilove.net/raid-shadow-legends-coldheart-skill-mastery-equip-guide/,https://ayumilove.net/files/games/raid_shadow_legends/champion/Coldheart.jpg,data/raw/pages/raid_shadow_legends_coldheart_skill_mastery_equip_guide.html,data/raw/images/coldheart_d7aae32da5.jpg,data/processed/icons/coldheart.png,data/processed/debug/coldheart_crop_debug.jpg,"14,378,197,532",48,64
commander,Commander,A,BL-USF,BL,Banner Lords,U,Uncommon,S,Support,F,Force,942,https://ayumilove.net/raid-shadow-legends-list-of-champions-by-ranking/,https://ayumilove.net/raid-shadow-legends-commander-skill-mastery-equip-guide/,https://ayumilove.net/files/games/raid_shadow_legends/champion/Commander.jpg,data/raw/pages/raid_shadow_legends_commander_skill_mastery_equip_guide.html,data/raw/images/commander_b8cbc9e4a1.jpg,data/processed/icons/commander.png,data/processed/debug/commander_crop_debug.jpg,"14,378,197,532",48,64
conellia,Conellia,B,DW-ESM,DW,Dwarves,E,Epic,S,Support,M,Magic,514,https://ayumilove.net/raid-shadow-legends-list-of-champions-by-ranking/,https://ayumilove.net/raid-shadow-legends-conellia-skill-mastery-equip-guide/,https://ayumilove.net/files/games/raid_shadow_legends/champion/Conellia.jpg,data/raw/pages/raid_shadow_legends_conellia_skill_mastery_equip_guide.html,data/raw/images/conellia_07fe5a3965.jpg,data/processed/icons/conellia.png,data/processed/debug/conellia_crop_debug.jpg,"14,378,197,532",48,64
confessor,Confessor,C,SO-RAV,SO,The Sacred Order,R,Rare,A,Attack,V,Void,794,https://ayumilove.net/raid-shadow-legends-list-of-champions-by-ranking/,https://ayumilove.net/raid-shadow-legends-confessor-skill-mastery-equip-guide/,https://ayumilove.net/files/games/raid_shadow_legends/champion/Confessor.jpg,data/raw/pages/raid_shadow_legends_confessor_skill_mastery_equip_guide.html,data/raw/images/confessor_daf5fa8833.jpg,data/processed/icons/confessor.png,data/processed/debug/confessor_crop_debug.jpg,"14,378,197,532",48,64
conquerer,Conquerer,B,BL-RAS,BL,Banner Lords,R,Rare,A,Attack,S,Spirit,728,https://ayumilove.net/raid-shadow-legends-list-of-champions-by-ranking/,https://ayumilove.net/raid-shadow-legends-conquerer-skill-mastery-equip-guide/,https://ayumilove.net/files/games/raid_shadow_legends/champion/Conquerer.jpg,data/raw/pages/raid_shadow_legends_conquerer_skill_mastery_equip_guide.html,data/raw/images/conquerer_e7b1ce2b29.jpg,data/processed/icons/conquerer.png,data/processed/debug/conquerer_crop_debug.jpg,"14,378,197,532",48,64
conscript,Conscript,C,SK-UAS,SK,Shadowkin,U,Uncommon,A,Attack,S,Spirit,967,https://ayumilove.net/raid-shadow-legends-list-of-champions-by-ranking/,https://ayumilove.net/raid-shadow-legends-conscript-skill-mastery-equip-guide/,https://ayumilove.net/files/games/raid_shadow_legends/champion/Conscript.jpg,data/raw/pages/raid_shadow_legends_conscript_skill_mastery_equip_guide.html,data/raw/images/conscript_4cfd5255e1.jpg,data/processed/icons/conscript.png,data/processed/debug/conscript_crop_debug.jpg,"14,378,197,532",48,64
cormac_the_highpeak,Cormac the Highpeak,C,SY-EAM,SY,Sylvan Watchers,E,Epic,A,Attack,M,Magic,650,https://ayumilove.net/raid-shadow-legends-list-of-champions-by-ranking/,https://ayumilove.net/raid-shadow-legends-cormac-the-highpeak-skill-mastery-equip-guide/,https://ayumilove.net/files/games/raid_shadow_legends/champion/Cormac_the_Highpeak.jpg,data/raw/pages/raid_shadow_legends_cormac_the_highpeak_skill_mastery_equip_guide.html,data/raw/images/cormac_the_highpeak_2aff03ae48.jpg,data/processed/icons/cormac_the_highpeak.png,data/processed/debug/cormac_the_highpeak_crop_debug.jpg,"14,378,197,532",48,64
corpse_collector,Corpse Collector,B,UH-ESF,UH,Undead Hordes,E,Epic,S,Support,F,Force,515,https://ayumilove.net/raid-shadow-legends-list-of-champions-by-ranking/,https://ayumilove.net/raid-shadow-legends-corpse-collector-skill-mastery-equip-guide/,https://ayumilove.net/files/games/raid_shadow_legends/champion/Corpse_Collector.jpg,data/raw/pages/raid_shadow_legends_corpse_collector_skill_mastery_equip_guide.html,data/raw/images/corpse_collector_a83d0200c3.jpg,data/processed/icons/corpse_collector.png,data/processed/debug/corpse_collector_crop_debug.jpg,"14,378,197,532",48,64
corpulent_cadaver,Corpulent Cadaver,C,UH-RHS,UH,Undead Hordes,R,Rare,H,HP,S,Spirit,795,https://ayumilove.net/raid-shadow-legends-list-of-champions-by-ranking/,https://ayumilove.net/raid-shadow-legends-corpulent-cadaver-skill-mastery-equip-guide/,https://ayumilove.net/files/games/raid_shadow_legends/champion/Corpulent_Cadaver.jpg,data/raw/pages/raid_shadow_legends_corpulent_cadaver_skill_mastery_equip_guide.html,data/raw/images/corpulent_cadaver_8c1db2c592.jpg,data/processed/icons/corpulent_cadaver.png,data/processed/debug/corpulent_cadaver_crop_debug.jpg,"14,378,197,532",48,64
corvis_the_corruptor,Corvis the Corruptor,A,SO-LDM,SO,The Sacred Order,L,Legendary,D,Defense,M,Magic,151,https://ayumilove.net/raid-shadow-legends-list-of-champions-by-ranking/,https://ayumilove.net/raid-shadow-legends-corvis-the-corruptor-skill-mastery-equip-guide/,https://ayumilove.net/files/games/raid_shadow_legends/champion/Corvis_the_Corruptor.jpg,data/raw/pages/raid_shadow_legends_corvis_the_corruptor_skill_mastery_equip_guide.html,data/raw/images/corvis_the_corruptor_3926ef665a.jpg,data/processed/icons/corvis_the_corruptor.png,data/processed/debug/corvis_the_corruptor_crop_debug.jpg,"14,378,197,532",48,64
countess_lix,Countess Lix,A,DS-LAM,DS,Demonspawn,L,Legendary,A,Attack,M,Magic,152,https://ayumilove.net/raid-shadow-legends-list-of-champions-by-ranking/,https://ayumilove.net/raid-shadow-legends-countess-lix-skill-mastery-equip-guide/,https://ayumilove.net/files/games/raid_shadow_legends/champion/Countess_Lix.jpg,data/raw/pages/raid_shadow_legends_countess_lix_skill_mastery_equip_guide.html,data/raw/images/countess_lix_215b8a362f.jpg,data/processed/icons/countess_lix.png,data/processed/debug/countess_lix_crop_debug.jpg,"14,378,197,532",48,64
courtier,Courtier,C,BL-RAF,BL,Banner Lords,R,Rare,A,Attack,F,Force,796,https://ayumilove.net/raid-shadow-legends-list-of-champions-by-ranking/,https://ayumilove.net/raid-shadow-legends-courtier-skill-mastery-equip-guide/,https://ayumilove.net/files/games/raid_shadow_legends/champion/Courtier.jpg,data/raw/pages/raid_shadow_legends_courtier_skill_mastery_equip_guide.html,data/raw/images/courtier_64e82ca063.jpg,data/processed/icons/courtier.png,data/processed/debug/courtier_crop_debug.jpg,"14,378,197,532",48,64
craklin_the_blackened,Craklin the Blackened,B,OT-LSF,OT,Ogryn Tribes,L,Legendary,S,Support,F,Force,307,https://ayumilove.net/raid-shadow-legends-list-of-champions-by-ranking/,https://ayumilove.net/raid-shadow-legends-craklin-the-blackened-skill-mastery-equip-guide/,https://ayumilove.net/files/games/raid_shadow_legends/champion/Craklin_the_Blackened.jpg,data/raw/pages/raid_shadow_legends_craklin_the_blackened_skill_mastery_equip_guide.html,data/raw/images/craklin_the_blackened_025871c4ce.jpg,data/processed/icons/craklin_the_blackened.png,data/processed/debug/craklin_the_blackened_crop_debug.jpg,"14,378,197,532",48,64
crimson_helm,Crimson Helm,B,DE-EDS,DE,Dark Elves,E,Epic,D,Defense,S,Spirit,516,https://ayumilove.net/raid-shadow-legends-list-of-champions-by-ranking/,https://ayumilove.net/raid-shadow-legends-crimson-helm-skill-mastery-equip-guide/,https://ayumilove.net/files/games/raid_shadow_legends/champion/Crimson_Helm.jpg,data/raw/pages/raid_shadow_legends_crimson_helm_skill_mastery_equip_guide.html,data/raw/images/crimson_helm_b49b78690c.jpg,data/processed/icons/crimson_helm.png,data/processed/debug/crimson_helm_crop_debug.jpg,"14,378,197,532",48,64
crimson_pegason,Crimson Pegason,C,AR-RHF,AR,Argonites,R,Rare,H,HP,F,Force,797,https://ayumilove.net/raid-shadow-legends-list-of-champions-by-ranking/,https://ayumilove.net/raid-shadow-legends-crimson-pegason-skill-mastery-equip-guide/,https://ayumilove.net/files/games/raid_shadow_legends/champion/Crimson_Pegason.jpg,data/raw/pages/raid_shadow_legends_crimson_pegason_skill_mastery_equip_guide.html,data/raw/images/crimson_pegason_1f14cbe65c.jpg,data/processed/icons/crimson_pegason.png,data/processed/debug/crimson_pegason_crop_debug.jpg,"14,378,197,532",48,64
crimson_slayer,Crimson Slayer,B,KR-RAS,KR,Knights Revenant,R,Rare,A,Attack,S,Spirit,729,https://ayumilove.net/raid-shadow-legends-list-of-champions-by-ranking/,https://ayumilove.net/raid-shadow-legends-crimson-slayer-skill-mastery-equip-guide/,https://ayumilove.net/files/games/raid_shadow_legends/champion/Crimson_Slayer.jpg,data/raw/pages/raid_shadow_legends_crimson_slayer_skill_mastery_equip_guide.html,data/raw/images/crimson_slayer_306e99c5fa.jpg,data/processed/icons/crimson_slayer.png,data/processed/debug/crimson_slayer_crop_debug.jpg,"14,378,197,532",48,64
criodan_the_blue,Criodan the Blue,A,SY-ESM,SY,Sylvan Watchers,E,Epic,S,Support,M,Magic,440,https://ayumilove.net/raid-shadow-legends-list-of-champions-by-ranking/,https://ayumilove.net/raid-shadow-legends-criodan-the-blue-skill-mastery-equip-guide/,https://ayumilove.net/files/games/raid_shadow_legends/champion/Criodan_the_Blue.jpg,data/raw/pages/raid_shadow_legends_criodan_the_blue_skill_mastery_equip_guide.html,data/raw/images/criodan_the_blue_cdf334ea58.jpg,data/processed/icons/criodan_the_blue.png,data/processed/debug/criodan_the_blue_crop_debug.jpg,"14,378,197,532",48,64
crohnam,Crohnam,B,BA-LAM,BA,Barbarians,L,Legendary,A,Attack,M,Magic,308,https://ayumilove.net/raid-shadow-legends-list-of-champions-by-ranking/,https://ayumilove.net/raid-shadow-legends-crohnam-skill-mastery-equip-guide/,https://ayumilove.net/files/games/raid_shadow_legends/champion/Crohnam.jpg,data/raw/pages/raid_shadow_legends_crohnam_skill_mastery_equip_guide.html,data/raw/images/crohnam_436683141d.jpg,data/processed/icons/crohnam.png,data/processed/debug/crohnam_crop_debug.jpg,"14,378,197,532",48,64
cromax_moonblood,Cromax Moonblood,C,DE-LDF,DE,Dark Elves,L,Legendary,D,Defense,F,Force,402,https://ayumilove.net/raid-shadow-legends-list-of-champions-by-ranking/,https://ayumilove.net/raid-shadow-legends-cromax-moonblood-skill-mastery-equip-guide/,https://ayumilove.net/files/games/raid_shadow_legends/champion/Cromax_Moonblood.jpg,data/raw/pages/raid_shadow_legends_cromax_moonblood_skill_mastery_equip_guide.html,data/raw/images/cromax_moonblood_9429967e25.jpg,data/processed/icons/cromax_moonblood.png,data/processed/debug/cromax_moonblood_crop_debug.jpg,"14,378,197,532",48,64
crossbowman,Crossbowman,F,BL-RAM,BL,Banner Lords,R,Rare,A,Attack,M,Magic,883,https://ayumilove.net/raid-shadow-legends-list-of-champions-by-ranking/,https://ayumilove.net/raid-shadow-legends-crossbowman-skill-mastery-equip-guide/,https://ayumilove.net/files/games/raid_shadow_legends/champion/Crossbowman.jpg,data/raw/pages/raid_shadow_legends_crossbowman_skill_mastery_equip_guide.html,data/raw/images/crossbowman_84fe20a884.jpg,data/processed/icons/crossbowman.png,data/processed/debug/crossbowman_crop_debug.jpg,"14,378,197,532",48,64
cruetraxa,Cruetraxa,S,DS-LAV,DS,Demonspawn,L,Legendary,A,Attack,V,Void,50,https://ayumilove.net/raid-shadow-legends-list-of-champions-by-ranking/,https://ayumilove.net/raid-shadow-legends-cruetraxa-skill-mastery-equip-guide/,https://ayumilove.net/files/games/raid_shadow_legends/champion/Cruetraxa.jpg,data/raw/pages/raid_shadow_legends_cruetraxa_skill_mastery_equip_guide.html,data/raw/images/cruetraxa_8951c50fab.jpg,data/processed/icons/cruetraxa.png,data/processed/debug/cruetraxa_crop_debug.jpg,"14,378,197,532",48,64
crusader,Crusader,B,SO-UAF,SO,The Sacred Order,U,Uncommon,A,Attack,F,Force,951,https://ayumilove.net/raid-shadow-legends-list-of-champions-by-ranking/,https://ayumilove.net/raid-shadow-legends-crusader-skill-mastery-equip-guide/,https://ayumilove.net/files/games/raid_shadow_legends/champion/Crusader.jpg,data/raw/pages/raid_shadow_legends_crusader_skill_mastery_equip_guide.html,data/raw/images/crusader_90754cffef.jpg,data/processed/icons/crusader.png,data/processed/debug/crusader_crop_debug.jpg,"14,378,197,532",48,64
crusher,Crusher,C,BA-UDS,BA,Barbarians,U,Uncommon,D,Defense,S,Spirit,968,https://ayumilove.net/raid-shadow-legends-list-of-champions-by-ranking/,https://ayumilove.net/raid-shadow-legends-crusher-skill-mastery-equip-guide/,https://ayumilove.net/files/games/raid_shadow_legends/champion/Crusher.jpg,data/raw/pages/raid_shadow_legends_crusher_skill_mastery_equip_guide.html,data/raw/images/crusher_182368ee39.jpg,data/processed/icons/crusher.png,data/processed/debug/crusher_crop_debug.jpg,"14,378,197,532",48,64
crypt_king_graal,Crypt-King Graal,B,UH-LSM,UH,Undead Hordes,L,Legendary,S,Support,M,Magic,309,https://ayumilove.net/raid-shadow-legends-list-of-champions-by-ranking/,https://ayumilove.net/raid-shadow-legends-crypt-king-graal-skill-mastery-equip-guide/,https://ayumilove.net/files/games/raid_shadow_legends/champion/Crypt_King_Graal.jpg,data/raw/pages/raid_shadow_legends_crypt_king_graal_skill_mastery_equip_guide.html,data/raw/images/crypt_king_graal_1373b694ad.jpg,data/processed/icons/crypt_king_graal.png,data/processed/debug/crypt_king_graal_crop_debug.jpg,"14,378,197,532",48,64
crypt_witch,Crypt Witch,B,KR-EAM,KR,Knights Revenant,E,Epic,A,Attack,M,Magic,517,https://ayumilove.net/raid-shadow-legends-list-of-champions-by-ranking/,https://ayumilove.net/raid-shadow-legends-crypt-witch-skill-mastery-equip-guide/,https://ayumilove.net/files/games/raid_shadow_legends/champion/Crypt_Witch.jpg,data/raw/pages/raid_shadow_legends_crypt_witch_skill_mastery_equip_guide.html,data/raw/images/crypt_witch_f8cbfa786a.jpg,data/processed/icons/crypt_witch.png,data/processed/debug/crypt_witch_crop_debug.jpg,"14,378,197,532",48,64
cudgeler,Cudgeler,C,DW-RAM,DW,Dwarves,R,Rare,A,Attack,M,Magic,798,https://ayumilove.net/raid-shadow-legends-list-of-champions-by-ranking/,https://ayumilove.net/raid-shadow-legends-cudgeler-skill-mastery-equip-guide/,https://ayumilove.net/files/games/raid_shadow_legends/champion/Cudgeler.jpg,data/raw/pages/raid_shadow_legends_cudgeler_skill_mastery_equip_guide.html,data/raw/images/cudgeler_c6e3c4724b.jpg,data/processed/icons/cudgeler.png,data/processed/debug/cudgeler_crop_debug.jpg,"14,378,197,532",48,64
cultist,Cultist,F,KR-UAF,KR,Knights Revenant,U,Uncommon,A,Attack,F,Force,984,https://ayumilove.net/raid-shadow-legends-list-of-champions-by-ranking/,https://ayumilove.net/raid-shadow-legends-cultist-skill-mastery-equip-guide/,https://ayumilove.net/files/games/raid_shadow_legends/champion/Cultist.jpg,data/raw/pages/raid_shadow_legends_cultist_skill_mastery_equip_guide.html,data/raw/images/cultist_0cee8db8a4.jpg,data/processed/icons/cultist.png,data/processed/debug/cultist_crop_debug.jpg,"14,378,197,532",48,64
cupidus,Cupidus,A,SO-LAS,SO,The Sacred Order,L,Legendary,A,Attack,S,Spirit,153,https://ayumilove.net/raid-shadow-legends-list-of-champions-by-ranking/,https://ayumilove.net/raid-shadow-legends-cupidus-skill-mastery-equip-guide/,https://ayumilove.net/files/games/raid_shadow_legends/champion/Cupidus.jpg,data/raw/pages/raid_shadow_legends_cupidus_skill_mastery_equip_guide.html,data/raw/images/cupidus_8131300a91.jpg,data/processed/icons/cupidus.png,data/processed/debug/cupidus_crop_debug.jpg,"14,378,197,532",48,64
dagger,Dagger,B,BL-RAV,BL,Banner Lords,R,Rare,A,Attack,V,Void,730,https://ayumilove.net/raid-shadow-legends-list-of-champions-by-ranking/,https://ayumilove.net/raid-shadow-legends-dagger-skill-mastery-equip-guide/,https://ayumilove.net/files/games/raid_shadow_legends/champion/Dagger.jpg,data/raw/pages/raid_shadow_legends_dagger_skill_mastery_equip_guide.html,data/raw/images/dagger_f0b909f6d3.jpg,data/processed/icons/dagger.png,data/processed/debug/dagger_crop_debug.jpg,"14,378,197,532",48,64
danag_skullreap,Danag Skullreap,B,OR-LAM,OR,Orcs,L,Legendary,A,Attack,M,Magic,310,https://ayumilove.net/raid-shadow-legends-list-of-champions-by-ranking/,https://ayumilove.net/raid-shadow-legends-danag-skullreap-skill-mastery-equip-guide/,https://ayumilove.net/files/games/raid_shadow_legends/champion/Danag_Skullreap.jpg,data/raw/pages/raid_shadow_legends_danag_skullreap_skill_mastery_equip_guide.html,data/raw/images/danag_skullreap_715b48cb05.jpg,data/processed/icons/danag_skullreap.png,data/processed/debug/danag_skullreap_crop_debug.jpg,"14,378,197,532",48,64
dark_athel,Dark Athel,B,UH-EAM,UH,Undead Hordes,E,Epic,A,Attack,M,Magic,518,https://ayumilove.net/raid-shadow-legends-list-of-champions-by-ranking/,https://ayumilove.net/raid-shadow-legends-dark-athel-skill-mastery-equip-guide/,https://ayumilove.net/files/games/raid_shadow_legends/champion/Dark_Athel.jpg,data/raw/pages/raid_shadow_legends_dark_athel_skill_mastery_equip_guide.html,data/raw/images/dark_athel_a37758b422.jpg,data/processed/icons/dark_athel.png,data/processed/debug/dark_athel_crop_debug.jpg,"14,378,197,532",48,64
dark_elhain,Dark Elhain,B,UH-EAM,UH,Undead Hordes,E,Epic,A,Attack,M,Magic,519,https://ayumilove.net/raid-shadow-legends-list-of-champions-by-ranking/,https://ayumilove.net/raid-shadow-legends-dark-elhain-skill-mastery-equip-guide/,https://ayumilove.net/files/games/raid_shadow_legends/champion/Dark_Elhain.jpg,data/raw/pages/raid_shadow_legends_dark_elhain_skill_mastery_equip_guide.html,data/raw/images/dark_elhain_c0d9671f68.jpg,data/processed/icons/dark_elhain.png,data/processed/debug/dark_elhain_crop_debug.jpg,"14,378,197,532",48,64
dark_kael,Dark Kael,S,DE-EAM,DE,Dark Elves,E,Epic,A,Attack,M,Magic,413,https://ayumilove.net/raid-shadow-legends-list-of-champions-by-ranking/,https://ayumilove.net/raid-shadow-legends-dark-kael-skill-mastery-equip-guide/,https://ayumilove.net/files/games/raid_shadow_legends/champion/Dark_Kael.jpg,data/raw/pages/raid_shadow_legends_dark_kael_skill_mastery_equip_guide.html,data/raw/images/dark_kael_d592d33bf0.jpg,data/processed/icons/dark_kael.png,data/processed/debug/dark_kael_crop_debug.jpg,"14,378,197,532",48,64
dawncaller_sabitha,Dawncaller Sabitha,A,KR-ESV,KR,Knights Revenant,E,Epic,S,Support,V,Void,441,https://ayumilove.net/raid-shadow-legends-list-of-champions-by-ranking/,https://ayumilove.net/raid-shadow-legends-dawncaller-sabitha-skill-mastery-equip-guide/,https://ayumilove.net/files/games/raid_shadow_legends/champion/Dawncaller_Sabitha.jpg,data/raw/pages/raid_shadow_legends_dawncaller_sabitha_skill_mastery_equip_guide.html,data/raw/images/dawncaller_sabitha_07b0907ed3.jpg,data/processed/icons/dawncaller_sabitha.png,data/processed/debug/dawncaller_sabitha_crop_debug.jpg,"14,378,197,532",48,64
daywalker,Daywalker,C,KR-RHV,KR,Knights Revenant,R,Rare,H,HP,V,Void,799,https://ayumilove.net/raid-shadow-legends-list-of-champions-by-ranking/,https://ayumilove.net/raid-shadow-legends-daywalker-skill-mastery-equip-guide/,https://ayumilove.net/files/games/raid_shadow_legends/champion/Daywalker.jpg,data/raw/pages/raid_shadow_legends_daywalker_skill_mastery_equip_guide.html,data/raw/images/daywalker_f33e4338a1.jpg,data/processed/icons/daywalker.png,data/processed/debug/daywalker_crop_debug.jpg,"14,378,197,532",48,64
deacon_armstrong,Deacon Armstrong,S,SO-ESS,SO,The Sacred Order,E,Epic,S,Support,S,Spirit,414,https://ayumilove.net/raid-shadow-legends-list-of-champions-by-ranking/,https://ayumilove.net/raid-shadow-legends-deacon-armstrong-skill-mastery-equip-guide/,https://ayumilove.net/files/games/raid_shadow_legends/champion/Deacon_Armstrong.jpg,data/raw/pages/raid_shadow_legends_deacon_armstrong_skill_mastery_equip_guide.html,data/raw/images/deacon_armstrong_79e22983c4.jpg,data/processed/icons/deacon_armstrong.png,data/processed/debug/deacon_armstrong_crop_debug.jpg,"14,378,197,532",48,64
dead_crusader,Dead Crusader,F,UH-UDF,UH,Undead Hordes,U,Uncommon,D,Defense,F,Force,985,https://ayumilove.net/raid-shadow-legends-list-of-champions-by-ranking/,https://ayumilove.net/raid-shadow-legends-dead-crusader-skill-mastery-equip-guide/,https://ayumilove.net/files/games/raid_shadow_legends/champion/Dead_Crusader.jpg,data/raw/pages/raid_shadow_legends_dead_crusader_skill_mastery_equip_guide.html,data/raw/images/dead_crusader_ea8f0bb879.jpg,data/processed/icons/dead_crusader.png,data/processed/debug/dead_crusader_crop_debug.jpg,"14,378,197,532",48,64
death_hound,Death Hound,S,UH-CAM,UH,Undead Hordes,C,Common,A,Attack,M,Magic,1002,https://ayumilove.net/raid-shadow-legends-list-of-champions-by-ranking/,https://ayumilove.net/raid-shadow-legends-death-hound-skill-mastery-equip-guide/,https://ayumilove.net/files/games/raid_shadow_legends/champion/Death_Hound.jpg,data/raw/pages/raid_shadow_legends_death_hound_skill_mastery_equip_guide.html,data/raw/images/death_hound_036401bac8.jpg,data/processed/icons/death_hound.png,data/processed/debug/death_hound_crop_debug.jpg,"14,378,197,532",48,64
deathchanter,Deathchanter,C,OR-RHM,OR,Orcs,R,Rare,H,HP,M,Magic,800,https://ayumilove.net/raid-shadow-legends-list-of-champions-by-ranking/,https://ayumilove.net/raid-shadow-legends-deathchanter-skill-mastery-equip-guide/,https://ayumilove.net/files/games/raid_shadow_legends/champion/Deathchanter.jpg,data/raw/pages/raid_shadow_legends_deathchanter_skill_mastery_equip_guide.html,data/raw/images/deathchanter_63ed9def58.jpg,data/processed/icons/deathchanter.png,data/processed/debug/deathchanter_crop_debug.jpg,"14,378,197,532",48,64
deathless,Deathless,C,KR-EDS,KR,Knights Revenant,E,Epic,D,Defense,S,Spirit,651,https://ayumilove.net/raid-shadow-legends-list-of-champions-by-ranking/,https://ayumilove.net/raid-shadow-legends-deathless-skill-mastery-equip-guide/,https://ayumilove.net/files/games/raid_shadow_legends/champion/Deathless.jpg,data/raw/pages/raid_shadow_legends_deathless_skill_mastery_equip_guide.html,data/raw/images/deathless_a69cce947b.jpg,data/processed/icons/deathless.png,data/processed/debug/deathless_crop_debug.jpg,"14,378,197,532",48,64
deephook_nagis,Deephook Nagis,B,AR-EDV,AR,Argonites,E,Epic,D,Defense,V,Void,520,https://ayumilove.net/raid-shadow-legends-list-of-champions-by-ranking/,https://ayumilove.net/raid-shadow-legends-deephook-nagis-skill-mastery-equip-guide/,https://ayumilove.net/files/games/raid_shadow_legends/champion/Deephook_Nagis.jpg,data/raw/pages/raid_shadow_legends_deephook_nagis_skill_mastery_equip_guide.html,data/raw/images/deephook_nagis_348e41497c.jpg,data/processed/icons/deephook_nagis.png,data/processed/debug/deephook_nagis_crop_debug.jpg,"14,378,197,532",48,64
defiled_sinner,Defiled Sinner,C,UH-EAF,UH,Undead Hordes,E,Epic,A,Attack,F,Force,652,https://ayumilove.net/raid-shadow-legends-list-of-champions-by-ranking/,https://ayumilove.net/raid-shadow-legends-defiled-sinner-skill-mastery-equip-guide/,https://ayumilove.net/files/games/raid_shadow_legends/champion/Defiled_Sinner.jpg,data/raw/pages/raid_shadow_legends_defiled_sinner_skill_mastery_equip_guide.html,data/raw/images/defiled_sinner_339cb52a27.jpg,data/processed/icons/defiled_sinner.png,data/processed/debug/defiled_sinner_crop_debug.jpg,"14,378,197,532",48,64
delaaja,Delaaja,B,LZ-EHS,LZ,Lizardmen,E,Epic,H,HP,S,Spirit,521,https://ayumilove.net/raid-shadow-legends-list-of-champions-by-ranking/,https://ayumilove.net/raid-shadow-legends-delaaja-skill-mastery-equip-guide/,https://ayumilove.net/files/games/raid_shadow_legends/champion/Delaaja.jpg,data/raw/pages/raid_shadow_legends_delaaja_skill_mastery_equip_guide.html,data/raw/images/delaaja_16a4ce421a.jpg,data/processed/icons/delaaja.png,data/processed/debug/delaaja_crop_debug.jpg,"14,378,197,532",48,64
deliana,Deliana,A,HE-LHF,HE,High Elves,L,Legendary,H,HP,F,Force,154,https://ayumilove.net/raid-shadow-legends-list-of-champions-by-ranking/,https://ayumilove.net/raid-shadow-legends-deliana-skill-mastery-equip-guide/,https://ayumilove.net/files/games/raid_shadow_legends/champion/Deliana.jpg,data/raw/pages/raid_shadow_legends_deliana_skill_mastery_equip_guide.html,data/raw/images/deliana_711634bfbe.jpg,data/processed/icons/deliana.png,data/processed/debug/deliana_crop_debug.jpg,"14,378,197,532",48,64
delver,Delver,B,DE-EAS,DE,Dark Elves,E,Epic,A,Attack,S,Spirit,522,https://ayumilove.net/raid-shadow-legends-list-of-champions-by-ranking/,https://ayumilove.net/raid-shadow-legends-delver-skill-mastery-equip-guide/,https://ayumilove.net/files/games/raid_shadow_legends/champion/Delver.jpg,data/raw/pages/raid_shadow_legends_delver_skill_mastery_equip_guide.html,data/raw/images/delver_4b1930f69c.jpg,data/processed/icons/delver.png,data/processed/debug/delver_crop_debug.jpg,"14,378,197,532",48,64
demytha,Demytha,S,DW-ESV,DW,Dwarves,E,Epic,S,Support,V,Void,415,https://ayumilove.net/raid-shadow-legends-list-of-champions-by-ranking/,https://ayumilove.net/raid-shadow-legends-demytha-skill-mastery-equip-guide/,https://ayumilove.net/files/games/raid_shadow_legends/champion/Demytha.jpg,data/raw/pages/raid_shadow_legends_demytha_skill_mastery_equip_guide.html,data/raw/images/demytha_843418ffa0.jpg,data/processed/icons/demytha.png,data/processed/debug/demytha_crop_debug.jpg,"14,378,197,532",48,64
denid_the_tusk_knight,Denid the Tusk Knight,C,BL-RDV,BL,Banner Lords,R,Rare,D,Defense,V,Void,801,https://ayumilove.net/raid-shadow-legends-list-of-champions-by-ranking/,https://ayumilove.net/raid-shadow-legends-denid-the-tusk-knight-skill-mastery-equip-guide/,https://ayumilove.net/files/games/raid_shadow_legends/champion/Denid_the_Tusk_Knight.jpg,data/raw/pages/raid_shadow_legends_denid_the_tusk_knight_skill_mastery_equip_guide.html,data/raw/images/denid_the_tusk_knight_20313d724b.jpg,data/processed/icons/denid_the_tusk_knight.png,data/processed/debug/denid_the_tusk_knight_crop_debug.jpg,"14,378,197,532",48,64
dervish,Dervish,S,BA-UAM,BA,Barbarians,U,Uncommon,A,Attack,M,Magic,931,https://ayumilove.net/raid-shadow-legends-list-of-champions-by-ranking/,https://ayumilove.net/raid-shadow-legends-dervish-skill-mastery-equip-guide/,https://ayumilove.net/files/games/raid_shadow_legends/champion/Dervish.jpg,data/raw/pages/raid_shadow_legends_dervish_skill_mastery_equip_guide.html,data/raw/images/dervish_a03259c68f.jpg,data/processed/icons/dervish.png,data/processed/debug/dervish_crop_debug.jpg,"14,378,197,532",48,64
dhampir,Dhampir,S,UH-UAS,UH,Undead Hordes,U,Uncommon,A,Attack,S,Spirit,932,https://ayumilove.net/raid-shadow-legends-list-of-champions-by-ranking/,https://ayumilove.net/raid-shadow-legends-dhampir-skill-mastery-equip-guide/,https://ayumilove.net/files/games/raid_shadow_legends/champion/Dhampir.jpg,data/raw/pages/raid_shadow_legends_dhampir_skill_mastery_equip_guide.html,data/raw/images/dhampir_d3b8b1d2f2.jpg,data/processed/icons/dhampir.png,data/processed/debug/dhampir_crop_debug.jpg,"14,378,197,532",48,64
dhukk_the_pierced,Dhukk the Pierced,S,OR-EDM,OR,Orcs,E,Epic,D,Defense,M,Magic,416,https://ayumilove.net/raid-shadow-legends-list-of-champions-by-ranking/,https://ayumilove.net/raid-shadow-legends-dhukk-the-pierced-skill-mastery-equip-guide/,https://ayumilove.net/files/games/raid_shadow_legends/champion/Dhukk_the_Pierced.jpg,data/raw/pages/raid_shadow_legends_dhukk_the_pierced_skill_mastery_equip_guide.html,data/raw/images/dhukk_the_pierced_b6941dd5b9.jpg,data/processed/icons/dhukk_the_pierced.png,data/processed/debug/dhukk_the_pierced_crop_debug.jpg,"14,378,197,532",48,64
diabolist,Diabolist,B,DS-RSM,DS,Demonspawn,R,Rare,S,Support,M,Magic,731,https://ayumilove.net/raid-shadow-legends-list-of-champions-by-ranking/,https://ayumilove.net/raid-shadow-legends-diabolist-skill-mastery-equip-guide/,https://ayumilove.net/files/games/raid_shadow_legends/champion/Diabolist.jpg,data/raw/pages/raid_shadow_legends_diabolist_skill_mastery_equip_guide.html,data/raw/images/diabolist_f0b61418fc.jpg,data/processed/icons/diabolist.png,data/processed/debug/diabolist_crop_debug.jpg,"14,378,197,532",48,64
diamant_coppercoin,Diamant Coppercoin,A,OT-LSV,OT,Ogryn Tribes,L,Legendary,S,Support,V,Void,155,https://ayumilove.net/raid-shadow-legends-list-of-champions-by-ranking/,https://ayumilove.net/raid-shadow-legends-diamant-coppercoin-skill-mastery-equip-guide/,https://ayumilove.net/files/games/raid_shadow_legends/champion/Diamant_Coppercoin.jpg,data/raw/pages/raid_shadow_legends_diamant_coppercoin_skill_mastery_equip_guide.html,data/raw/images/diamant_coppercoin_fd73a5ce54.jpg,data/processed/icons/diamant_coppercoin.png,data/processed/debug/diamant_coppercoin_crop_debug.jpg,"14,378,197,532",48,64
dilgol,Dilgol,A,DW-RAV,DW,Dwarves,R,Rare,A,Attack,V,Void,707,https://ayumilove.net/raid-shadow-legends-list-of-champions-by-ranking/,https://ayumilove.net/raid-shadow-legends-dilgol-skill-mastery-equip-guide/,https://ayumilove.net/files/games/raid_shadow_legends/champion/Dilgol.jpg,data/raw/pages/raid_shadow_legends_dilgol_skill_mastery_equip_guide.html,data/raw/images/dilgol_1f45b98d34.jpg,data/processed/icons/dilgol.png,data/processed/debug/dilgol_crop_debug.jpg,"14,378,197,532",48,64
dirandil,Dirandil,C,DE-EAF,DE,Dark Elves,E,Epic,A,Attack,F,Force,653,https://ayumilove.net/raid-shadow-legends-list-of-champions-by-ranking/,https://ayumilove.net/raid-shadow-legends-dirandil-skill-mastery-equip-guide/,https://ayumilove.net/files/games/raid_shadow_legends/champion/Dirandil.jpg,data/raw/pages/raid_shadow_legends_dirandil_skill_mastery_equip_guide.html,data/raw/images/dirandil_028f49346d.jpg,data/processed/icons/dirandil.png,data/processed/debug/dirandil_crop_debug.jpg,"14,378,197,532",48,64
djamarsa,Djamarsa,B,BA-ESF,BA,Barbarians,E,Epic,S,Support,F,Force,523,https://ayumilove.net/raid-shadow-legends-list-of-champions-by-ranking/,https://ayumilove.net/raid-shadow-legends-djamarsa-skill-mastery-equip-guide/,https://ayumilove.net/files/games/raid_shadow_legends/champion/Djamarsa.jpg,data/raw/pages/raid_shadow_legends_djamarsa_skill_mastery_equip_guide.html,data/raw/images/djamarsa_7ababf2de4.jpg,data/processed/icons/djamarsa.png,data/processed/debug/djamarsa_crop_debug.jpg,"14,378,197,532",48,64
dolor_lorekeeper,Dolor Lorekeeper,F,DW-RSF,DW,Dwarves,R,Rare,S,Support,F,Force,884,https://ayumilove.net/raid-shadow-legends-list-of-champions-by-ranking/,https://ayumilove.net/raid-shadow-legends-dolor-lorekeeper-skill-mastery-equip-guide/,https://ayumilove.net/files/games/raid_shadow_legends/champion/Dolor_Lorekeeper.jpg,data/raw/pages/raid_shadow_legends_dolor_lorekeeper_skill_mastery_equip_guide.html,data/raw/images/dolor_lorekeeper_8ffe8d75e5.jpg,data/processed/icons/dolor_lorekeeper.png,data/processed/debug/dolor_lorekeeper_crop_debug.jpg,"14,378,197,532",48,64
donatello,Donatello,A,LZ-LSM,LZ,Lizardmen,L,Legendary,S,Support,M,Magic,156,https://ayumilove.net/raid-shadow-legends-list-of-champions-by-ranking/,https://ayumilove.net/raid-shadow-legends-donatello-skill-mastery-equip-guide/,https://ayumilove.net/files/games/raid_shadow_legends/champion/Donatello.jpg,data/raw/pages/raid_shadow_legends_donatello_skill_mastery_equip_guide.html,data/raw/images/donatello_1dfaf1cf56.jpg,data/processed/icons/donatello.png,data/processed/debug/donatello_crop_debug.jpg,"14,378,197,532",48,64
doompriest,Doompriest,A,KR-ESF,KR,Knights Revenant,E,Epic,S,Support,F,Force,442,https://ayumilove.net/raid-shadow-legends-list-of-champions-by-ranking/,https://ayumilove.net/raid-shadow-legends-doompriest-skill-mastery-equip-guide/,https://ayumilove.net/files/games/raid_shadow_legends/champion/Doompriest.jpg,data/raw/pages/raid_shadow_legends_doompriest_skill_mastery_equip_guide.html,data/raw/images/doompriest_f88ad1548f.jpg,data/processed/icons/doompriest.png,data/processed/debug/doompriest_crop_debug.jpg,"14,378,197,532",48,64
doomscreech,Doomscreech,B,UH-RHV,UH,Undead Hordes,R,Rare,H,HP,V,Void,732,https://ayumilove.net/raid-shadow-legends-list-of-champions-by-ranking/,https://ayumilove.net/raid-shadow-legends-doomscreech-skill-mastery-equip-guide/,https://ayumilove.net/files/games/raid_shadow_legends/champion/Doomscreech.jpg,data/raw/pages/raid_shadow_legends_doomscreech_skill_mastery_equip_guide.html,data/raw/images/doomscreech_6fee09274a.jpg,data/processed/icons/doomscreech.png,data/processed/debug/doomscreech_crop_debug.jpg,"14,378,197,532",48,64
dracomorph,Dracomorph,S,LZ-LAM,LZ,Lizardmen,L,Legendary,A,Attack,M,Magic,51,https://ayumilove.net/raid-shadow-legends-list-of-champions-by-ranking/,https://ayumilove.net/raid-shadow-legends-dracomorph-skill-mastery-equip-guide/,https://ayumilove.net/files/games/raid_shadow_legends/champion/Dracomorph.jpg,data/raw/pages/raid_shadow_legends_dracomorph_skill_mastery_equip_guide.html,data/raw/images/dracomorph_486cfa31e4.jpg,data/processed/icons/dracomorph.png,data/processed/debug/dracomorph_crop_debug.jpg,"14,378,197,532",48,64
draconis,Draconis,B,SO-RHV,SO,The Sacred Order,R,Rare,H,HP,V,Void,733,https://ayumilove.net/raid-shadow-legends-list-of-champions-by-ranking/,https://ayumilove.net/raid-shadow-legends-draconis-skill-mastery-equip-guide/,https://ayumilove.net/files/games/raid_shadow_legends/champion/Draconis.jpg,data/raw/pages/raid_shadow_legends_draconis_skill_mastery_equip_guide.html,data/raw/images/draconis_d22f871aa1.jpg,data/processed/icons/draconis.png,data/processed/debug/draconis_crop_debug.jpg,"14,378,197,532",48,64
drake,Drake,C,LZ-EAS,LZ,Lizardmen,E,Epic,A,Attack,S,Spirit,654,https://ayumilove.net/raid-shadow-legends-list-of-champions-by-ranking/,https://ayumilove.net/raid-shadow-legends-drake-skill-mastery-equip-guide/,https://ayumilove.net/files/games/raid_shadow_legends/champion/Drake.jpg,data/raw/pages/raid_shadow_legends_drake_skill_mastery_equip_guide.html,data/raw/images/drake_d3c067a2aa.jpg,data/processed/icons/drake.png,data/processed/debug/drake_crop_debug.jpg,"14,378,197,532",48,64
drexthar_bloodtwin,Drexthar Bloodtwin,B,DS-LDF,DS,Demonspawn,L,Legendary,D,Defense,F,Force,311,https://ayumilove.net/raid-shadow-legends-list-of-champions-by-ranking/,https://ayumilove.net/raid-shadow-legends-drexthar-bloodtwin-skill-mastery-equip-guide/,https://ayumilove.net/files/games/raid_shadow_legends/champion/Drexthar_Bloodtwin.jpg,data/raw/pages/raid_shadow_legends_drexthar_bloodtwin_skill_mastery_equip_guide.html,data/raw/images/drexthar_bloodtwin_91fc20e3df.jpg,data/processed/icons/drexthar_bloodtwin.png,data/processed/debug/drexthar_bloodtwin_crop_debug.jpg,"14,378,197,532",48,64
drillmaster,Drillmaster,C,SO-UAM,SO,The Sacred Order,U,Uncommon,A,Attack,M,Magic,969,https://ayumilove.net/raid-shadow-legends-list-of-champions-by-ranking/,https://ayumilove.net/raid-shadow-legends-drillmaster-skill-mastery-equip-guide/,https://ayumilove.net/files/games/raid_shadow_legends/champion/Drillmaster.jpg,data/raw/pages/raid_shadow_legends_drillmaster_skill_mastery_equip_guide.html,data/raw/images/drillmaster_da4cdb955a.jpg,data/processed/icons/drillmaster.png,data/processed/debug/drillmaster_crop_debug.jpg,"14,378,197,532",48,64
drokgul_the_gaunt,Drokgul the Gaunt,B,OT-LSS,OT,Ogryn Tribes,L,Legendary,S,Support,S,Spirit,312,https://ayumilove.net/raid-shadow-legends-list-of-champions-by-ranking/,https://ayumilove.net/raid-shadow-legends-drokgul-the-gaunt-skill-mastery-equip-guide/,https://ayumilove.net/files/games/raid_shadow_legends/champion/Drokgul_the_Gaunt.jpg,data/raw/pages/raid_shadow_legends_drokgul_the_gaunt_skill_mastery_equip_guide.html,data/raw/images/drokgul_the_gaunt_e2b867c9fd.jpg,data/processed/icons/drokgul_the_gaunt.png,data/processed/debug/drokgul_the_gaunt_crop_debug.jpg,"14,378,197,532",48,64
drowned_bloatwraith,Drowned Bloatwraith,B,UH-RAV,UH,Undead Hordes,R,Rare,A,Attack,V,Void,734,https://ayumilove.net/raid-shadow-legends-list-of-champions-by-ranking/,https://ayumilove.net/raid-shadow-legends-drowned-bloatwraith-skill-mastery-equip-guide/,https://ayumilove.net/files/games/raid_shadow_legends/champion/Drowned_Bloatwraith.jpg,data/raw/pages/raid_shadow_legends_drowned_bloatwraith_skill_mastery_equip_guide.html,data/raw/images/drowned_bloatwraith_c617316313.jpg,data/processed/icons/drowned_bloatwraith.png,data/processed/debug/drowned_bloatwraith_crop_debug.jpg,"14,378,197,532",48,64
duchess_lilitu,Duchess Lilitu,S,DS-LSS,DS,Demonspawn,L,Legendary,S,Support,S,Spirit,52,https://ayumilove.net/raid-shadow-legends-list-of-champions-by-ranking/,https://ayumilove.net/raid-shadow-legends-duchess-lilitu-skill-mastery-equip-guide/,https://ayumilove.net/files/games/raid_shadow_legends/champion/Duchess_Lilitu.jpg,data/raw/pages/raid_shadow_legends_duchess_lilitu_skill_mastery_equip_guide.html,data/raw/images/duchess_lilitu_c44522204e.jpg,data/processed/icons/duchess_lilitu.png,data/processed/debug/duchess_lilitu_crop_debug.jpg,"14,378,197,532",48,64
duedan_the_runic,Duedan the Runic,B,SY-EHF,SY,Sylvan Watchers,E,Epic,H,HP,F,Force,524,https://ayumilove.net/raid-shadow-legends-list-of-champions-by-ranking/,https://ayumilove.net/raid-shadow-legends-duedan-the-runic-skill-mastery-equip-guide/,https://ayumilove.net/files/games/raid_shadow_legends/champion/Duedan_the_Runic.jpg,data/raw/pages/raid_shadow_legends_duedan_the_runic_skill_mastery_equip_guide.html,data/raw/images/duedan_the_runic_39b361d5a8.jpg,data/processed/icons/duedan_the_runic.png,data/processed/debug/duedan_the_runic_crop_debug.jpg,"14,378,197,532",48,64
duelist,Duelist,B,BL-UAF,BL,Banner Lords,U,Uncommon,A,Attack,F,Force,952,https://ayumilove.net/raid-shadow-legends-list-of-champions-by-ranking/,https://ayumilove.net/raid-shadow-legends-duelist-skill-mastery-equip-guide/,https://ayumilove.net/files/games/raid_shadow_legends/champion/Duelist.jpg,data/raw/pages/raid_shadow_legends_duelist_skill_mastery_equip_guide.html,data/raw/images/duelist_7bfc1558a4.jpg,data/processed/icons/duelist.png,data/processed/debug/duelist_crop_debug.jpg,"14,378,197,532",48,64
duhr_the_hungerer,Duhr the Hungerer,B,DS-ESS,DS,Demonspawn,E,Epic,S,Support,S,Spirit,525,https://ayumilove.net/raid-shadow-legends-list-of-champions-by-ranking/,https://ayumilove.net/raid-shadow-legends-duhr-the-hungerer-skill-mastery-equip-guide/,https://ayumilove.net/files/games/raid_shadow_legends/champion/Duhr_the_Hungerer.jpg,data/raw/pages/raid_shadow_legends_duhr_the_hungerer_skill_mastery_equip_guide.html,data/raw/images/duhr_the_hungerer_d7eaee669f.jpg,data/processed/icons/duhr_the_hungerer.png,data/processed/debug/duhr_the_hungerer_crop_debug.jpg,"14,378,197,532",48,64
dune_herald_zaharis,Dune Herald Zaharis,A,BA-LSF,BA,Barbarians,L,Legendary,S,Support,F,Force,157,https://ayumilove.net/raid-shadow-legends-list-of-champions-by-ranking/,https://ayumilove.net/raid-shadow-legends-dune-herald-zaharis-skill-mastery-equip-guide/,https://ayumilove.net/files/games/raid_shadow_legends/champion/Dune_Herald_Zaharis.jpg,data/raw/pages/raid_shadow_legends_dune_herald_zaharis_skill_mastery_equip_guide.html,data/raw/images/dune_herald_zaharis_1970464a5d.jpg,data/processed/icons/dune_herald_zaharis.png,data/processed/debug/dune_herald_zaharis_crop_debug.jpg,"14,378,197,532",48,64
dune_lord_greggor,Dune Lord Greggor,B,BA-LDF,BA,Barbarians,L,Legendary,D,Defense,F,Force,313,https://ayumilove.net/raid-shadow-legends-list-of-champions-by-ranking/,https://ayumilove.net/raid-shadow-legends-dune-lord-greggor-skill-mastery-equip-guide/,https://ayumilove.net/files/games/raid_shadow_legends/champion/Dune_Lord_Greggor.jpg,data/raw/pages/raid_shadow_legends_dune_lord_greggor_skill_mastery_equip_guide.html,data/raw/images/dune_lord_greggor_c6f1672223.jpg,data/processed/icons/dune_lord_greggor.png,data/processed/debug/dune_lord_greggor_crop_debug.jpg,"14,378,197,532",48,64
dunestrider,Dunestrider,C,BA-RAM,BA,Barbarians,R,Rare,A,Attack,M,Magic,802,https://ayumilove.net/raid-shadow-legends-list-of-champions-by-ranking/,https://ayumilove.net/raid-shadow-legends-dunestrider-skill-mastery-equip-guide/,https://ayumilove.net/files/games/raid_shadow_legends/champion/Dunestrider.jpg,data/raw/pages/raid_shadow_legends_dunestrider_skill_mastery_equip_guide.html,data/raw/images/dunestrider_f2cf9b56da.jpg,data/processed/icons/dunestrider.png,data/processed/debug/dunestrider_crop_debug.jpg,"14,378,197,532",48,64
dyana_gloompiercer,Dyana Gloompiercer,B,SY-EAV,SY,Sylvan Watchers,E,Epic,A,Attack,V,Void,526,https://ayumilove.net/raid-shadow-legends-list-of-champions-by-ranking/,https://ayumilove.net/raid-shadow-legends-dyana-gloompiercer-skill-mastery-equip-guide/,https://ayumilove.net/files/games/raid_shadow_legends/champion/Dyana_Gloompiercer.jpg,data/raw/pages/raid_shadow_legends_dyana_gloompiercer_skill_mastery_equip_guide.html,data/raw/images/dyana_gloompiercer_5f6a32b60e.jpg,data/processed/icons/dyana_gloompiercer.png,data/processed/debug/dyana_gloompiercer_crop_debug.jpg,"14,378,197,532",48,64
edward_kenway,Edward Kenway,A,BL-LAF,BL,Banner Lords,L,Legendary,A,Attack,F,Force,158,https://ayumilove.net/raid-shadow-legends-list-of-champions-by-ranking/,https://ayumilove.net/raid-shadow-legends-edward-kenway-skill-mastery-equip-guide/,https://ayumilove.net/files/games/raid_shadow_legends/champion/Edward_Kenway.jpg,data/raw/pages/raid_shadow_legends_edward_kenway_skill_mastery_equip_guide.html,data/raw/images/edward_kenway_f1a79a8b6b.jpg,data/processed/icons/edward_kenway.png,data/processed/debug/edward_kenway_crop_debug.jpg,"14,378,197,532",48,64
elder,Elder,C,BA-RDM,BA,Barbarians,R,Rare,D,Defense,M,Magic,803,https://ayumilove.net/raid-shadow-legends-list-of-champions-by-ranking/,https://ayumilove.net/raid-shadow-legends-elder-skill-mastery-equip-guide/,https://ayumilove.net/files/games/raid_shadow_legends/champion/Elder.jpg,data/raw/pages/raid_shadow_legends_elder_skill_mastery_equip_guide.html,data/raw/images/elder_9e3129fa3f.jpg,data/processed/icons/elder.png,data/processed/debug/elder_crop_debug.jpg,"14,378,197,532",48,64
elder_skarg,Elder Skarg,B,BA-LAF,BA,Barbarians,L,Legendary,A,Attack,F,Force,314,https://ayumilove.net/raid-shadow-legends-list-of-champions-by-ranking/,https://ayumilove.net/raid-shadow-legends-elder-skarg-skill-mastery-equip-guide/,https://ayumilove.net/files/games/raid_shadow_legends/champion/Elder_Skarg.jpg,data/raw/pages/raid_shadow_legends_elder_skarg_skill_mastery_equip_guide.html,data/raw/images/elder_skarg_10d84eae24.jpg,data/processed/icons/elder_skarg.png,data/processed/debug/elder_skarg_crop_debug.jpg,"14,378,197,532",48,64
elegaius,Elegaius,B,UH-LSM,UH,Undead Hordes,L,Legendary,S,Support,M,Magic,315,https://ayumilove.net/raid-shadow-legends-list-of-champions-by-ranking/,https://ayumilove.net/raid-shadow-legends-elegaius-skill-mastery-equip-guide/,https://ayumilove.net/files/games/raid_shadow_legends/champion/Elegaius.jpg,data/raw/pages/raid_shadow_legends_elegaius_skill_mastery_equip_guide.html,data/raw/images/elegaius_6b95ffa9c8.jpg,data/processed/icons/elegaius.png,data/processed/debug/elegaius_crop_debug.jpg,"14,378,197,532",48,64
elenaril,Elenaril,B,HE-LAM,HE,High Elves,L,Legendary,A,Attack,M,Magic,316,https://ayumilove.net/raid-shadow-legends-list-of-champions-by-ranking/,https://ayumilove.net/raid-shadow-legends-elenaril-skill-mastery-equip-guide/,https://ayumilove.net/files/games/raid_shadow_legends/champion/Elenaril.jpg,data/raw/pages/raid_shadow_legends_elenaril_skill_mastery_equip_guide.html,data/raw/images/elenaril_b1ee19ce3a.jpg,data/processed/icons/elenaril.png,data/processed/debug/elenaril_crop_debug.jpg,"14,378,197,532",48,64
elfguard,Elfguard,A,HE-UAS,HE,High Elves,U,Uncommon,A,Attack,S,Spirit,943,https://ayumilove.net/raid-shadow-legends-list-of-champions-by-ranking/,https://ayumilove.net/raid-shadow-legends-elfguard-skill-mastery-equip-guide/,https://ayumilove.net/files/games/raid_shadow_legends/champion/Elfguard.jpg,data/raw/pages/raid_shadow_legends_elfguard_skill_mastery_equip_guide.html,data/raw/images/elfguard_0b25437b43.jpg,data/processed/icons/elfguard.png,data/processed/debug/elfguard_crop_debug.jpg,"14,378,197,532",48,64
elhain,Elhain,A,HE-RAM,HE,High Elves,R,Rare,A,Attack,M,Magic,708,https://ayumilove.net/raid-shadow-legends-list-of-champions-by-ranking/,https://ayumilove.net/raid-shadow-legends-elhain-skill-mastery-equip-guide/,https://ayumilove.net/files/games/raid_shadow_legends/champion/Elhain.jpg,data/raw/pages/raid_shadow_legends_elhain_skill_mastery_equip_guide.html,data/raw/images/elhain_dd45244c6e.jpg,data/processed/icons/elhain.png,data/processed/debug/elhain_crop_debug.jpg,"14,378,197,532",48,64
elva_autumnborn,Elva Autumnborn,A,SY-LSM,SY,Sylvan Watchers,L,Legendary,S,Support,M,Magic,159,https://ayumilove.net/raid-shadow-legends-list-of-champions-by-ranking/,https://ayumilove.net/raid-shadow-legends-elva-autumnborn-skill-mastery-equip-guide/,https://ayumilove.net/files/games/raid_shadow_legends/champion/Elva_Autumnborn.jpg,data/raw/pages/raid_shadow_legends_elva_autumnborn_skill_mastery_equip_guide.html,data/raw/images/elva_autumnborn_46f0c19868.jpg,data/processed/icons/elva_autumnborn.png,data/processed/debug/elva_autumnborn_crop_debug.jpg,"14,378,197,532",48,64
embrys_the_anomaly,Embrys the Anomaly,SS,KR-MSF,KR,Knights Revenant,M,Mythical,S,Support,F,Force,1,https://ayumilove.net/raid-shadow-legends-list-of-champions-by-ranking/,https://ayumilove.net/raid-shadow-legends-embrys-the-anomaly-skill-mastery-equip-guide/,https://ayumilove.net/files/games/raid_shadow_legends/champion/Embrys_the_Anomaly.jpg,data/raw/pages/raid_shadow_legends_embrys_the_anomaly_skill_mastery_equip_guide.html,data/raw/images/embrys_the_anomaly_77037095f1.jpg,data/processed/icons/embrys_the_anomaly.png,data/processed/debug/embrys_the_anomaly_crop_debug.jpg,"14,378,197,532",48,64
emic_trunkheart,Emic Trunkheart,A,SY-LHV,SY,Sylvan Watchers,L,Legendary,H,HP,V,Void,160,https://ayumilove.net/raid-shadow-legends-list-of-champions-by-ranking/,https://ayumilove.net/raid-shadow-legends-emic-trunkheart-skill-mastery-equip-guide/,https://ayumilove.net/files/games/raid_shadow_legends/champion/Emic_Trunkheart.jpg,data/raw/pages/raid_shadow_legends_emic_trunkheart_skill_mastery_equip_guide.html,data/raw/images/emic_trunkheart_ce59a9cbd7.jpg,data/processed/icons/emic_trunkheart.png,data/processed/debug/emic_trunkheart_crop_debug.jpg,"14,378,197,532",48,64
enda_moonbeam,Enda Moonbeam,C,SY-EAS,SY,Sylvan Watchers,E,Epic,A,Attack,S,Spirit,655,https://ayumilove.net/raid-shadow-legends-list-of-champions-by-ranking/,https://ayumilove.net/raid-shadow-legends-enda-moonbeam-skill-mastery-equip-guide/,https://ayumilove.net/files/games/raid_shadow_legends/champion/Enda_Moonbeam.jpg,data/raw/pages/raid_shadow_legends_enda_moonbeam_skill_mastery_equip_guide.html,data/raw/images/enda_moonbeam_54b17c1675.jpg,data/processed/icons/enda_moonbeam.png,data/processed/debug/enda_moonbeam_crop_debug.jpg,"14,378,197,532",48,64
endalia,Endalia,B,HE-EHM,HE,High Elves,E,Epic,H,HP,M,Magic,527,https://ayumilove.net/raid-shadow-legends-list-of-champions-by-ranking/,https://ayumilove.net/raid-shadow-legends-endalia-skill-mastery-equip-guide/,https://ayumilove.net/files/games/raid_shadow_legends/champion/Endalia.jpg,data/raw/pages/raid_shadow_legends_endalia_skill_mastery_equip_guide.html,data/raw/images/endalia_7be1e84c61.jpg,data/processed/icons/endalia.png,data/processed/debug/endalia_crop_debug.jpg,"14,378,197,532",48,64
eolfrig,Eolfrig,B,BL-ESS,BL,Banner Lords,E,Epic,S,Support,S,Spirit,528,https://ayumilove.net/raid-shadow-legends-list-of-champions-by-ranking/,https://ayumilove.net/raid-shadow-legends-eolfrig-skill-mastery-equip-guide/,https://ayumilove.net/files/games/raid_shadow_legends/champion/Eolfrig.jpg,data/raw/pages/raid_shadow_legends_eolfrig_skill_mastery_equip_guide.html,data/raw/images/eolfrig_f5dd9cc989.jpg,data/processed/icons/eolfrig.png,data/processed/debug/eolfrig_crop_debug.jpg,"14,378,197,532",48,64
eostrid_dreamsong,Eostrid Dreamsong,A,SY-LSF,SY,Sylvan Watchers,L,Legendary,S,Support,F,Force,161,https://ayumilove.net/raid-shadow-legends-list-of-champions-by-ranking/,https://ayumilove.net/raid-shadow-legends-eostrid-dreamsong-skill-mastery-equip-guide/,https://ayumilove.net/files/games/raid_shadow_legends/champion/Eostrid_Dreamsong.jpg,data/raw/pages/raid_shadow_legends_eostrid_dreamsong_skill_mastery_equip_guide.html,data/raw/images/eostrid_dreamsong_8306f0ee05.jpg,data/processed/icons/eostrid_dreamsong.png,data/processed/debug/eostrid_dreamsong_crop_debug.jpg,"14,378,197,532",48,64
erinyes,Erinyes,B,DS-EAF,DS,Demonspawn,E,Epic,A,Attack,F,Force,529,https://ayumilove.net/raid-shadow-legends-list-of-champions-by-ranking/,https://ayumilove.net/raid-shadow-legends-erinyes-skill-mastery-equip-guide/,https://ayumilove.net/files/games/raid_shadow_legends/champion/Erinyes.jpg,data/raw/pages/raid_shadow_legends_erinyes_skill_mastery_equip_guide.html,data/raw/images/erinyes_b8737b47f8.jpg,data/processed/icons/erinyes.png,data/processed/debug/erinyes_crop_debug.jpg,"14,378,197,532",48,64
errol,Errol,B,SO-LAF,SO,The Sacred Order,L,Legendary,A,Attack,F,Force,317,https://ayumilove.net/raid-shadow-legends-list-of-champions-by-ranking/,https://ayumilove.net/raid-shadow-legends-errol-skill-mastery-equip-guide/,https://ayumilove.net/files/games/raid_shadow_legends/champion/Errol.jpg,data/raw/pages/raid_shadow_legends_errol_skill_mastery_equip_guide.html,data/raw/images/errol_cc3542fad3.jpg,data/processed/icons/errol.png,data/processed/debug/errol_crop_debug.jpg,"14,378,197,532",48,64
esme_the_dancer,Esme the Dancer,A,BA-LSF,BA,Barbarians,L,Legendary,S,Support,F,Force,162,https://ayumilove.net/raid-shadow-legends-list-of-champions-by-ranking/,https://ayumilove.net/raid-shadow-legends-esme-the-dancer-skill-mastery-equip-guide/,https://ayumilove.net/files/games/raid_shadow_legends/champion/Esme_the_Dancer.jpg,data/raw/pages/raid_shadow_legends_esme_the_dancer_skill_mastery_equip_guide.html,data/raw/images/esme_the_dancer_a445fdd278.jpg,data/processed/icons/esme_the_dancer.png,data/processed/debug/esme_the_dancer_crop_debug.jpg,"14,378,197,532",48,64
ethlen_the_golden,Ethlen the Golden,C,HE-EAV,HE,High Elves,E,Epic,A,Attack,V,Void,656,https://ayumilove.net/raid-shadow-legends-list-of-champions-by-ranking/,https://ayumilove.net/raid-shadow-legends-ethlen-the-golden-skill-mastery-equip-guide/,https://ayumilove.net/files/games/raid_shadow_legends/champion/Ethlen_the_Golden.jpg,data/raw/pages/raid_shadow_legends_ethlen_the_golden_skill_mastery_equip_guide.html,data/raw/images/ethlen_the_golden_9bc4ce72c5.jpg,data/processed/icons/ethlen_the_golden.png,data/processed/debug/ethlen_the_golden_crop_debug.jpg,"14,378,197,532",48,64
eviscerator,Eviscerator,C,DE-RAV,DE,Dark Elves,R,Rare,A,Attack,V,Void,804,https://ayumilove.net/raid-shadow-legends-list-of-champions-by-ranking/,https://ayumilove.net/raid-shadow-legends-eviscerator-skill-mastery-equip-guide/,https://ayumilove.net/files/games/raid_shadow_legends/champion/Eviscerator.jpg,data/raw/pages/raid_shadow_legends_eviscerator_skill_mastery_equip_guide.html,data/raw/images/eviscerator_edef7b619d.jpg,data/processed/icons/eviscerator.png,data/processed/debug/eviscerator_crop_debug.jpg,"14,378,197,532",48,64
excruciator,Excruciator,B,DS-EAM,DS,Demonspawn,E,Epic,A,Attack,M,Magic,530,https://ayumilove.net/raid-shadow-legends-list-of-champions-by-ranking/,https://ayumilove.net/raid-shadow-legends-excruciator-skill-mastery-equip-guide/,https://ayumilove.net/files/games/raid_shadow_legends/champion/Excruciator.jpg,data/raw/pages/raid_shadow_legends_excruciator_skill_mastery_equip_guide.html,data/raw/images/excruciator_1a888d1cca.jpg,data/processed/icons/excruciator.png,data/processed/debug/excruciator_crop_debug.jpg,"14,378,197,532",48,64
executioner,Executioner,B,KR-RDM,KR,Knights Revenant,R,Rare,D,Defense,M,Magic,735,https://ayumilove.net/raid-shadow-legends-list-of-champions-by-ranking/,https://ayumilove.net/raid-shadow-legends-executioner-skill-mastery-equip-guide/,https://ayumilove.net/files/games/raid_shadow_legends/champion/Executioner.jpg,data/raw/pages/raid_shadow_legends_executioner_skill_mastery_equip_guide.html,data/raw/images/executioner_16edeb7ae9.jpg,data/processed/icons/executioner.png,data/processed/debug/executioner_crop_debug.jpg,"14,378,197,532",48,64
exemplar,Exemplar,B,HE-EAV,HE,High Elves,E,Epic,A,Attack,V,Void,531,https://ayumilove.net/raid-shadow-legends-list-of-champions-by-ranking/,https://ayumilove.net/raid-shadow-legends-exemplar-skill-mastery-equip-guide/,https://ayumilove.net/files/games/raid_shadow_legends/champion/Exemplar.jpg,data/raw/pages/raid_shadow_legends_exemplar_skill_mastery_equip_guide.html,data/raw/images/exemplar_eade20436e.jpg,data/processed/icons/exemplar.png,data/processed/debug/exemplar_crop_debug.jpg,"14,378,197,532",48,64
ezio_auditore,Ezio Auditore,A,SO-LAS,SO,The Sacred Order,L,Legendary,A,Attack,S,Spirit,163,https://ayumilove.net/raid-shadow-legends-list-of-champions-by-ranking/,https://ayumilove.net/raid-shadow-legends-ezio-auditore-skill-mastery-equip-guide/,https://ayumilove.net/files/games/raid_shadow_legends/champion/Ezio_Auditore.jpg,data/raw/pages/raid_shadow_legends_ezio_auditore_skill_mastery_equip_guide.html,data/raw/images/ezio_auditore_ce5580f05f.jpg,data/processed/icons/ezio_auditore.png,data/processed/debug/ezio_auditore_crop_debug.jpg,"14,378,197,532",48,64
faceless,Faceless,B,KR-EAV,KR,Knights Revenant,E,Epic,A,Attack,V,Void,532,https://ayumilove.net/raid-shadow-legends-list-of-champions-by-ranking/,https://ayumilove.net/raid-shadow-legends-faceless-skill-mastery-equip-guide/,https://ayumilove.net/files/games/raid_shadow_legends/champion/Faceless.jpg,data/raw/pages/raid_shadow_legends_faceless_skill_mastery_equip_guide.html,data/raw/images/faceless_0a5bc1756b.jpg,data/processed/icons/faceless.png,data/processed/debug/faceless_crop_debug.jpg,"14,378,197,532",48,64
fahrakin_the_fat,Fahrakin the Fat,S,BA-EAS,BA,Barbarians,E,Epic,A,Attack,S,Spirit,417,https://ayumilove.net/raid-shadow-legends-list-of-champions-by-ranking/,https://ayumilove.net/raid-shadow-legends-fahrakin-the-fat-skill-mastery-equip-guide/,https://ayumilove.net/files/games/raid_shadow_legends/champion/Fahrakin_the_Fat.jpg,data/raw/pages/raid_shadow_legends_fahrakin_the_fat_skill_mastery_equip_guide.html,data/raw/images/fahrakin_the_fat_0ffa0e2045.jpg,data/processed/icons/fahrakin_the_fat.png,data/processed/debug/fahrakin_the_fat_crop_debug.jpg,"14,378,197,532",48,64
falmond_mournsword,Falmond Mournsword,A,SO-LAS,SO,The Sacred Order,L,Legendary,A,Attack,S,Spirit,164,https://ayumilove.net/raid-shadow-legends-list-of-champions-by-ranking/,https://ayumilove.net/raid-shadow-legends-falmond-mournsword-skill-mastery-equip-guide/,https://ayumilove.net/files/games/raid_shadow_legends/champion/Falmond_Mournsword.jpg,data/raw/pages/raid_shadow_legends_falmond_mournsword_skill_mastery_equip_guide.html,data/raw/images/falmond_mournsword_56405372f0.jpg,data/processed/icons/falmond_mournsword.png,data/processed/debug/falmond_mournsword_crop_debug.jpg,"14,378,197,532",48,64
fanatic,Fanatic,C,SK-RSV,SK,Shadowkin,R,Rare,S,Support,V,Void,805,https://ayumilove.net/raid-shadow-legends-list-of-champions-by-ranking/,https://ayumilove.net/raid-shadow-legends-fanatic-skill-mastery-equip-guide/,https://ayumilove.net/files/games/raid_shadow_legends/champion/Fanatic.jpg,data/raw/pages/raid_shadow_legends_fanatic_skill_mastery_equip_guide.html,data/raw/images/fanatic_650dc7fd6d.jpg,data/processed/icons/fanatic.png,data/processed/debug/fanatic_crop_debug.jpg,"14,378,197,532",48,64
fang_cleric,Fang Cleric,B,DE-ESS,DE,Dark Elves,E,Epic,S,Support,S,Spirit,533,https://ayumilove.net/raid-shadow-legends-list-of-champions-by-ranking/,https://ayumilove.net/raid-shadow-legends-fang-cleric-skill-mastery-equip-guide/,https://ayumilove.net/files/games/raid_shadow_legends/champion/Fang_Cleric.jpg,data/raw/pages/raid_shadow_legends_fang_cleric_skill_mastery_equip_guide.html,data/raw/images/fang_cleric_327278f6a1.jpg,data/processed/icons/fang_cleric.png,data/processed/debug/fang_cleric_crop_debug.jpg,"14,378,197,532",48,64
fatalis_blademaster,Fatalis Blademaster,B,DE-LHV,DE,Dark Elves,L,Legendary,H,HP,V,Void,318,https://ayumilove.net/raid-shadow-legends-list-of-champions-by-ranking/,https://ayumilove.net/raid-shadow-legends-fatalis-blademaster-skill-mastery-equip-guide/,https://ayumilove.net/files/games/raid_shadow_legends/champion/Fatalis_Blademaster.jpg,data/raw/pages/raid_shadow_legends_fatalis_blademaster_skill_mastery_equip_guide.html,data/raw/images/fatalis_blademaster_2e886da7c3.jpg,data/processed/icons/fatalis_blademaster.png,data/processed/debug/fatalis_blademaster_crop_debug.jpg,"14,378,197,532",48,64
fayne,Fayne,B,SW-EAS,SW,Skinwalkers,E,Epic,A,Attack,S,Spirit,534,https://ayumilove.net/raid-shadow-legends-list-of-champions-by-ranking/,https://ayumilove.net/raid-shadow-legends-fayne-skill-mastery-equip-guide/,https://ayumilove.net/files/games/raid_shadow_legends/champion/Fayne.jpg,data/raw/pages/raid_shadow_legends_fayne_skill_mastery_equip_guide.html,data/raw/images/fayne_49832ecf09.jpg,data/processed/icons/fayne.png,data/processed/debug/fayne_crop_debug.jpg,"14,378,197,532",48,64
fellhound,Fellhound,B,DS-RDV,DS,Demonspawn,R,Rare,D,Defense,V,Void,736,https://ayumilove.net/raid-shadow-legends-list-of-champions-by-ranking/,https://ayumilove.net/raid-shadow-legends-fellhound-skill-mastery-equip-guide/,https://ayumilove.net/files/games/raid_shadow_legends/champion/Fellhound.jpg,data/raw/pages/raid_shadow_legends_fellhound_skill_mastery_equip_guide.html,data/raw/images/fellhound_e784bab819.jpg,data/processed/icons/fellhound.png,data/processed/debug/fellhound_crop_debug.jpg,"14,378,197,532",48,64
fenax,Fenax,B,SO-EAS,SO,The Sacred Order,E,Epic,A,Attack,S,Spirit,535,https://ayumilove.net/raid-shadow-legends-list-of-champions-by-ranking/,https://ayumilove.net/raid-shadow-legends-fenax-skill-mastery-equip-guide/,https://ayumilove.net/files/games/raid_shadow_legends/champion/Fenax.jpg,data/raw/pages/raid_shadow_legends_fenax_skill_mastery_equip_guide.html,data/raw/images/fenax_3d5dd424a4.jpg,data/processed/icons/fenax.png,data/processed/debug/fenax_crop_debug.jpg,"14,378,197,532",48,64
fencer,Fencer,C,HE-RAF,HE,High Elves,R,Rare,A,Attack,F,Force,806,https://ayumilove.net/raid-shadow-legends-list-of-champions-by-ranking/,https://ayumilove.net/raid-shadow-legends-fencer-skill-mastery-equip-guide/,https://ayumilove.net/files/games/raid_shadow_legends/champion/Fencer.jpg,data/raw/pages/raid_shadow_legends_fencer_skill_mastery_equip_guide.html,data/raw/images/fencer_f5e3f8aece.jpg,data/processed/icons/fencer.png,data/processed/debug/fencer_crop_debug.jpg,"14,378,197,532",48,64
fenshi,Fenshi,B,SK-EAF,SK,Shadowkin,E,Epic,A,Attack,F,Force,536,https://ayumilove.net/raid-shadow-legends-list-of-champions-by-ranking/,https://ayumilove.net/raid-shadow-legends-fenshi-skill-mastery-equip-guide/,https://ayumilove.net/files/games/raid_shadow_legends/champion/Fenshi.jpg,data/raw/pages/raid_shadow_legends_fenshi_skill_mastery_equip_guide.html,data/raw/images/fenshi_e4827e318a.jpg,data/processed/icons/fenshi.png,data/processed/debug/fenshi_crop_debug.jpg,"14,378,197,532",48,64
fireblade,Fireblade,A,BL-UAS,BL,Banner Lords,U,Uncommon,A,Attack,S,Spirit,944,https://ayumilove.net/raid-shadow-legends-list-of-champions-by-ranking/,https://ayumilove.net/raid-shadow-legends-fireblade-skill-mastery-equip-guide/,https://ayumilove.net/files/games/raid_shadow_legends/champion/Fireblade.jpg,data/raw/pages/raid_shadow_legends_fireblade_skill_mastery_equip_guide.html,data/raw/images/fireblade_36adf53419.jpg,data/processed/icons/fireblade.png,data/processed/debug/fireblade_crop_debug.jpg,"14,378,197,532",48,64
firrol_the_barkhorn,Firrol the Barkhorn,S,SY-LDS,SY,Sylvan Watchers,L,Legendary,D,Defense,S,Spirit,53,https://ayumilove.net/raid-shadow-legends-list-of-champions-by-ranking/,https://ayumilove.net/raid-shadow-legends-firrol-the-barkhorn-skill-mastery-equip-guide/,https://ayumilove.net/files/games/raid_shadow_legends/champion/Firrol_the_Barkhorn.jpg,data/raw/pages/raid_shadow_legends_firrol_the_barkhorn_skill_mastery_equip_guide.html,data/raw/images/firrol_the_barkhorn_5a838de5ad.jpg,data/processed/icons/firrol_the_barkhorn.png,data/processed/debug/firrol_the_barkhorn_crop_debug.jpg,"14,378,197,532",48,64
first_ax_tuskkor,First Ax Tuskkor,A,OT-LAF,OT,Ogryn Tribes,L,Legendary,A,Attack,F,Force,165,https://ayumilove.net/raid-shadow-legends-list-of-champions-by-ranking/,https://ayumilove.net/raid-shadow-legends-first-ax-tuskkor-skill-mastery-equip-guide/,https://ayumilove.net/files/games/raid_shadow_legends/champion/First_Ax_Tuskkor.jpg,data/raw/pages/raid_shadow_legends_first_ax_tuskkor_skill_mastery_equip_guide.html,data/raw/images/first_ax_tuskkor_27609bf5e5.jpg,data/processed/icons/first_ax_tuskkor.png,data/processed/debug/first_ax_tuskkor_crop_debug.jpg,"14,378,197,532",48,64
fjorad_wolfheart,Fjorad Wolfheart,C,DW-MSS,DW,Dwarves,M,Mythical,S,Support,S,Spirit,31,https://ayumilove.net/raid-shadow-legends-list-of-champions-by-ranking/,https://ayumilove.net/raid-shadow-legends-fjorad-wolfheart-skill-mastery-equip-guide/,https://ayumilove.net/files/games/raid_shadow_legends/champion/Fjorad_Wolfheart.jpg,data/raw/pages/raid_shadow_legends_fjorad_wolfheart_skill_mastery_equip_guide.html,data/raw/images/fjorad_wolfheart_4adc15ddde.jpg,data/processed/icons/fjorad_wolfheart.png,data/processed/debug/fjorad_wolfheart_crop_debug.jpg,"14,378,197,532",48,64
flailer,Flailer,F,DW-RDM,DW,Dwarves,R,Rare,D,Defense,M,Magic,885,https://ayumilove.net/raid-shadow-legends-list-of-champions-by-ranking/,https://ayumilove.net/raid-shadow-legends-flailer-skill-mastery-equip-guide/,https://ayumilove.net/files/games/raid_shadow_legends/champion/Flailer.jpg,data/raw/pages/raid_shadow_legends_flailer_skill_mastery_equip_guide.html,data/raw/images/flailer_2a7446ae49.jpg,data/processed/icons/flailer.png,data/processed/debug/flailer_crop_debug.jpg,"14,378,197,532",48,64
flesh_tearer,Flesh-Tearer,C,SW-ESM,SW,Skinwalkers,E,Epic,S,Support,M,Magic,657,https://ayumilove.net/raid-shadow-legends-list-of-champions-by-ranking/,https://ayumilove.net/raid-shadow-legends-flesh-tearer-skill-mastery-equip-guide/,https://ayumilove.net/files/games/raid_shadow_legends/champion/Flesh_Tearer.jpg,data/raw/pages/raid_shadow_legends_flesh_tearer_skill_mastery_equip_guide.html,data/raw/images/flesh_tearer_9c077806dd.jpg,data/processed/icons/flesh_tearer.png,data/processed/debug/flesh_tearer_crop_debug.jpg,"14,378,197,532",48,64
flesheater,Flesheater,C,OT-RSS,OT,Ogryn Tribes,R,Rare,S,Support,S,Spirit,807,https://ayumilove.net/raid-shadow-legends-list-of-champions-by-ranking/,https://ayumilove.net/raid-shadow-legends-flesheater-skill-mastery-equip-guide/,https://ayumilove.net/files/games/raid_shadow_legends/champion/Flesheater.jpg,data/raw/pages/raid_shadow_legends_flesheater_skill_mastery_equip_guide.html,data/raw/images/flesheater_dc072c407f.jpg,data/processed/icons/flesheater.png,data/processed/debug/flesheater_crop_debug.jpg,"14,378,197,532",48,64
fleshmonger,Fleshmonger,B,SW-RAM,SW,Skinwalkers,R,Rare,A,Attack,M,Magic,737,https://ayumilove.net/raid-shadow-legends-list-of-champions-by-ranking/,https://ayumilove.net/raid-shadow-legends-fleshmonger-skill-mastery-equip-guide/,https://ayumilove.net/files/games/raid_shadow_legends/champion/Fleshmonger.jpg,data/raw/pages/raid_shadow_legends_fleshmonger_skill_mastery_equip_guide.html,data/raw/images/fleshmonger_a074166166.jpg,data/processed/icons/fleshmonger.png,data/processed/debug/fleshmonger_crop_debug.jpg,"14,378,197,532",48,64
flinger,Flinger,F,LZ-RAS,LZ,Lizardmen,R,Rare,A,Attack,S,Spirit,886,https://ayumilove.net/raid-shadow-legends-list-of-champions-by-ranking/,https://ayumilove.net/raid-shadow-legends-flinger-skill-mastery-equip-guide/,https://ayumilove.net/files/games/raid_shadow_legends/champion/Flinger.jpg,data/raw/pages/raid_shadow_legends_flinger_skill_mastery_equip_guide.html,data/raw/images/flinger_b18260d237.jpg,data/processed/icons/flinger.png,data/processed/debug/flinger_crop_debug.jpg,"14,378,197,532",48,64
fodbor_the_bard,Fodbor the Bard,B,DW-EAS,DW,Dwarves,E,Epic,A,Attack,S,Spirit,537,https://ayumilove.net/raid-shadow-legends-list-of-champions-by-ranking/,https://ayumilove.net/raid-shadow-legends-fodbor-the-bard-skill-mastery-equip-guide/,https://ayumilove.net/files/games/raid_shadow_legends/champion/Fodbor_the_Bard.jpg,data/raw/pages/raid_shadow_legends_fodbor_the_bard_skill_mastery_equip_guide.html,data/raw/images/fodbor_the_bard_4e86a9d030.jpg,data/processed/icons/fodbor_the_bard.png,data/processed/debug/fodbor_the_bard_crop_debug.jpg,"14,378,197,532",48,64
foli,Foli,B,DE-LAM,DE,Dark Elves,L,Legendary,A,Attack,M,Magic,319,https://ayumilove.net/raid-shadow-legends-list-of-champions-by-ranking/,https://ayumilove.net/raid-shadow-legends-foli-skill-mastery-equip-guide/,https://ayumilove.net/files/games/raid_shadow_legends/champion/Foli.jpg,data/raw/pages/raid_shadow_legends_foli_skill_mastery_equip_guide.html,data/raw/images/foli_21121d4051.jpg,data/processed/icons/foli.png,data/processed/debug/foli_crop_debug.jpg,"14,378,197,532",48,64
fortress_goon,Fortress Goon,F,OT-RDM,OT,Ogryn Tribes,R,Rare,D,Defense,M,Magic,887,https://ayumilove.net/raid-shadow-legends-list-of-champions-by-ranking/,https://ayumilove.net/raid-shadow-legends-fortress-goon-skill-mastery-equip-guide/,https://ayumilove.net/files/games/raid_shadow_legends/champion/Fortress_Goon.jpg,data/raw/pages/raid_shadow_legends_fortress_goon_skill_mastery_equip_guide.html,data/raw/images/fortress_goon_f2ebc0be7c.jpg,data/processed/icons/fortress_goon.png,data/processed/debug/fortress_goon_crop_debug.jpg,"14,378,197,532",48,64
fortus,Fortus,B,KR-LDV,KR,Knights Revenant,L,Legendary,D,Defense,V,Void,320,https://ayumilove.net/raid-shadow-legends-list-of-champions-by-ranking/,https://ayumilove.net/raid-shadow-legends-fortus-skill-mastery-equip-guide/,https://ayumilove.net/files/games/raid_shadow_legends/champion/Fortus.jpg,data/raw/pages/raid_shadow_legends_fortus_skill_mastery_equip_guide.html,data/raw/images/fortus_75de5b4f99.jpg,data/processed/icons/fortus.png,data/processed/debug/fortus_crop_debug.jpg,"14,378,197,532",48,64
frenzi_the_cackler,Frenzi the Cackler,B,SW-EDV,SW,Skinwalkers,E,Epic,D,Defense,V,Void,538,https://ayumilove.net/raid-shadow-legends-list-of-champions-by-ranking/,https://ayumilove.net/raid-shadow-legends-frenzi-the-cackler-skill-mastery-equip-guide/,https://ayumilove.net/files/games/raid_shadow_legends/champion/Frenzi_the_Cackler.jpg,data/raw/pages/raid_shadow_legends_frenzi_the_cackler_skill_mastery_equip_guide.html,data/raw/images/frenzi_the_cackler_77c0189d23.jpg,data/processed/icons/frenzi_the_cackler.png,data/processed/debug/frenzi_the_cackler_crop_debug.jpg,"14,378,197,532",48,64
freyja_fateweaver,Freyja Fateweaver,A,BA-LDF,BA,Barbarians,L,Legendary,D,Defense,F,Force,166,https://ayumilove.net/raid-shadow-legends-list-of-champions-by-ranking/,https://ayumilove.net/raid-shadow-legends-freyja-fateweaver-skill-mastery-equip-guide/,https://ayumilove.net/files/games/raid_shadow_legends/champion/Freyja_Fateweaver.jpg,data/raw/pages/raid_shadow_legends_freyja_fateweaver_skill_mastery_equip_guide.html,data/raw/images/freyja_fateweaver_8062787e69.jpg,data/processed/icons/freyja_fateweaver.png,data/processed/debug/freyja_fateweaver_crop_debug.jpg,"14,378,197,532",48,64
frolni_the_mechanist,Frolni the Mechanist,C,DW-MHM,DW,Dwarves,M,Mythical,H,HP,M,Magic,32,https://ayumilove.net/raid-shadow-legends-list-of-champions-by-ranking/,https://ayumilove.net/raid-shadow-legends-frolni-the-mechanist-skill-mastery-equip-guide/,https://ayumilove.net/files/games/raid_shadow_legends/champion/Frolni_the_Mechanist.jpg,data/raw/pages/raid_shadow_legends_frolni_the_mechanist_skill_mastery_equip_guide.html,data/raw/images/frolni_the_mechanist_2acace7f03.jpg,data/processed/icons/frolni_the_mechanist.png,data/processed/debug/frolni_the_mechanist_crop_debug.jpg,"14,378,197,532",48,64
frontline_warrior,Frontline Warrior,C,BL-UDS,BL,Banner Lords,U,Uncommon,D,Defense,S,Spirit,970,https://ayumilove.net/raid-shadow-legends-list-of-champions-by-ranking/,https://ayumilove.net/raid-shadow-legends-frontline-warrior-skill-mastery-equip-guide/,https://ayumilove.net/files/games/raid_shadow_legends/champion/Frontline_Warrior.jpg,data/raw/pages/raid_shadow_legends_frontline_warrior_skill_mastery_equip_guide.html,data/raw/images/frontline_warrior_0a20a4b6ce.jpg,data/processed/icons/frontline_warrior.png,data/processed/debug/frontline_warrior_crop_debug.jpg,"14,378,197,532",48,64
frostbringer,Frostbringer,C,SO-ESM,SO,The Sacred Order,E,Epic,S,Support,M,Magic,658,https://ayumilove.net/raid-shadow-legends-list-of-champions-by-ranking/,https://ayumilove.net/raid-shadow-legends-frostbringer-skill-mastery-equip-guide/,https://ayumilove.net/files/games/raid_shadow_legends/champion/Frostbringer.jpg,data/raw/pages/raid_shadow_legends_frostbringer_skill_mastery_equip_guide.html,data/raw/images/frostbringer_a6c48a1904.jpg,data/processed/icons/frostbringer.png,data/processed/debug/frostbringer_crop_debug.jpg,"14,378,197,532",48,64
frostskin,Frostskin,B,OT-USM,OT,Ogryn Tribes,U,Uncommon,S,Support,M,Magic,953,https://ayumilove.net/raid-shadow-legends-list-of-champions-by-ranking/,https://ayumilove.net/raid-shadow-legends-frostskin-skill-mastery-equip-guide/,https://ayumilove.net/files/games/raid_shadow_legends/champion/Frostskin.jpg,data/raw/pages/raid_shadow_legends_frostskin_skill_mastery_equip_guide.html,data/raw/images/frostskin_019b7fa61a.jpg,data/processed/icons/frostskin.png,data/processed/debug/frostskin_crop_debug.jpg,"14,378,197,532",48,64
frozen_banshee,Frozen Banshee,C,UH-RAM,UH,Undead Hordes,R,Rare,A,Attack,M,Magic,808,https://ayumilove.net/raid-shadow-legends-list-of-champions-by-ranking/,https://ayumilove.net/raid-shadow-legends-frozen-banshee-skill-mastery-equip-guide/,https://ayumilove.net/files/games/raid_shadow_legends/champion/Frozen_Banshee.jpg,data/raw/pages/raid_shadow_legends_frozen_banshee_skill_mastery_equip_guide.html,data/raw/images/frozen_banshee_f68d3d607b.jpg,data/processed/icons/frozen_banshee.png,data/processed/debug/frozen_banshee_crop_debug.jpg,"14,378,197,532",48,64
fu_shan,Fu-Shan,A,LZ-LAF,LZ,Lizardmen,L,Legendary,A,Attack,F,Force,167,https://ayumilove.net/raid-shadow-legends-list-of-champions-by-ranking/,https://ayumilove.net/raid-shadow-legends-fu-shan-skill-mastery-equip-guide/,https://ayumilove.net/files/games/raid_shadow_legends/champion/Fu_Shan.jpg,data/raw/pages/raid_shadow_legends_fu_shan_skill_mastery_equip_guide.html,data/raw/images/fu_shan_987a04ee81.jpg,data/processed/icons/fu_shan.png,data/processed/debug/fu_shan_crop_debug.jpg,"14,378,197,532",48,64
furystoker,Furystoker,B,OT-RSS,OT,Ogryn Tribes,R,Rare,S,Support,S,Spirit,738,https://ayumilove.net/raid-shadow-legends-list-of-champions-by-ranking/,https://ayumilove.net/raid-shadow-legends-furystoker-skill-mastery-equip-guide/,https://ayumilove.net/files/games/raid_shadow_legends/champion/Furystoker.jpg,data/raw/pages/raid_shadow_legends_furystoker_skill_mastery_equip_guide.html,data/raw/images/furystoker_bfe1c5050a.jpg,data/processed/icons/furystoker.png,data/processed/debug/furystoker_crop_debug.jpg,"14,378,197,532",48,64
fylja,Fylja,B,DW-EAM,DW,Dwarves,E,Epic,A,Attack,M,Magic,539,https://ayumilove.net/raid-shadow-legends-list-of-champions-by-ranking/,https://ayumilove.net/raid-shadow-legends-fylja-skill-mastery-equip-guide/,https://ayumilove.net/files/games/raid_shadow_legends/champion/Fylja.jpg,data/raw/pages/raid_shadow_legends_fylja_skill_mastery_equip_guide.html,data/raw/images/fylja_92ed8a458f.jpg,data/processed/icons/fylja.png,data/processed/debug/fylja_crop_debug.jpg,"14,378,197,532",48,64
fyna_blade_of_aravia,Fyna Blade of Aravia,A,HE-LSM,HE,High Elves,L,Legendary,S,Support,M,Magic,168,https://ayumilove.net/raid-shadow-legends-list-of-champions-by-ranking/,https://ayumilove.net/raid-shadow-legends-fyna-blade-of-aravia-skill-mastery-equip-guide/,https://ayumilove.net/files/games/raid_shadow_legends/champion/Fyna_Blade_of_Aravia.jpg,data/raw/pages/raid_shadow_legends_fyna_blade_of_aravia_skill_mastery_equip_guide.html,data/raw/images/fyna_blade_of_aravia_910c19e0fe.jpg,data/processed/icons/fyna_blade_of_aravia.png,data/processed/debug/fyna_blade_of_aravia_crop_debug.jpg,"14,378,197,532",48,64
fyr_gun_isbeil,Fyr-Gun Isbeil,B,DW-EAF,DW,Dwarves,E,Epic,A,Attack,F,Force,540,https://ayumilove.net/raid-shadow-legends-list-of-champions-by-ranking/,https://ayumilove.net/raid-shadow-legends-fyr-gun-isbeil-skill-mastery-equip-guide/,https://ayumilove.net/files/games/raid_shadow_legends/champion/Fyr_Gun_Isbeil.jpg,data/raw/pages/raid_shadow_legends_fyr_gun_isbeil_skill_mastery_equip_guide.html,data/raw/images/fyr_gun_isbeil_7c04d9034b.jpg,data/processed/icons/fyr_gun_isbeil.png,data/processed/debug/fyr_gun_isbeil_crop_debug.jpg,"14,378,197,532",48,64
gaellut_son_of_the_pact,Gaellut Son of the Pact,S,OR-LHV,OR,Orcs,L,Legendary,H,HP,V,Void,54,https://ayumilove.net/raid-shadow-legends-list-of-champions-by-ranking/,https://ayumilove.net/raid-shadow-legends-gaellut-son-of-the-pact-skill-mastery-equip-guide/,https://ayumilove.net/files/games/raid_shadow_legends/champion/Gaellut_Son_of_the_Pact.jpg,data/raw/pages/raid_shadow_legends_gaellut_son_of_the_pact_skill_mastery_equip_guide.html,data/raw/images/gaellut_son_of_the_pact_47d325f6aa.jpg,data/processed/icons/gaellut_son_of_the_pact.png,data/processed/debug/gaellut_son_of_the_pact_crop_debug.jpg,"14,378,197,532",48,64
gaius_the_gleeful,Gaius the Gleeful,B,KR-LAF,KR,Knights Revenant,L,Legendary,A,Attack,F,Force,321,https://ayumilove.net/raid-shadow-legends-list-of-champions-by-ranking/,https://ayumilove.net/raid-shadow-legends-gaius-the-gleeful-skill-mastery-equip-guide/,https://ayumilove.net/files/games/raid_shadow_legends/champion/Gaius_the_Gleeful.jpg,data/raw/pages/raid_shadow_legends_gaius_the_gleeful_skill_mastery_equip_guide.html,data/raw/images/gaius_the_gleeful_17212fb5de.jpg,data/processed/icons/gaius_the_gleeful.png,data/processed/debug/gaius_the_gleeful_crop_debug.jpg,"14,378,197,532",48,64
gala_longbraids,Gala Longbraids,B,DW-EAV,DW,Dwarves,E,Epic,A,Attack,V,Void,541,https://ayumilove.net/raid-shadow-legends-list-of-champions-by-ranking/,https://ayumilove.net/raid-shadow-legends-gala-longbraids-skill-mastery-equip-guide/,https://ayumilove.net/files/games/raid_shadow_legends/champion/Gala_Longbraids.jpg,data/raw/pages/raid_shadow_legends_gala_longbraids_skill_mastery_equip_guide.html,data/raw/images/gala_longbraids_50d02b473f.jpg,data/processed/icons/gala_longbraids.png,data/processed/debug/gala_longbraids_crop_debug.jpg,"14,378,197,532",48,64
galapo_the_recluse,Galapo the Recluse,B,LZ-ESM,LZ,Lizardmen,E,Epic,S,Support,M,Magic,542,https://ayumilove.net/raid-shadow-legends-list-of-champions-by-ranking/,https://ayumilove.net/raid-shadow-legends-galapo-the-recluse-skill-mastery-equip-guide/,https://ayumilove.net/files/games/raid_shadow_legends/champion/Galapo_the_Recluse.jpg,data/raw/pages/raid_shadow_legends_galapo_the_recluse_skill_mastery_equip_guide.html,data/raw/images/galapo_the_recluse_eabd4df837.jpg,data/processed/icons/galapo_the_recluse.png,data/processed/debug/galapo_the_recluse_crop_debug.jpg,"14,378,197,532",48,64
galek,Galek,B,OR-RAM,OR,Orcs,R,Rare,A,Attack,M,Magic,739,https://ayumilove.net/raid-shadow-legends-list-of-champions-by-ranking/,https://ayumilove.net/raid-shadow-legends-galek-skill-mastery-equip-guide/,https://ayumilove.net/files/games/raid_shadow_legends/champion/Galek.jpg,data/raw/pages/raid_shadow_legends_galek_skill_mastery_equip_guide.html,data/raw/images/galek_44028c79c4.jpg,data/processed/icons/galek.png,data/processed/debug/galek_crop_debug.jpg,"14,378,197,532",48,64
galkut,Galkut,B,OT-EAS,OT,Ogryn Tribes,E,Epic,A,Attack,S,Spirit,543,https://ayumilove.net/raid-shadow-legends-list-of-champions-by-ranking/,https://ayumilove.net/raid-shadow-legends-galkut-skill-mastery-equip-guide/,https://ayumilove.net/files/games/raid_shadow_legends/champion/Galkut.jpg,data/raw/pages/raid_shadow_legends_galkut_skill_mastery_equip_guide.html,data/raw/images/galkut_1820ac0210.jpg,data/processed/icons/galkut.png,data/processed/debug/galkut_crop_debug.jpg,"14,378,197,532",48,64
galleus_bloodcrest,Galleus Bloodcrest,S,SW-MAF,SW,Skinwalkers,M,Mythical,A,Attack,F,Force,10,https://ayumilove.net/raid-shadow-legends-list-of-champions-by-ranking/,https://ayumilove.net/raid-shadow-legends-galleus-bloodcrest-skill-mastery-equip-guide/,https://ayumilove.net/files/games/raid_shadow_legends/champion/Galleus_Bloodcrest.jpg,data/raw/pages/raid_shadow_legends_galleus_bloodcrest_skill_mastery_equip_guide.html,data/raw/images/galleus_bloodcrest_99e4fea08a.jpg,data/processed/icons/galleus_bloodcrest.png,data/processed/debug/galleus_bloodcrest_crop_debug.jpg,"14,378,197,532",48,64
gamuran,Gamuran,B,SK-LSS,SK,Shadowkin,L,Legendary,S,Support,S,Spirit,322,https://ayumilove.net/raid-shadow-legends-list-of-champions-by-ranking/,https://ayumilove.net/raid-shadow-legends-gamuran-skill-mastery-equip-guide/,https://ayumilove.net/files/games/raid_shadow_legends/champion/Gamuran.jpg,data/raw/pages/raid_shadow_legends_gamuran_skill_mastery_equip_guide.html,data/raw/images/gamuran_a4945c97f2.jpg,data/processed/icons/gamuran.png,data/processed/debug/gamuran_crop_debug.jpg,"14,378,197,532",48,64
gaspard_the_accused,Gaspard the Accused,A,UH-LDV,UH,Undead Hordes,L,Legendary,D,Defense,V,Void,169,https://ayumilove.net/raid-shadow-legends-list-of-champions-by-ranking/,https://ayumilove.net/raid-shadow-legends-gaspard-the-accused-skill-mastery-equip-guide/,https://ayumilove.net/files/games/raid_shadow_legends/champion/Gaspard_the_Accused.jpg,data/raw/pages/raid_shadow_legends_gaspard_the_accused_skill_mastery_equip_guide.html,data/raw/images/gaspard_the_accused_b9d9e5061a.jpg,data/processed/icons/gaspard_the_accused.png,data/processed/debug/gaspard_the_accused_crop_debug.jpg,"14,378,197,532",48,64
gator,Gator,B,LZ-RSM,LZ,Lizardmen,R,Rare,S,Support,M,Magic,740,https://ayumilove.net/raid-shadow-legends-list-of-champions-by-ranking/,https://ayumilove.net/raid-shadow-legends-gator-skill-mastery-equip-guide/,https://ayumilove.net/files/games/raid_shadow_legends/champion/Gator.jpg,data/raw/pages/raid_shadow_legends_gator_skill_mastery_equip_guide.html,data/raw/images/gator_7c486b9818.jpg,data/processed/icons/gator.png,data/processed/debug/gator_crop_debug.jpg,"14,378,197,532",48,64
geargrinder,Geargrinder,B,OT-RHV,OT,Ogryn Tribes,R,Rare,H,HP,V,Void,741,https://ayumilove.net/raid-shadow-legends-list-of-champions-by-ranking/,https://ayumilove.net/raid-shadow-legends-geargrinder-skill-mastery-equip-guide/,https://ayumilove.net/files/games/raid_shadow_legends/champion/Geargrinder.jpg,data/raw/pages/raid_shadow_legends_geargrinder_skill_mastery_equip_guide.html,data/raw/images/geargrinder_6bb229c60f.jpg,data/processed/icons/geargrinder.png,data/processed/debug/geargrinder_crop_debug.jpg,"14,378,197,532",48,64
genbo_the_dishonored,Genbo the Dishonored,A,SK-EAV,SK,Shadowkin,E,Epic,A,Attack,V,Void,443,https://ayumilove.net/raid-shadow-legends-list-of-champions-by-ranking/,https://ayumilove.net/raid-shadow-legends-genbo-the-dishonored-skill-mastery-equip-guide/,https://ayumilove.net/files/games/raid_shadow_legends/champion/Genbo_the_Dishonored.jpg,data/raw/pages/raid_shadow_legends_genbo_the_dishonored_skill_mastery_equip_guide.html,data/raw/images/genbo_the_dishonored_2ceeb007fe.jpg,data/processed/icons/genbo_the_dishonored.png,data/processed/debug/genbo_the_dishonored_crop_debug.jpg,"14,378,197,532",48,64
genzin,Genzin,A,SK-LAS,SK,Shadowkin,L,Legendary,A,Attack,S,Spirit,170,https://ayumilove.net/raid-shadow-legends-list-of-champions-by-ranking/,https://ayumilove.net/raid-shadow-legends-genzin-skill-mastery-equip-guide/,https://ayumilove.net/files/games/raid_shadow_legends/champion/Genzin.jpg,data/raw/pages/raid_shadow_legends_genzin_skill_mastery_equip_guide.html,data/raw/images/genzin_23f10a65f1.jpg,data/processed/icons/genzin.png,data/processed/debug/genzin_crop_debug.jpg,"14,378,197,532",48,64
geomancer,Geomancer,SS,DW-EAF,DW,Dwarves,E,Epic,A,Attack,F,Force,408,https://ayumilove.net/raid-shadow-legends-list-of-champions-by-ranking/,https://ayumilove.net/raid-shadow-legends-geomancer-skill-mastery-equip-guide/,https://ayumilove.net/files/games/raid_shadow_legends/champion/Geomancer.jpg,data/raw/pages/raid_shadow_legends_geomancer_skill_mastery_equip_guide.html,data/raw/images/geomancer_f63871a333.jpg,data/processed/icons/geomancer.png,data/processed/debug/geomancer_crop_debug.jpg,"14,378,197,532",48,64
georgid_the_breaker,Georgid the Breaker,A,KR-LAV,KR,Knights Revenant,L,Legendary,A,Attack,V,Void,171,https://ayumilove.net/raid-shadow-legends-list-of-champions-by-ranking/,https://ayumilove.net/raid-shadow-legends-georgid-the-breaker-skill-mastery-equip-guide/,https://ayumilove.net/files/games/raid_shadow_legends/champion/Georgid_the_Breaker.jpg,data/raw/pages/raid_shadow_legends_georgid_the_breaker_skill_mastery_equip_guide.html,data/raw/images/georgid_the_breaker_2599a16b88.jpg,data/processed/icons/georgid_the_breaker.png,data/processed/debug/georgid_the_breaker_crop_debug.jpg,"14,378,197,532",48,64
gerhard_the_stone,Gerhard the Stone,C,BL-EAM,BL,Banner Lords,E,Epic,A,Attack,M,Magic,659,https://ayumilove.net/raid-shadow-legends-list-of-champions-by-ranking/,https://ayumilove.net/raid-shadow-legends-gerhard-the-stone-skill-mastery-equip-guide/,https://ayumilove.net/files/games/raid_shadow_legends/champion/Gerhard_the_Stone.jpg,data/raw/pages/raid_shadow_legends_gerhard_the_stone_skill_mastery_equip_guide.html,data/raw/images/gerhard_the_stone_eb35330083.jpg,data/processed/icons/gerhard_the_stone.png,data/processed/debug/gerhard_the_stone_crop_debug.jpg,"14,378,197,532",48,64
gharol_bloodmaul,Gharol Bloodmaul,S,OR-MHS,OR,Orcs,M,Mythical,H,HP,S,Spirit,11,https://ayumilove.net/raid-shadow-legends-list-of-champions-by-ranking/,https://ayumilove.net/raid-shadow-legends-gharol-bloodmaul-skill-mastery-equip-guide/,https://ayumilove.net/files/games/raid_shadow_legends/champion/Gharol_Bloodmaul.jpg,data/raw/pages/raid_shadow_legends_gharol_bloodmaul_skill_mastery_equip_guide.html,data/raw/images/gharol_bloodmaul_953d8effd5.jpg,data/processed/icons/gharol_bloodmaul.png,data/processed/debug/gharol_bloodmaul_crop_debug.jpg,"14,378,197,532",48,64
ghomm_yellowhand,Ghomm Yellowhand,A,SW-ESV,SW,Skinwalkers,E,Epic,S,Support,V,Void,444,https://ayumilove.net/raid-shadow-legends-list-of-champions-by-ranking/,https://ayumilove.net/raid-shadow-legends-ghomm-yellowhand-skill-mastery-equip-guide/,https://ayumilove.net/files/games/raid_shadow_legends/champion/Ghomm_Yellowhand.jpg,data/raw/pages/raid_shadow_legends_ghomm_yellowhand_skill_mastery_equip_guide.html,data/raw/images/ghomm_yellowhand_591dc7e01b.jpg,data/processed/icons/ghomm_yellowhand.png,data/processed/debug/ghomm_yellowhand_crop_debug.jpg,"14,378,197,532",48,64
ghostborn,Ghostborn,A,DE-LSS,DE,Dark Elves,L,Legendary,S,Support,S,Spirit,172,https://ayumilove.net/raid-shadow-legends-list-of-champions-by-ranking/,https://ayumilove.net/raid-shadow-legends-ghostborn-skill-mastery-equip-guide/,https://ayumilove.net/files/games/raid_shadow_legends/champion/Ghostborn.jpg,data/raw/pages/raid_shadow_legends_ghostborn_skill_mastery_equip_guide.html,data/raw/images/ghostborn_c0181449e9.jpg,data/processed/icons/ghostborn.png,data/processed/debug/ghostborn_crop_debug.jpg,"14,378,197,532",48,64
ghoulish_ranger,Ghoulish Ranger,F,UH-RAS,UH,Undead Hordes,R,Rare,A,Attack,S,Spirit,888,https://ayumilove.net/raid-shadow-legends-list-of-champions-by-ranking/,https://ayumilove.net/raid-shadow-legends-ghoulish-ranger-skill-mastery-equip-guide/,https://ayumilove.net/files/games/raid_shadow_legends/champion/Ghoulish_Ranger.jpg,data/raw/pages/raid_shadow_legends_ghoulish_ranger_skill_mastery_equip_guide.html,data/raw/images/ghoulish_ranger_fb3fc68ef4.jpg,data/processed/icons/ghoulish_ranger.png,data/processed/debug/ghoulish_ranger_crop_debug.jpg,"14,378,197,532",48,64
ghrush_the_mangler,Ghrush the Mangler,A,OT-EDS,OT,Ogryn Tribes,E,Epic,D,Defense,S,Spirit,445,https://ayumilove.net/raid-shadow-legends-list-of-champions-by-ranking/,https://ayumilove.net/raid-shadow-legends-ghrush-the-mangler-skill-mastery-equip-guide/,https://ayumilove.net/files/games/raid_shadow_legends/champion/Ghrush_the_Mangler.jpg,data/raw/pages/raid_shadow_legends_ghrush_the_mangler_skill_mastery_equip_guide.html,data/raw/images/ghrush_the_mangler_82d54af364.jpg,data/processed/icons/ghrush_the_mangler.png,data/processed/debug/ghrush_the_mangler_crop_debug.jpg,"14,378,197,532",48,64
giath_the_truthshield,Giath the Truthshield,A,KR-LDM,KR,Knights Revenant,L,Legendary,D,Defense,M,Magic,173,https://ayumilove.net/raid-shadow-legends-list-of-champions-by-ranking/,https://ayumilove.net/raid-shadow-legends-giath-the-truthshield-skill-mastery-equip-guide/,https://ayumilove.net/files/games/raid_shadow_legends/champion/Giath_the_Truthshield.jpg,data/raw/pages/raid_shadow_legends_giath_the_truthshield_skill_mastery_equip_guide.html,data/raw/images/giath_the_truthshield_ffd8b3af9f.jpg,data/processed/icons/giath_the_truthshield.png,data/processed/debug/giath_the_truthshield_crop_debug.jpg,"14,378,197,532",48,64
ginro_the_stork,Ginro the Stork,B,SK-LDV,SK,Shadowkin,L,Legendary,D,Defense,V,Void,323,https://ayumilove.net/raid-shadow-legends-list-of-champions-by-ranking/,https://ayumilove.net/raid-shadow-legends-ginro-the-stork-skill-mastery-equip-guide/,https://ayumilove.net/files/games/raid_shadow_legends/champion/Ginro_the_Stork.jpg,data/raw/pages/raid_shadow_legends_ginro_the_stork_skill_mastery_equip_guide.html,data/raw/images/ginro_the_stork_0bf0d06812.jpg,data/processed/icons/ginro_the_stork.png,data/processed/debug/ginro_the_stork_crop_debug.jpg,"14,378,197,532",48,64
giscard_the_sigiled,Giscard the Sigiled,A,BL-EDS,BL,Banner Lords,E,Epic,D,Defense,S,Spirit,446,https://ayumilove.net/raid-shadow-legends-list-of-champions-by-ranking/,https://ayumilove.net/raid-shadow-legends-giscard-the-sigiled-skill-mastery-equip-guide/,https://ayumilove.net/files/games/raid_shadow_legends/champion/Giscard_the_Sigiled.jpg,data/raw/pages/raid_shadow_legends_giscard_the_sigiled_skill_mastery_equip_guide.html,data/raw/images/giscard_the_sigiled_2c160d4720.jpg,data/processed/icons/giscard_the_sigiled.png,data/processed/debug/giscard_the_sigiled_crop_debug.jpg,"14,378,197,532",48,64
gizmak_the_terrible,Gizmak the Terrible,S,OT-MSM,OT,Ogryn Tribes,M,Mythical,S,Support,M,Magic,12,https://ayumilove.net/raid-shadow-legends-list-of-champions-by-ranking/,https://ayumilove.net/raid-shadow-legends-gizmak-the-terrible-skill-mastery-equip-guide/,https://ayumilove.net/files/games/raid_shadow_legends/champion/Gizmak_the_Terrible.jpg,data/raw/pages/raid_shadow_legends_gizmak_the_terrible_skill_mastery_equip_guide.html,data/raw/images/gizmak_the_terrible_b3444346d9.jpg,data/processed/icons/gizmak_the_terrible.png,data/processed/debug/gizmak_the_terrible_crop_debug.jpg,"14,378,197,532",48,64
gladewulf,Gladewulf,A,SY-RDV,SY,Sylvan Watchers,R,Rare,D,Defense,V,Void,709,https://ayumilove.net/raid-shadow-legends-list-of-champions-by-ranking/,https://ayumilove.net/raid-shadow-legends-gladewulf-skill-mastery-equip-guide/,https://ayumilove.net/files/games/raid_shadow_legends/champion/Gladewulf.jpg,data/raw/pages/raid_shadow_legends_gladewulf_skill_mastery_equip_guide.html,data/raw/images/gladewulf_ced03dddff.jpg,data/processed/icons/gladewulf.png,data/processed/debug/gladewulf_crop_debug.jpg,"14,378,197,532",48,64
gladiator,Gladiator,B,KR-RAF,KR,Knights Revenant,R,Rare,A,Attack,F,Force,742,https://ayumilove.net/raid-shadow-legends-list-of-champions-by-ranking/,https://ayumilove.net/raid-shadow-legends-gladiator-skill-mastery-equip-guide/,https://ayumilove.net/files/games/raid_shadow_legends/champion/Gladiator.jpg,data/raw/pages/raid_shadow_legends_gladiator_skill_mastery_equip_guide.html,data/raw/images/gladiator_eb5a13a717.jpg,data/processed/icons/gladiator.png,data/processed/debug/gladiator_crop_debug.jpg,"14,378,197,532",48,64
glaicad_of_the_meltwater,Glaicad of the Meltwater,S,SY-LSF,SY,Sylvan Watchers,L,Legendary,S,Support,F,Force,55,https://ayumilove.net/raid-shadow-legends-list-of-champions-by-ranking/,https://ayumilove.net/raid-shadow-legends-glaicad-of-the-meltwater-skill-mastery-equip-guide/,https://ayumilove.net/files/games/raid_shadow_legends/champion/Glaicad_of_the_Meltwater.jpg,data/raw/pages/raid_shadow_legends_glaicad_of_the_meltwater_skill_mastery_equip_guide.html,data/raw/images/glaicad_of_the_meltwater_160a175c1c.jpg,data/processed/icons/glaicad_of_the_meltwater.png,data/processed/debug/glaicad_of_the_meltwater_crop_debug.jpg,"14,378,197,532",48,64
glensage_cithrel,Glensage Cithrel,C,SY-RSV,SY,Sylvan Watchers,R,Rare,S,Support,V,Void,809,https://ayumilove.net/raid-shadow-legends-list-of-champions-by-ranking/,https://ayumilove.net/raid-shadow-legends-glensage-cithrel-skill-mastery-equip-guide/,https://ayumilove.net/files/games/raid_shadow_legends/champion/Glensage_Cithrel.jpg,data/raw/pages/raid_shadow_legends_glensage_cithrel_skill_mastery_equip_guide.html,data/raw/images/glensage_cithrel_0420686c00.jpg,data/processed/icons/glensage_cithrel.png,data/processed/debug/glensage_cithrel_crop_debug.jpg,"14,378,197,532",48,64
glenspear,Glenspear,C,SY-UAM,SY,Sylvan Watchers,U,Uncommon,A,Attack,M,Magic,971,https://ayumilove.net/raid-shadow-legends-list-of-champions-by-ranking/,https://ayumilove.net/raid-shadow-legends-glenspear-skill-mastery-equip-guide/,https://ayumilove.net/files/games/raid_shadow_legends/champion/Glenspear.jpg,data/raw/pages/raid_shadow_legends_glenspear_skill_mastery_equip_guide.html,data/raw/images/glenspear_5ad73c1f71.jpg,data/processed/icons/glenspear.png,data/processed/debug/glenspear_crop_debug.jpg,"14,378,197,532",48,64
gliseah_soulguide,Gliseah Soulguide,A,SO-LDF,SO,The Sacred Order,L,Legendary,D,Defense,F,Force,174,https://ayumilove.net/raid-shadow-legends-list-of-champions-by-ranking/,https://ayumilove.net/raid-shadow-legends-gliseah-soulguide-skill-mastery-equip-guide/,https://ayumilove.net/files/games/raid_shadow_legends/champion/Gliseah_Soulguide.jpg,data/raw/pages/raid_shadow_legends_gliseah_soulguide_skill_mastery_equip_guide.html,data/raw/images/gliseah_soulguide_628491b427.jpg,data/processed/icons/gliseah_soulguide.png,data/processed/debug/gliseah_soulguide_crop_debug.jpg,"14,378,197,532",48,64
gloril_brutebane,Gloril Brutebane,F,DW-RAS,DW,Dwarves,R,Rare,A,Attack,S,Spirit,889,https://ayumilove.net/raid-shadow-legends-list-of-champions-by-ranking/,https://ayumilove.net/raid-shadow-legends-gloril-brutebane-skill-mastery-equip-guide/,https://ayumilove.net/files/games/raid_shadow_legends/champion/Gloril_Brutebane.jpg,data/raw/pages/raid_shadow_legends_gloril_brutebane_skill_mastery_equip_guide.html,data/raw/images/gloril_brutebane_c9aa74b086.jpg,data/processed/icons/gloril_brutebane.png,data/processed/debug/gloril_brutebane_crop_debug.jpg,"14,378,197,532",48,64
glorious_pallas,Glorious Pallas,S,AR-LSM,AR,Argonites,L,Legendary,S,Support,M,Magic,56,https://ayumilove.net/raid-shadow-legends-list-of-champions-by-ranking/,https://ayumilove.net/raid-shadow-legends-glorious-pallas-skill-mastery-equip-guide/,https://ayumilove.net/files/games/raid_shadow_legends/champion/Glorious_Pallas.jpg,data/raw/pages/raid_shadow_legends_glorious_pallas_skill_mastery_equip_guide.html,data/raw/images/glorious_pallas_b29885ac0e.jpg,data/processed/icons/glorious_pallas.png,data/processed/debug/glorious_pallas_crop_debug.jpg,"14,378,197,532",48,64
gnarlhorn,Gnarlhorn,C,SW-RHS,SW,Skinwalkers,R,Rare,H,HP,S,Spirit,810,https://ayumilove.net/raid-shadow-legends-list-of-champions-by-ranking/,https://ayumilove.net/raid-shadow-legends-gnarlhorn-skill-mastery-equip-guide/,https://ayumilove.net/files/games/raid_shadow_legends/champion/Gnarlhorn.jpg,data/raw/pages/raid_shadow_legends_gnarlhorn_skill_mastery_equip_guide.html,data/raw/images/gnarlhorn_11597336f8.jpg,data/processed/icons/gnarlhorn.png,data/processed/debug/gnarlhorn_crop_debug.jpg,"14,378,197,532",48,64
gnarox_blackhorn,Gnarox Blackhorn,B,SW-EDM,SW,Skinwalkers,E,Epic,D,Defense,M,Magic,544,https://ayumilove.net/raid-shadow-legends-list-of-champions-by-ranking/,https://ayumilove.net/raid-shadow-legends-gnarox-blackhorn-skill-mastery-equip-guide/,https://ayumilove.net/files/games/raid_shadow_legends/champion/Gnarox_Blackhorn.jpg,data/raw/pages/raid_shadow_legends_gnarox_blackhorn_skill_mastery_equip_guide.html,data/raw/images/gnarox_blackhorn_4e03b62bfc.jpg,data/processed/icons/gnarox_blackhorn.png,data/processed/debug/gnarox_blackhorn_crop_debug.jpg,"14,378,197,532",48,64
gnishak_verminlord,Gnishak Verminlord,S,SW-LAF,SW,Skinwalkers,L,Legendary,A,Attack,F,Force,57,https://ayumilove.net/raid-shadow-legends-list-of-champions-by-ranking/,https://ayumilove.net/raid-shadow-legends-gnishak-verminlord-skill-mastery-equip-guide/,https://ayumilove.net/files/games/raid_shadow_legends/champion/Gnishak_Verminlord.jpg,data/raw/pages/raid_shadow_legends_gnishak_verminlord_skill_mastery_equip_guide.html,data/raw/images/gnishak_verminlord_fbb651ef13.jpg,data/processed/icons/gnishak_verminlord.png,data/processed/debug/gnishak_verminlord_crop_debug.jpg,"14,378,197,532",48,64
gnut,Gnut,S,DW-LDS,DW,Dwarves,L,Legendary,D,Defense,S,Spirit,58,https://ayumilove.net/raid-shadow-legends-list-of-champions-by-ranking/,https://ayumilove.net/raid-shadow-legends-gnut-skill-mastery-equip-guide/,https://ayumilove.net/files/games/raid_shadow_legends/champion/Gnut.jpg,data/raw/pages/raid_shadow_legends_gnut_skill_mastery_equip_guide.html,data/raw/images/gnut_2954e22242.jpg,data/processed/icons/gnut.png,data/processed/debug/gnut_crop_debug.jpg,"14,378,197,532",48,64
godseeker_aniri,Godseeker Aniri,A,SO-EDV,SO,The Sacred Order,E,Epic,D,Defense,V,Void,447,https://ayumilove.net/raid-shadow-legends-list-of-champions-by-ranking/,https://ayumilove.net/raid-shadow-legends-godseeker-aniri-skill-mastery-equip-guide/,https://ayumilove.net/files/games/raid_shadow_legends/champion/Godseeker_Aniri.jpg,data/raw/pages/raid_shadow_legends_godseeker_aniri_skill_mastery_equip_guide.html,data/raw/images/godseeker_aniri_ddcbd7a5fd.jpg,data/processed/icons/godseeker_aniri.png,data/processed/debug/godseeker_aniri_crop_debug.jpg,"14,378,197,532",48,64
goffred_brassclad,Goffred Brassclad,B,DW-LDM,DW,Dwarves,L,Legendary,D,Defense,M,Magic,324,https://ayumilove.net/raid-shadow-legends-list-of-champions-by-ranking/,https://ayumilove.net/raid-shadow-legends-goffred-brassclad-skill-mastery-equip-guide/,https://ayumilove.net/files/games/raid_shadow_legends/champion/Goffred_Brassclad.jpg,data/raw/pages/raid_shadow_legends_goffred_brassclad_skill_mastery_equip_guide.html,data/raw/images/goffred_brassclad_0891644c51.jpg,data/processed/icons/goffred_brassclad.png,data/processed/debug/goffred_brassclad_crop_debug.jpg,"14,378,197,532",48,64
golden_reaper,Golden Reaper,A,KR-ESV,KR,Knights Revenant,E,Epic,S,Support,V,Void,448,https://ayumilove.net/raid-shadow-legends-list-of-champions-by-ranking/,https://ayumilove.net/raid-shadow-legends-golden-reaper-skill-mastery-equip-guide/,https://ayumilove.net/files/games/raid_shadow_legends/champion/Golden_Reaper.jpg,data/raw/pages/raid_shadow_legends_golden_reaper_skill_mastery_equip_guide.html,data/raw/images/golden_reaper_d0c748db08.jpg,data/processed/icons/golden_reaper.png,data/processed/debug/golden_reaper_crop_debug.jpg,"14,378,197,532",48,64
gomlok_skyhide,Gomlok Skyhide,A,OR-LSF,OR,Orcs,L,Legendary,S,Support,F,Force,175,https://ayumilove.net/raid-shadow-legends-list-of-champions-by-ranking/,https://ayumilove.net/raid-shadow-legends-gomlok-skyhide-skill-mastery-equip-guide/,https://ayumilove.net/files/games/raid_shadow_legends/champion/Gomlok_Skyhide.jpg,data/raw/pages/raid_shadow_legends_gomlok_skyhide_skill_mastery_equip_guide.html,data/raw/images/gomlok_skyhide_a1477024de.jpg,data/processed/icons/gomlok_skyhide.png,data/processed/debug/gomlok_skyhide_crop_debug.jpg,"14,378,197,532",48,64
goremask,Goremask,F,OR-RAF,OR,Orcs,R,Rare,A,Attack,F,Force,890,https://ayumilove.net/raid-shadow-legends-list-of-champions-by-ranking/,https://ayumilove.net/raid-shadow-legends-goremask-skill-mastery-equip-guide/,https://ayumilove.net/files/games/raid_shadow_legends/champion/Goremask.jpg,data/raw/pages/raid_shadow_legends_goremask_skill_mastery_equip_guide.html,data/raw/images/goremask_e5fcb4416d.jpg,data/processed/icons/goremask.png,data/processed/debug/goremask_crop_debug.jpg,"14,378,197,532",48,64
gorgorab,Gorgorab,A,UH-ESM,UH,Undead Hordes,E,Epic,S,Support,M,Magic,449,https://ayumilove.net/raid-shadow-legends-list-of-champions-by-ranking/,https://ayumilove.net/raid-shadow-legends-gorgorab-skill-mastery-equip-guide/,https://ayumilove.net/files/games/raid_shadow_legends/champion/Gorgorab.jpg,data/raw/pages/raid_shadow_legends_gorgorab_skill_mastery_equip_guide.html,data/raw/images/gorgorab_9f87171f66.jpg,data/processed/icons/gorgorab.png,data/processed/debug/gorgorab_crop_debug.jpg,"14,378,197,532",48,64
gorlos_hellmaw,Gorlos Hellmaw,C,DS-EAS,DS,Demonspawn,E,Epic,A,Attack,S,Spirit,660,https://ayumilove.net/raid-shadow-legends-list-of-champions-by-ranking/,https://ayumilove.net/raid-shadow-legends-gorlos-hellmaw-skill-mastery-equip-guide/,https://ayumilove.net/files/games/raid_shadow_legends/champion/Gorlos_Hellmaw.jpg,data/raw/pages/raid_shadow_legends_gorlos_hellmaw_skill_mastery_equip_guide.html,data/raw/images/gorlos_hellmaw_35468d0fe2.jpg,data/processed/icons/gorlos_hellmaw.png,data/processed/debug/gorlos_hellmaw_crop_debug.jpg,"14,378,197,532",48,64
gory,Gory,C,SK-EAS,SK,Shadowkin,E,Epic,A,Attack,S,Spirit,661,https://ayumilove.net/raid-shadow-legends-list-of-champions-by-ranking/,https://ayumilove.net/raid-shadow-legends-gory-skill-mastery-equip-guide/,https://ayumilove.net/files/games/raid_shadow_legends/champion/Gory.jpg,data/raw/pages/raid_shadow_legends_gory_skill_mastery_equip_guide.html,data/raw/images/gory_3fcf19701a.jpg,data/processed/icons/gory.png,data/processed/debug/gory_crop_debug.jpg,"14,378,197,532",48,64
graazur_irongut,Graazur Irongut,S,OT-LDV,OT,Ogryn Tribes,L,Legendary,D,Defense,V,Void,59,https://ayumilove.net/raid-shadow-legends-list-of-champions-by-ranking/,https://ayumilove.net/raid-shadow-legends-graazur-irongut-skill-mastery-equip-guide/,https://ayumilove.net/files/games/raid_shadow_legends/champion/Graazur_Irongut.jpg,data/raw/pages/raid_shadow_legends_graazur_irongut_skill_mastery_equip_guide.html,data/raw/images/graazur_irongut_98dc85a176.jpg,data/processed/icons/graazur_irongut.png,data/processed/debug/graazur_irongut_crop_debug.jpg,"14,378,197,532",48,64
gracchos_turn_drake,Gracchos Turn Drake,A,DS-LHS,DS,Demonspawn,L,Legendary,H,HP,S,Spirit,176,https://ayumilove.net/raid-shadow-legends-list-of-champions-by-ranking/,https://ayumilove.net/raid-shadow-legends-gracchos-turn-drake-skill-mastery-equip-guide/,https://ayumilove.net/files/games/raid_shadow_legends/champion/Gracchos_Turn_Drake.jpg,data/raw/pages/raid_shadow_legends_gracchos_turn_drake_skill_mastery_equip_guide.html,data/raw/images/gracchos_turn_drake_a499dde289.jpg,data/processed/icons/gracchos_turn_drake.png,data/processed/debug/gracchos_turn_drake_crop_debug.jpg,"14,378,197,532",48,64
grand_oak_padraig,Grand Oak Padraig,A,SY-LSS,SY,Sylvan Watchers,L,Legendary,S,Support,S,Spirit,177,https://ayumilove.net/raid-shadow-legends-list-of-champions-by-ranking/,https://ayumilove.net/raid-shadow-legends-grand-oak-padraig-skill-mastery-equip-guide/,https://ayumilove.net/files/games/raid_shadow_legends/champion/Grand_Oak_Padraig.jpg,data/raw/pages/raid_shadow_legends_grand_oak_padraig_skill_mastery_equip_guide.html,data/raw/images/grand_oak_padraig_3f3637a7f6.jpg,data/processed/icons/grand_oak_padraig.png,data/processed/debug/grand_oak_padraig_crop_debug.jpg,"14,378,197,532",48,64
grandmaster,Grandmaster,C,BL-RHM,BL,Banner Lords,R,Rare,H,HP,M,Magic,811,https://ayumilove.net/raid-shadow-legends-list-of-champions-by-ranking/,https://ayumilove.net/raid-shadow-legends-grandmaster-skill-mastery-equip-guide/,https://ayumilove.net/files/games/raid_shadow_legends/champion/Grandmaster.jpg,data/raw/pages/raid_shadow_legends_grandmaster_skill_mastery_equip_guide.html,data/raw/images/grandmaster_7eae59ac47.jpg,data/processed/icons/grandmaster.png,data/processed/debug/grandmaster_crop_debug.jpg,"14,378,197,532",48,64
granyt_doorkeep,Granyt Doorkeep,A,DW-LHS,DW,Dwarves,L,Legendary,H,HP,S,Spirit,178,https://ayumilove.net/raid-shadow-legends-list-of-champions-by-ranking/,https://ayumilove.net/raid-shadow-legends-granyt-doorkeep-skill-mastery-equip-guide/,https://ayumilove.net/files/games/raid_shadow_legends/champion/Granyt_Doorkeep.jpg,data/raw/pages/raid_shadow_legends_granyt_doorkeep_skill_mastery_equip_guide.html,data/raw/images/granyt_doorkeep_591508f68f.jpg,data/processed/icons/granyt_doorkeep.png,data/processed/debug/granyt_doorkeep_crop_debug.jpg,"14,378,197,532",48,64
grappler,Grappler,B,SW-RDS,SW,Skinwalkers,R,Rare,D,Defense,S,Spirit,743,https://ayumilove.net/raid-shadow-legends-list-of-champions-by-ranking/,https://ayumilove.net/raid-shadow-legends-grappler-skill-mastery-equip-guide/,https://ayumilove.net/files/games/raid_shadow_legends/champion/Grappler.jpg,data/raw/pages/raid_shadow_legends_grappler_skill_mastery_equip_guide.html,data/raw/images/grappler_6a69b84c1f.jpg,data/processed/icons/grappler.png,data/processed/debug/grappler_crop_debug.jpg,"14,378,197,532",48,64
gravechill_killer,Gravechill Killer,C,UH-RAM,UH,Undead Hordes,R,Rare,A,Attack,M,Magic,812,https://ayumilove.net/raid-shadow-legends-list-of-champions-by-ranking/,https://ayumilove.net/raid-shadow-legends-gravechill-killer-skill-mastery-equip-guide/,https://ayumilove.net/files/games/raid_shadow_legends/champion/Gravechill_Killer.jpg,data/raw/pages/raid_shadow_legends_gravechill_killer_skill_mastery_equip_guide.html,data/raw/images/gravechill_killer_4096b73a45.jpg,data/processed/icons/gravechill_killer.png,data/processed/debug/gravechill_killer_crop_debug.jpg,"14,378,197,532",48,64
graybeard,Graybeard,B,SW-RDM,SW,Skinwalkers,R,Rare,D,Defense,M,Magic,744,https://ayumilove.net/raid-shadow-legends-list-of-champions-by-ranking/,https://ayumilove.net/raid-shadow-legends-graybeard-skill-mastery-equip-guide/,https://ayumilove.net/files/games/raid_shadow_legends/champion/Graybeard.jpg,data/raw/pages/raid_shadow_legends_graybeard_skill_mastery_equip_guide.html,data/raw/images/graybeard_4c3aa79da2.jpg,data/processed/icons/graybeard.png,data/processed/debug/graybeard_crop_debug.jpg,"14,378,197,532",48,64
greathoof_loriaca,Greathoof Loriaca,B,SW-LSS,SW,Skinwalkers,L,Legendary,S,Support,S,Spirit,325,https://ayumilove.net/raid-shadow-legends-list-of-champions-by-ranking/,https://ayumilove.net/raid-shadow-legends-greathoof-loriaca-skill-mastery-equip-guide/,https://ayumilove.net/files/games/raid_shadow_legends/champion/Greathoof_Loriaca.jpg,data/raw/pages/raid_shadow_legends_greathoof_loriaca_skill_mastery_equip_guide.html,data/raw/images/greathoof_loriaca_704b4db46d.jpg,data/processed/icons/greathoof_loriaca.png,data/processed/debug/greathoof_loriaca_crop_debug.jpg,"14,378,197,532",48,64
greenwarden_ruarc,Greenwarden Ruarc,B,SY-LDF,SY,Sylvan Watchers,L,Legendary,D,Defense,F,Force,326,https://ayumilove.net/raid-shadow-legends-list-of-champions-by-ranking/,https://ayumilove.net/raid-shadow-legends-greenwarden-ruarc-skill-mastery-equip-guide/,https://ayumilove.net/files/games/raid_shadow_legends/champion/Greenwarden_Ruarc.jpg,data/raw/pages/raid_shadow_legends_greenwarden_ruarc_skill_mastery_equip_guide.html,data/raw/images/greenwarden_ruarc_1a75007c72.jpg,data/processed/icons/greenwarden_ruarc.png,data/processed/debug/greenwarden_ruarc_crop_debug.jpg,"14,378,197,532",48,64
gretel_hagbane,Gretel Hagbane,B,SO-LAF,SO,The Sacred Order,L,Legendary,A,Attack,F,Force,327,https://ayumilove.net/raid-shadow-legends-list-of-champions-by-ranking/,https://ayumilove.net/raid-shadow-legends-gretel-hagbane-skill-mastery-equip-guide/,https://ayumilove.net/files/games/raid_shadow_legends/champion/Gretel_Hagbane.jpg,data/raw/pages/raid_shadow_legends_gretel_hagbane_skill_mastery_equip_guide.html,data/raw/images/gretel_hagbane_2c29e4ef63.jpg,data/processed/icons/gretel_hagbane.png,data/processed/debug/gretel_hagbane_crop_debug.jpg,"14,378,197,532",48,64
grimskin,Grimskin,B,OT-EDM,OT,Ogryn Tribes,E,Epic,D,Defense,M,Magic,545,https://ayumilove.net/raid-shadow-legends-list-of-champions-by-ranking/,https://ayumilove.net/raid-shadow-legends-grimskin-skill-mastery-equip-guide/,https://ayumilove.net/files/games/raid_shadow_legends/champion/Grimskin.jpg,data/raw/pages/raid_shadow_legends_grimskin_skill_mastery_equip_guide.html,data/raw/images/grimskin_a52ad021ce.jpg,data/processed/icons/grimskin.png,data/processed/debug/grimskin_crop_debug.jpg,"14,378,197,532",48,64
grinner,Grinner,C,UH-RSF,UH,Undead Hordes,R,Rare,S,Support,F,Force,813,https://ayumilove.net/raid-shadow-legends-list-of-champions-by-ranking/,https://ayumilove.net/raid-shadow-legends-grinner-skill-mastery-equip-guide/,https://ayumilove.net/files/games/raid_shadow_legends/champion/Grinner.jpg,data/raw/pages/raid_shadow_legends_grinner_skill_mastery_equip_guide.html,data/raw/images/grinner_9deddf4991.jpg,data/processed/icons/grinner.png,data/processed/debug/grinner_crop_debug.jpg,"14,378,197,532",48,64
grizzled_jarl,Grizzled Jarl,B,DW-EDM,DW,Dwarves,E,Epic,D,Defense,M,Magic,546,https://ayumilove.net/raid-shadow-legends-list-of-champions-by-ranking/,https://ayumilove.net/raid-shadow-legends-grizzled-jarl-skill-mastery-equip-guide/,https://ayumilove.net/files/games/raid_shadow_legends/champion/Grizzled_Jarl.jpg,data/raw/pages/raid_shadow_legends_grizzled_jarl_skill_mastery_equip_guide.html,data/raw/images/grizzled_jarl_4c2ef996e9.jpg,data/processed/icons/grizzled_jarl.png,data/processed/debug/grizzled_jarl_crop_debug.jpg,"14,378,197,532",48,64
grohak_the_bloodied,Grohak the Bloodied,B,OR-LAM,OR,Orcs,L,Legendary,A,Attack,M,Magic,328,https://ayumilove.net/raid-shadow-legends-list-of-champions-by-ranking/,https://ayumilove.net/raid-shadow-legends-grohak-the-bloodied-skill-mastery-equip-guide/,https://ayumilove.net/files/games/raid_shadow_legends/champion/Grohak_the_Bloodied.jpg,data/raw/pages/raid_shadow_legends_grohak_the_bloodied_skill_mastery_equip_guide.html,data/raw/images/grohak_the_bloodied_0f6be7012d.jpg,data/processed/icons/grohak_the_bloodied.png,data/processed/debug/grohak_the_bloodied_crop_debug.jpg,"14,378,197,532",48,64
gronjarr,Gronjarr,B,DW-LHF,DW,Dwarves,L,Legendary,H,HP,F,Force,329,https://ayumilove.net/raid-shadow-legends-list-of-champions-by-ranking/,https://ayumilove.net/raid-shadow-legends-gronjarr-skill-mastery-equip-guide/,https://ayumilove.net/files/games/raid_shadow_legends/champion/Gronjarr.jpg,data/raw/pages/raid_shadow_legends_gronjarr_skill_mastery_equip_guide.html,data/raw/images/gronjarr_6b8108b0c2.jpg,data/processed/icons/gronjarr.png,data/processed/debug/gronjarr_crop_debug.jpg,"14,378,197,532",48,64
grugtha_darkseer,Grugtha Darkseer,S,OT-LAM,OT,Ogryn Tribes,L,Legendary,A,Attack,M,Magic,60,https://ayumilove.net/raid-shadow-legends-list-of-champions-by-ranking/,https://ayumilove.net/raid-shadow-legends-grugtha-darkseer-skill-mastery-equip-guide/,https://ayumilove.net/files/games/raid_shadow_legends/champion/Grugtha_Darkseer.jpg,data/raw/pages/raid_shadow_legends_grugtha_darkseer_skill_mastery_equip_guide.html,data/raw/images/grugtha_darkseer_fd7a5de307.jpg,data/processed/icons/grugtha_darkseer.png,data/processed/debug/grugtha_darkseer_crop_debug.jpg,"14,378,197,532",48,64
grumbler,Grumbler,C,DW-RHM,DW,Dwarves,R,Rare,H,HP,M,Magic,814,https://ayumilove.net/raid-shadow-legends-list-of-champions-by-ranking/,https://ayumilove.net/raid-shadow-legends-grumbler-skill-mastery-equip-guide/,https://ayumilove.net/files/games/raid_shadow_legends/champion/Grumbler.jpg,data/raw/pages/raid_shadow_legends_grumbler_skill_mastery_equip_guide.html,data/raw/images/grumbler_aeb30d42e1.jpg,data/processed/icons/grumbler.png,data/processed/debug/grumbler_crop_debug.jpg,"14,378,197,532",48,64
grunch_killjoy,Grunch Killjoy,B,OT-ESF,OT,Ogryn Tribes,E,Epic,S,Support,F,Force,547,https://ayumilove.net/raid-shadow-legends-list-of-champions-by-ranking/,https://ayumilove.net/raid-shadow-legends-grunch-killjoy-skill-mastery-equip-guide/,https://ayumilove.net/files/games/raid_shadow_legends/champion/Grunch_Killjoy.jpg,data/raw/pages/raid_shadow_legends_grunch_killjoy_skill_mastery_equip_guide.html,data/raw/images/grunch_killjoy_378e7423ae.jpg,data/processed/icons/grunch_killjoy.png,data/processed/debug/grunch_killjoy_crop_debug.jpg,"14,378,197,532",48,64
guardian,Guardian,B,KR-RHS,KR,Knights Revenant,R,Rare,H,HP,S,Spirit,745,https://ayumilove.net/raid-shadow-legends-list-of-champions-by-ranking/,https://ayumilove.net/raid-shadow-legends-guardian-skill-mastery-equip-guide/,https://ayumilove.net/files/games/raid_shadow_legends/champion/Guardian.jpg,data/raw/pages/raid_shadow_legends_guardian_skill_mastery_equip_guide.html,data/raw/images/guardian_7de3d6f853.jpg,data/processed/icons/guardian.png,data/processed/debug/guardian_crop_debug.jpg,"14,378,197,532",48,64
gurgoh_the_augur,Gurgoh the Augur,A,OT-LAV,OT,Ogryn Tribes,L,Legendary,A,Attack,V,Void,179,https://ayumilove.net/raid-shadow-legends-list-of-champions-by-ranking/,https://ayumilove.net/raid-shadow-legends-gurgoh-the-augur-skill-mastery-equip-guide/,https://ayumilove.net/files/games/raid_shadow_legends/champion/Gurgoh_the_Augur.jpg,data/raw/pages/raid_shadow_legends_gurgoh_the_augur_skill_mastery_equip_guide.html,data/raw/images/gurgoh_the_augur_0824719e0e.jpg,data/processed/icons/gurgoh_the_augur.png,data/processed/debug/gurgoh_the_augur_crop_debug.jpg,"14,378,197,532",48,64
gurptuk_moss_beard,Gurptuk Moss-Beard,B,OT-LSF,OT,Ogryn Tribes,L,Legendary,S,Support,F,Force,330,https://ayumilove.net/raid-shadow-legends-list-of-champions-by-ranking/,https://ayumilove.net/raid-shadow-legends-gurptuk-moss-beard-skill-mastery-equip-guide/,https://ayumilove.net/files/games/raid_shadow_legends/champion/Gurptuk_Moss_Beard.jpg,data/raw/pages/raid_shadow_legends_gurptuk_moss_beard_skill_mastery_equip_guide.html,data/raw/images/gurptuk_moss_beard_9bbf0530f1.jpg,data/processed/icons/gurptuk_moss_beard.png,data/processed/debug/gurptuk_moss_beard_crop_debug.jpg,"14,378,197,532",48,64
guurda_bogbrew,Guurda Bogbrew,B,OT-LSF,OT,Ogryn Tribes,L,Legendary,S,Support,F,Force,331,https://ayumilove.net/raid-shadow-legends-list-of-champions-by-ranking/,https://ayumilove.net/raid-shadow-legends-guurda-bogbrew-skill-mastery-equip-guide/,https://ayumilove.net/files/games/raid_shadow_legends/champion/Guurda_Bogbrew.jpg,data/raw/pages/raid_shadow_legends_guurda_bogbrew_skill_mastery_equip_guide.html,data/raw/images/guurda_bogbrew_8968909675.jpg,data/processed/icons/guurda_bogbrew.png,data/processed/debug/guurda_bogbrew_crop_debug.jpg,"14,378,197,532",48,64
gwyndolin_the_silent,Gwyndolin the Silent,A,SW-LAF,SW,Skinwalkers,L,Legendary,A,Attack,F,Force,180,https://ayumilove.net/raid-shadow-legends-list-of-champions-by-ranking/,https://ayumilove.net/raid-shadow-legends-gwyndolin-the-silent-skill-mastery-equip-guide/,https://ayumilove.net/files/games/raid_shadow_legends/champion/Gwyndolin_the_Silent.jpg,data/raw/pages/raid_shadow_legends_gwyndolin_the_silent_skill_mastery_equip_guide.html,data/raw/images/gwyndolin_the_silent_3f7c29bd3f.jpg,data/processed/icons/gwyndolin_the_silent.png,data/processed/debug/gwyndolin_the_silent_crop_debug.jpg,"14,378,197,532",48,64
gwynneth,Gwynneth,C,DE-EAM,DE,Dark Elves,E,Epic,A,Attack,M,Magic,662,https://ayumilove.net/raid-shadow-legends-list-of-champions-by-ranking/,https://ayumilove.net/raid-shadow-legends-gwynneth-skill-mastery-equip-guide/,https://ayumilove.net/files/games/raid_shadow_legends/champion/Gwynneth.jpg,data/raw/pages/raid_shadow_legends_gwynneth_skill_mastery_equip_guide.html,data/raw/images/gwynneth_8b84a46515.jpg,data/processed/icons/gwynneth.png,data/processed/debug/gwynneth_crop_debug.jpg,"14,378,197,532",48,64
haarken_greatblade,Haarken Greatblade,B,BA-EAV,BA,Barbarians,E,Epic,A,Attack,V,Void,548,https://ayumilove.net/raid-shadow-legends-list-of-champions-by-ranking/,https://ayumilove.net/raid-shadow-legends-haarken-greatblade-skill-mastery-equip-guide/,https://ayumilove.net/files/games/raid_shadow_legends/champion/Haarken_Greatblade.jpg,data/raw/pages/raid_shadow_legends_haarken_greatblade_skill_mastery_equip_guide.html,data/raw/images/haarken_greatblade_5c84bb7805.jpg,data/processed/icons/haarken_greatblade.png,data/processed/debug/haarken_greatblade_crop_debug.jpg,"14,378,197,532",48,64
hakkorhn_smashlord,Hakkorhn Smashlord,B,SW-LHM,SW,Skinwalkers,L,Legendary,H,HP,M,Magic,332,https://ayumilove.net/raid-shadow-legends-list-of-champions-by-ranking/,https://ayumilove.net/raid-shadow-legends-hakkorhn-smashlord-skill-mastery-equip-guide/,https://ayumilove.net/files/games/raid_shadow_legends/champion/Hakkorhn_Smashlord.jpg,data/raw/pages/raid_shadow_legends_hakkorhn_smashlord_skill_mastery_equip_guide.html,data/raw/images/hakkorhn_smashlord_853c98ee17.jpg,data/processed/icons/hakkorhn_smashlord.png,data/processed/debug/hakkorhn_smashlord_crop_debug.jpg,"14,378,197,532",48,64
halberdier,Halberdier,B,BL-RAS,BL,Banner Lords,R,Rare,A,Attack,S,Spirit,746,https://ayumilove.net/raid-shadow-legends-list-of-champions-by-ranking/,https://ayumilove.net/raid-shadow-legends-halberdier-skill-mastery-equip-guide/,https://ayumilove.net/files/games/raid_shadow_legends/champion/Halberdier.jpg,data/raw/pages/raid_shadow_legends_halberdier_skill_mastery_equip_guide.html,data/raw/images/halberdier_69b281a961.jpg,data/processed/icons/halberdier.png,data/processed/debug/halberdier_crop_debug.jpg,"14,378,197,532",48,64
hansel_witchhunter,Hansel Witchhunter,B,SO-LAM,SO,The Sacred Order,L,Legendary,A,Attack,M,Magic,333,https://ayumilove.net/raid-shadow-legends-list-of-champions-by-ranking/,https://ayumilove.net/raid-shadow-legends-hansel-witchhunter-skill-mastery-equip-guide/,https://ayumilove.net/files/games/raid_shadow_legends/champion/Hansel_Witchhunter.jpg,data/raw/pages/raid_shadow_legends_hansel_witchhunter_skill_mastery_equip_guide.html,data/raw/images/hansel_witchhunter_4ae109ecd1.jpg,data/processed/icons/hansel_witchhunter.png,data/processed/debug/hansel_witchhunter_crop_debug.jpg,"14,378,197,532",48,64
hardscale,Hardscale,C,LZ-UDM,LZ,Lizardmen,U,Uncommon,D,Defense,M,Magic,972,https://ayumilove.net/raid-shadow-legends-list-of-champions-by-ranking/,https://ayumilove.net/raid-shadow-legends-hardscale-skill-mastery-equip-guide/,https://ayumilove.net/files/games/raid_shadow_legends/champion/Hardscale.jpg,data/raw/pages/raid_shadow_legends_hardscale_skill_mastery_equip_guide.html,data/raw/images/hardscale_50aca3aa60.jpg,data/processed/icons/hardscale.png,data/processed/debug/hardscale_crop_debug.jpg,"14,378,197,532",48,64
harima,Harima,A,SK-LDF,SK,Shadowkin,L,Legendary,D,Defense,F,Force,181,https://ayumilove.net/raid-shadow-legends-list-of-champions-by-ranking/,https://ayumilove.net/raid-shadow-legends-harima-skill-mastery-equip-guide/,https://ayumilove.net/files/games/raid_shadow_legends/champion/Harima.jpg,data/raw/pages/raid_shadow_legends_harima_skill_mastery_equip_guide.html,data/raw/images/harima_ac6a1da0f0.jpg,data/processed/icons/harima.png,data/processed/debug/harima_crop_debug.jpg,"14,378,197,532",48,64
harrier,Harrier,F,SO-RAV,SO,The Sacred Order,R,Rare,A,Attack,V,Void,891,https://ayumilove.net/raid-shadow-legends-list-of-champions-by-ranking/,https://ayumilove.net/raid-shadow-legends-harrier-skill-mastery-equip-guide/,https://ayumilove.net/files/games/raid_shadow_legends/champion/Harrier.jpg,data/raw/pages/raid_shadow_legends_harrier_skill_mastery_equip_guide.html,data/raw/images/harrier_5dddc0f8c7.jpg,data/processed/icons/harrier.png,data/processed/debug/harrier_crop_debug.jpg,"14,378,197,532",48,64
haruspex,Haruspex,B,LZ-RSV,LZ,Lizardmen,R,Rare,S,Support,V,Void,747,https://ayumilove.net/raid-shadow-legends-list-of-champions-by-ranking/,https://ayumilove.net/raid-shadow-legends-haruspex-skill-mastery-equip-guide/,https://ayumilove.net/files/games/raid_shadow_legends/champion/Haruspex.jpg,data/raw/pages/raid_shadow_legends_haruspex_skill_mastery_equip_guide.html,data/raw/images/haruspex_0b196f8a3b.jpg,data/processed/icons/haruspex.png,data/processed/debug/haruspex_crop_debug.jpg,"14,378,197,532",48,64
harvest_jack,Harvest Jack,A,UH-LHS,UH,Undead Hordes,L,Legendary,H,HP,S,Spirit,182,https://ayumilove.net/raid-shadow-legends-list-of-champions-by-ranking/,https://ayumilove.net/raid-shadow-legends-harvest-jack-skill-mastery-equip-guide/,https://ayumilove.net/files/games/raid_shadow_legends/champion/Harvest_Jack.jpg,data/raw/pages/raid_shadow_legends_harvest_jack_skill_mastery_equip_guide.html,data/raw/images/harvest_jack_7b890301ee.jpg,data/processed/icons/harvest_jack.png,data/processed/debug/harvest_jack_crop_debug.jpg,"14,378,197,532",48,64
harvester,Harvester,C,DE-RAV,DE,Dark Elves,R,Rare,A,Attack,V,Void,815,https://ayumilove.net/raid-shadow-legends-list-of-champions-by-ranking/,https://ayumilove.net/raid-shadow-legends-harvester-skill-mastery-equip-guide/,https://ayumilove.net/files/games/raid_shadow_legends/champion/Harvester.jpg,data/raw/pages/raid_shadow_legends_harvester_skill_mastery_equip_guide.html,data/raw/images/harvester_7f7366ffa8.jpg,data/processed/icons/harvester.png,data/processed/debug/harvester_crop_debug.jpg,"14,378,197,532",48,64
hatchet_slinger,Hatchet Slinger,C,DW-RAS,DW,Dwarves,R,Rare,A,Attack,S,Spirit,816,https://ayumilove.net/raid-shadow-legends-list-of-champions-by-ranking/,https://ayumilove.net/raid-shadow-legends-hatchet-slinger-skill-mastery-equip-guide/,https://ayumilove.net/files/games/raid_shadow_legends/champion/Hatchet_Slinger.jpg,data/raw/pages/raid_shadow_legends_hatchet_slinger_skill_mastery_equip_guide.html,data/raw/images/hatchet_slinger_9ceebc12eb.jpg,data/processed/icons/hatchet_slinger.png,data/processed/debug/hatchet_slinger_crop_debug.jpg,"14,378,197,532",48,64
he_man,He-Man,A,SO-LAM,SO,The Sacred Order,L,Legendary,A,Attack,M,Magic,183,https://ayumilove.net/raid-shadow-legends-list-of-champions-by-ranking/,https://ayumilove.net/raid-shadow-legends-he-man-skill-mastery-equip-guide/,https://ayumilove.net/files/games/raid_shadow_legends/champion/He_Man.jpg,data/raw/pages/raid_shadow_legends_he_man_skill_mastery_equip_guide.html,data/raw/images/he_man_7fdd30e3d2.jpg,data/processed/icons/he_man.png,data/processed/debug/he_man_crop_debug.jpg,"14,378,197,532",48,64
head_taker,Head Taker,F,BA-UAM,BA,Barbarians,U,Uncommon,A,Attack,M,Magic,986,https://ayumilove.net/raid-shadow-legends-list-of-champions-by-ranking/,https://ayumilove.net/raid-shadow-legends-head-taker-skill-mastery-equip-guide/,https://ayumilove.net/files/games/raid_shadow_legends/champion/Head_Taker.jpg,data/raw/pages/raid_shadow_legends_head_taker_skill_mastery_equip_guide.html,data/raw/images/head_taker_6deb0e6f11.jpg,data/processed/icons/head_taker.png,data/processed/debug/head_taker_crop_debug.jpg,"14,378,197,532",48,64
headsman,Headsman,F,SO-RAS,SO,The Sacred Order,R,Rare,A,Attack,S,Spirit,892,https://ayumilove.net/raid-shadow-legends-list-of-champions-by-ranking/,https://ayumilove.net/raid-shadow-legends-headsman-skill-mastery-equip-guide/,https://ayumilove.net/files/games/raid_shadow_legends/champion/Headsman.jpg,data/raw/pages/raid_shadow_legends_headsman_skill_mastery_equip_guide.html,data/raw/images/headsman_27448bc53d.jpg,data/processed/icons/headsman.png,data/processed/debug/headsman_crop_debug.jpg,"14,378,197,532",48,64
heartpiercer,Heartpiercer,F,DE-UAF,DE,Dark Elves,U,Uncommon,A,Attack,F,Force,987,https://ayumilove.net/raid-shadow-legends-list-of-champions-by-ranking/,https://ayumilove.net/raid-shadow-legends-heartpiercer-skill-mastery-equip-guide/,https://ayumilove.net/files/games/raid_shadow_legends/champion/Heartpiercer.jpg,data/raw/pages/raid_shadow_legends_heartpiercer_skill_mastery_equip_guide.html,data/raw/images/heartpiercer_33a0418b22.jpg,data/processed/icons/heartpiercer.png,data/processed/debug/heartpiercer_crop_debug.jpg,"14,378,197,532",48,64
hegemon,Hegemon,B,KR-LAV,KR,Knights Revenant,L,Legendary,A,Attack,V,Void,334,https://ayumilove.net/raid-shadow-legends-list-of-champions-by-ranking/,https://ayumilove.net/raid-shadow-legends-hegemon-skill-mastery-equip-guide/,https://ayumilove.net/files/games/raid_shadow_legends/champion/Hegemon.jpg,data/raw/pages/raid_shadow_legends_hegemon_skill_mastery_equip_guide.html,data/raw/images/hegemon_94e202814a.jpg,data/processed/icons/hegemon.png,data/processed/debug/hegemon_crop_debug.jpg,"14,378,197,532",48,64
heiress,Heiress,B,HE-RAF,HE,High Elves,R,Rare,A,Attack,F,Force,748,https://ayumilove.net/raid-shadow-legends-list-of-champions-by-ranking/,https://ayumilove.net/raid-shadow-legends-heiress-skill-mastery-equip-guide/,https://ayumilove.net/files/games/raid_shadow_legends/champion/Heiress.jpg,data/raw/pages/raid_shadow_legends_heiress_skill_mastery_equip_guide.html,data/raw/images/heiress_d5b8923904.jpg,data/processed/icons/heiress.png,data/processed/debug/heiress_crop_debug.jpg,"14,378,197,532",48,64
helicath,Helicath,A,DS-LDS,DS,Demonspawn,L,Legendary,D,Defense,S,Spirit,184,https://ayumilove.net/raid-shadow-legends-list-of-champions-by-ranking/,https://ayumilove.net/raid-shadow-legends-helicath-skill-mastery-equip-guide/,https://ayumilove.net/files/games/raid_shadow_legends/champion/Helicath.jpg,data/raw/pages/raid_shadow_legends_helicath_skill_mastery_equip_guide.html,data/raw/images/helicath_7d1feee0f2.jpg,data/processed/icons/helicath.png,data/processed/debug/helicath_crop_debug.jpg,"14,378,197,532",48,64
helior,Helior,A,BL-LDF,BL,Banner Lords,L,Legendary,D,Defense,F,Force,185,https://ayumilove.net/raid-shadow-legends-list-of-champions-by-ranking/,https://ayumilove.net/raid-shadow-legends-helior-skill-mastery-equip-guide/,https://ayumilove.net/files/games/raid_shadow_legends/champion/Helior.jpg,data/raw/pages/raid_shadow_legends_helior_skill_mastery_equip_guide.html,data/raw/images/helior_c28fbaed4f.jpg,data/processed/icons/helior.png,data/processed/debug/helior_crop_debug.jpg,"14,378,197,532",48,64
hellborn_sprite,Hellborn Sprite,C,DS-RSS,DS,Demonspawn,R,Rare,S,Support,S,Spirit,817,https://ayumilove.net/raid-shadow-legends-list-of-champions-by-ranking/,https://ayumilove.net/raid-shadow-legends-hellborn-sprite-skill-mastery-equip-guide/,https://ayumilove.net/files/games/raid_shadow_legends/champion/Hellborn_Sprite.jpg,data/raw/pages/raid_shadow_legends_hellborn_sprite_skill_mastery_equip_guide.html,data/raw/images/hellborn_sprite_70946ddb45.jpg,data/processed/icons/hellborn_sprite.png,data/processed/debug/hellborn_sprite_crop_debug.jpg,"14,378,197,532",48,64
hellfang,Hellfang,F,DS-RAS,DS,Demonspawn,R,Rare,A,Attack,S,Spirit,893,https://ayumilove.net/raid-shadow-legends-list-of-champions-by-ranking/,https://ayumilove.net/raid-shadow-legends-hellfang-skill-mastery-equip-guide/,https://ayumilove.net/files/games/raid_shadow_legends/champion/Hellfang.jpg,data/raw/pages/raid_shadow_legends_hellfang_skill_mastery_equip_guide.html,data/raw/images/hellfang_cd6b312e87.jpg,data/processed/icons/hellfang.png,data/processed/debug/hellfang_crop_debug.jpg,"14,378,197,532",48,64
hellfreak,Hellfreak,C,DS-RAS,DS,Demonspawn,R,Rare,A,Attack,S,Spirit,818,https://ayumilove.net/raid-shadow-legends-list-of-champions-by-ranking/,https://ayumilove.net/raid-shadow-legends-hellfreak-skill-mastery-equip-guide/,https://ayumilove.net/files/games/raid_shadow_legends/champion/Hellfreak.jpg,data/raw/pages/raid_shadow_legends_hellfreak_skill_mastery_equip_guide.html,data/raw/images/hellfreak_b4cd8e4763.jpg,data/processed/icons/hellfreak.png,data/processed/debug/hellfreak_crop_debug.jpg,"14,378,197,532",48,64
hellgazer,Hellgazer,B,DS-EAS,DS,Demonspawn,E,Epic,A,Attack,S,Spirit,549,https://ayumilove.net/raid-shadow-legends-list-of-champions-by-ranking/,https://ayumilove.net/raid-shadow-legends-hellgazer-skill-mastery-equip-guide/,https://ayumilove.net/files/games/raid_shadow_legends/champion/Hellgazer.jpg,data/raw/pages/raid_shadow_legends_hellgazer_skill_mastery_equip_guide.html,data/raw/images/hellgazer_489ed16f57.jpg,data/processed/icons/hellgazer.png,data/processed/debug/hellgazer_crop_debug.jpg,"14,378,197,532",48,64
hellhound,Hellhound,S,UH-CAS,UH,Undead Hordes,C,Common,A,Attack,S,Spirit,1003,https://ayumilove.net/raid-shadow-legends-list-of-champions-by-ranking/,https://ayumilove.net/raid-shadow-legends-hellhound-skill-mastery-equip-guide/,https://ayumilove.net/files/games/raid_shadow_legends/champion/Hellhound.jpg,data/raw/pages/raid_shadow_legends_hellhound_skill_mastery_equip_guide.html,data/raw/images/hellhound_ee2e795dd1.jpg,data/processed/icons/hellhound.png,data/processed/debug/hellhound_crop_debug.jpg,"14,378,197,532",48,64
hephraak,Hephraak,A,DS-LAM,DS,Demonspawn,L,Legendary,A,Attack,M,Magic,186,https://ayumilove.net/raid-shadow-legends-list-of-champions-by-ranking/,https://ayumilove.net/raid-shadow-legends-hephraak-skill-mastery-equip-guide/,https://ayumilove.net/files/games/raid_shadow_legends/champion/Hephraak.jpg,data/raw/pages/raid_shadow_legends_hephraak_skill_mastery_equip_guide.html,data/raw/images/hephraak_8b71b89306.jpg,data/processed/icons/hephraak.png,data/processed/debug/hephraak_crop_debug.jpg,"14,378,197,532",48,64
herald,Herald,B,KR-USS,KR,Knights Revenant,U,Uncommon,S,Support,S,Spirit,954,https://ayumilove.net/raid-shadow-legends-list-of-champions-by-ranking/,https://ayumilove.net/raid-shadow-legends-herald-skill-mastery-equip-guide/,https://ayumilove.net/files/games/raid_shadow_legends/champion/Herald.jpg,data/raw/pages/raid_shadow_legends_herald_skill_mastery_equip_guide.html,data/raw/images/herald_bcc53c91d3.jpg,data/processed/icons/herald.png,data/processed/debug/herald_crop_debug.jpg,"14,378,197,532",48,64
hexia,Hexia,C,UH-EAF,UH,Undead Hordes,E,Epic,A,Attack,F,Force,663,https://ayumilove.net/raid-shadow-legends-list-of-champions-by-ranking/,https://ayumilove.net/raid-shadow-legends-hexia-skill-mastery-equip-guide/,https://ayumilove.net/files/games/raid_shadow_legends/champion/Hexia.jpg,data/raw/pages/raid_shadow_legends_hexia_skill_mastery_equip_guide.html,data/raw/images/hexia_92ee050a23.jpg,data/processed/icons/hexia.png,data/processed/debug/hexia_crop_debug.jpg,"14,378,197,532",48,64
hexweaver,Hexweaver,B,DE-RSS,DE,Dark Elves,R,Rare,S,Support,S,Spirit,749,https://ayumilove.net/raid-shadow-legends-list-of-champions-by-ranking/,https://ayumilove.net/raid-shadow-legends-hexweaver-skill-mastery-equip-guide/,https://ayumilove.net/files/games/raid_shadow_legends/champion/Hexweaver.jpg,data/raw/pages/raid_shadow_legends_hexweaver_skill_mastery_equip_guide.html,data/raw/images/hexweaver_9b03e72221.jpg,data/processed/icons/hexweaver.png,data/processed/debug/hexweaver_crop_debug.jpg,"14,378,197,532",48,64
hidestitcher_boorn,Hidestitcher Boorn,A,SW-RSM,SW,Skinwalkers,R,Rare,S,Support,M,Magic,710,https://ayumilove.net/raid-shadow-legends-list-of-champions-by-ranking/,https://ayumilove.net/raid-shadow-legends-hidestitcher-boorn-skill-mastery-equip-guide/,https://ayumilove.net/files/games/raid_shadow_legends/champion/Hidestitcher_Boorn.jpg,data/raw/pages/raid_shadow_legends_hidestitcher_boorn_skill_mastery_equip_guide.html,data/raw/images/hidestitcher_boorn_bd018b546f.jpg,data/processed/icons/hidestitcher_boorn.png,data/processed/debug/hidestitcher_boorn_crop_debug.jpg,"14,378,197,532",48,64
hierophant_lazarius,Hierophant Lazarius,S,LZ-MSM,LZ,Lizardmen,M,Mythical,S,Support,M,Magic,13,https://ayumilove.net/raid-shadow-legends-list-of-champions-by-ranking/,https://ayumilove.net/raid-shadow-legends-hierophant-lazarius-skill-mastery-equip-guide/,https://ayumilove.net/files/games/raid_shadow_legends/champion/Hierophant_Lazarius.jpg,data/raw/pages/raid_shadow_legends_hierophant_lazarius_skill_mastery_equip_guide.html,data/raw/images/hierophant_lazarius_2b6603440f.jpg,data/processed/icons/hierophant_lazarius.png,data/processed/debug/hierophant_lazarius_crop_debug.jpg,"14,378,197,532",48,64
high_keeper_prysma,High Keeper Prysma,A,HE-LSS,HE,High Elves,L,Legendary,S,Support,S,Spirit,187,https://ayumilove.net/raid-shadow-legends-list-of-champions-by-ranking/,https://ayumilove.net/raid-shadow-legends-high-keeper-prysma-skill-mastery-equip-guide/,https://ayumilove.net/files/games/raid_shadow_legends/champion/High_Keeper_Prysma.jpg,data/raw/pages/raid_shadow_legends_high_keeper_prysma_skill_mastery_equip_guide.html,data/raw/images/high_keeper_prysma_792b7d6def.jpg,data/processed/icons/high_keeper_prysma.png,data/processed/debug/high_keeper_prysma_crop_debug.jpg,"14,378,197,532",48,64
high_khatun,High Khatun,B,BA-ESS,BA,Barbarians,E,Epic,S,Support,S,Spirit,550,https://ayumilove.net/raid-shadow-legends-list-of-champions-by-ranking/,https://ayumilove.net/raid-shadow-legends-high-khatun-skill-mastery-equip-guide/,https://ayumilove.net/files/games/raid_shadow_legends/champion/High_Khatun.jpg,data/raw/pages/raid_shadow_legends_high_khatun_skill_mastery_equip_guide.html,data/raw/images/high_khatun_9343116374.jpg,data/processed/icons/high_khatun.png,data/processed/debug/high_khatun_crop_debug.jpg,"14,378,197,532",48,64
highmother_maud,Highmother Maud,S,SO-LSF,SO,The Sacred Order,L,Legendary,S,Support,F,Force,61,https://ayumilove.net/raid-shadow-legends-list-of-champions-by-ranking/,https://ayumilove.net/raid-shadow-legends-highmother-maud-skill-mastery-equip-guide/,https://ayumilove.net/files/games/raid_shadow_legends/champion/Highmother_Maud.jpg,data/raw/pages/raid_shadow_legends_highmother_maud_skill_mastery_equip_guide.html,data/raw/images/highmother_maud_1358746269.jpg,data/processed/icons/highmother_maud.png,data/processed/debug/highmother_maud_crop_debug.jpg,"14,378,197,532",48,64
hilda_arnorndottr,Hilda Arnorndottr,B,DW-EAF,DW,Dwarves,E,Epic,A,Attack,F,Force,551,https://ayumilove.net/raid-shadow-legends-list-of-champions-by-ranking/,https://ayumilove.net/raid-shadow-legends-hilda-arnorndottr-skill-mastery-equip-guide/,https://ayumilove.net/files/games/raid_shadow_legends/champion/Hilda_Arnorndottr.jpg,data/raw/pages/raid_shadow_legends_hilda_arnorndottr_skill_mastery_equip_guide.html,data/raw/images/hilda_arnorndottr_0b86df81a3.jpg,data/processed/icons/hilda_arnorndottr.png,data/processed/debug/hilda_arnorndottr_crop_debug.jpg,"14,378,197,532",48,64
hill_nomad,Hill Nomad,C,BA-RSM,BA,Barbarians,R,Rare,S,Support,M,Magic,819,https://ayumilove.net/raid-shadow-legends-list-of-champions-by-ranking/,https://ayumilove.net/raid-shadow-legends-hill-nomad-skill-mastery-equip-guide/,https://ayumilove.net/files/games/raid_shadow_legends/champion/Hill_Nomad.jpg,data/raw/pages/raid_shadow_legends_hill_nomad_skill_mastery_equip_guide.html,data/raw/images/hill_nomad_c2aab0b7b1.jpg,data/processed/icons/hill_nomad.png,data/processed/debug/hill_nomad_crop_debug.jpg,"14,378,197,532",48,64
hilvi_the_rime_called,Hilvi the Rime Called,S,DW-LSF,DW,Dwarves,L,Legendary,S,Support,F,Force,62,https://ayumilove.net/raid-shadow-legends-list-of-champions-by-ranking/,https://ayumilove.net/raid-shadow-legends-hilvi-the-rime-called-skill-mastery-equip-guide/,https://ayumilove.net/files/games/raid_shadow_legends/champion/Hilvi_the_Rime_Called.jpg,data/raw/pages/raid_shadow_legends_hilvi_the_rime_called_skill_mastery_equip_guide.html,data/raw/images/hilvi_the_rime_called_8ec966dd8f.jpg,data/processed/icons/hilvi_the_rime_called.png,data/processed/debug/hilvi_the_rime_called_crop_debug.jpg,"14,378,197,532",48,64
hoforees_the_tusked,Hoforees the Tusked,B,SW-ESF,SW,Skinwalkers,E,Epic,S,Support,F,Force,552,https://ayumilove.net/raid-shadow-legends-list-of-champions-by-ranking/,https://ayumilove.net/raid-shadow-legends-hoforees-the-tusked-skill-mastery-equip-guide/,https://ayumilove.net/files/games/raid_shadow_legends/champion/Hoforees_the_Tusked.jpg,data/raw/pages/raid_shadow_legends_hoforees_the_tusked_skill_mastery_equip_guide.html,data/raw/images/hoforees_the_tusked_5c808778b6.jpg,data/processed/icons/hoforees_the_tusked.png,data/processed/debug/hoforees_the_tusked_crop_debug.jpg,"14,378,197,532",48,64
hollow,Hollow,C,UH-RAV,UH,Undead Hordes,R,Rare,A,Attack,V,Void,820,https://ayumilove.net/raid-shadow-legends-list-of-champions-by-ranking/,https://ayumilove.net/raid-shadow-legends-hollow-skill-mastery-equip-guide/,https://ayumilove.net/files/games/raid_shadow_legends/champion/Hollow.jpg,data/raw/pages/raid_shadow_legends_hollow_skill_mastery_equip_guide.html,data/raw/images/hollow_d8c86a5879.jpg,data/processed/icons/hollow.png,data/processed/debug/hollow_crop_debug.jpg,"14,378,197,532",48,64
holsring,Holsring,A,SO-LAM,SO,The Sacred Order,L,Legendary,A,Attack,M,Magic,188,https://ayumilove.net/raid-shadow-legends-list-of-champions-by-ranking/,https://ayumilove.net/raid-shadow-legends-holsring-skill-mastery-equip-guide/,https://ayumilove.net/files/games/raid_shadow_legends/champion/Holsring.jpg,data/raw/pages/raid_shadow_legends_holsring_skill_mastery_equip_guide.html,data/raw/images/holsring_74d473c8a9.jpg,data/processed/icons/holsring.png,data/processed/debug/holsring_crop_debug.jpg,"14,378,197,532",48,64
honor_guard,Honor Guard,F,DW-RDF,DW,Dwarves,R,Rare,D,Defense,F,Force,894,https://ayumilove.net/raid-shadow-legends-list-of-champions-by-ranking/,https://ayumilove.net/raid-shadow-legends-honor-guard-skill-mastery-equip-guide/,https://ayumilove.net/files/games/raid_shadow_legends/champion/Honor_Guard.jpg,data/raw/pages/raid_shadow_legends_honor_guard_skill_mastery_equip_guide.html,data/raw/images/honor_guard_aa3a6a51ea.jpg,data/processed/icons/honor_guard.png,data/processed/debug/honor_guard_crop_debug.jpg,"14,378,197,532",48,64
hope,Hope,B,SO-EHM,SO,The Sacred Order,E,Epic,H,HP,M,Magic,553,https://ayumilove.net/raid-shadow-legends-list-of-champions-by-ranking/,https://ayumilove.net/raid-shadow-legends-hope-skill-mastery-equip-guide/,https://ayumilove.net/files/games/raid_shadow_legends/champion/Hope.jpg,data/raw/pages/raid_shadow_legends_hope_skill_mastery_equip_guide.html,data/raw/images/hope_836f7ca3fb.jpg,data/processed/icons/hope.png,data/processed/debug/hope_crop_debug.jpg,"14,378,197,532",48,64
hordin,Hordin,B,BL-EAM,BL,Banner Lords,E,Epic,A,Attack,M,Magic,554,https://ayumilove.net/raid-shadow-legends-list-of-champions-by-ranking/,https://ayumilove.net/raid-shadow-legends-hordin-skill-mastery-equip-guide/,https://ayumilove.net/files/games/raid_shadow_legends/champion/Hordin.jpg,data/raw/pages/raid_shadow_legends_hordin_skill_mastery_equip_guide.html,data/raw/images/hordin_8d0e890917.jpg,data/processed/icons/hordin.png,data/processed/debug/hordin_crop_debug.jpg,"14,378,197,532",48,64
hoskarul,Hoskarul,B,BA-EDS,BA,Barbarians,E,Epic,D,Defense,S,Spirit,555,https://ayumilove.net/raid-shadow-legends-list-of-champions-by-ranking/,https://ayumilove.net/raid-shadow-legends-hoskarul-skill-mastery-equip-guide/,https://ayumilove.net/files/games/raid_shadow_legends/champion/Hoskarul.jpg,data/raw/pages/raid_shadow_legends_hoskarul_skill_mastery_equip_guide.html,data/raw/images/hoskarul_a0b3ed61e0.jpg,data/processed/icons/hoskarul.png,data/processed/debug/hoskarul_crop_debug.jpg,"14,378,197,532",48,64
hospitaller,Hospitaller,C,SO-RSM,SO,The Sacred Order,R,Rare,S,Support,M,Magic,821,https://ayumilove.net/raid-shadow-legends-list-of-champions-by-ranking/,https://ayumilove.net/raid-shadow-legends-hospitaller-skill-mastery-equip-guide/,https://ayumilove.net/files/games/raid_shadow_legends/champion/Hospitaller.jpg,data/raw/pages/raid_shadow_legends_hospitaller_skill_mastery_equip_guide.html,data/raw/images/hospitaller_f2ea27cbb2.jpg,data/processed/icons/hospitaller.png,data/processed/debug/hospitaller_crop_debug.jpg,"14,378,197,532",48,64
hotatsu,Hotatsu,A,SK-EDM,SK,Shadowkin,E,Epic,D,Defense,M,Magic,450,https://ayumilove.net/raid-shadow-legends-list-of-champions-by-ranking/,https://ayumilove.net/raid-shadow-legends-hotatsu-skill-mastery-equip-guide/,https://ayumilove.net/files/games/raid_shadow_legends/champion/Hotatsu.jpg,data/raw/pages/raid_shadow_legends_hotatsu_skill_mastery_equip_guide.html,data/raw/images/hotatsu_7242b53ba4.jpg,data/processed/icons/hotatsu.png,data/processed/debug/hotatsu_crop_debug.jpg,"14,378,197,532",48,64
hound_spawn,Hound Spawn,F,DS-RAF,DS,Demonspawn,R,Rare,A,Attack,F,Force,895,https://ayumilove.net/raid-shadow-legends-list-of-champions-by-ranking/,https://ayumilove.net/raid-shadow-legends-hound-spawn-skill-mastery-equip-guide/,https://ayumilove.net/files/games/raid_shadow_legends/champion/Hound_Spawn.jpg,data/raw/pages/raid_shadow_legends_hound_spawn_skill_mastery_equip_guide.html,data/raw/images/hound_spawn_2bf11a753f.jpg,data/processed/icons/hound_spawn.png,data/processed/debug/hound_spawn_crop_debug.jpg,"14,378,197,532",48,64
hungerer,Hungerer,C,OT-UHF,OT,Ogryn Tribes,U,Uncommon,H,HP,F,Force,973,https://ayumilove.net/raid-shadow-legends-list-of-champions-by-ranking/,https://ayumilove.net/raid-shadow-legends-hungerer-skill-mastery-equip-guide/,https://ayumilove.net/files/games/raid_shadow_legends/champion/Hungerer.jpg,data/raw/pages/raid_shadow_legends_hungerer_skill_mastery_equip_guide.html,data/raw/images/hungerer_b8b679d68c.jpg,data/processed/icons/hungerer.png,data/processed/debug/hungerer_crop_debug.jpg,"14,378,197,532",48,64
huntress,Huntress,F,OR-RAV,OR,Orcs,R,Rare,A,Attack,V,Void,896,https://ayumilove.net/raid-shadow-legends-list-of-champions-by-ranking/,https://ayumilove.net/raid-shadow-legends-huntress-skill-mastery-equip-guide/,https://ayumilove.net/files/games/raid_shadow_legends/champion/Huntress.jpg,data/raw/pages/raid_shadow_legends_huntress_skill_mastery_equip_guide.html,data/raw/images/huntress_17991de92f.jpg,data/processed/icons/huntress.png,data/processed/debug/huntress_crop_debug.jpg,"14,378,197,532",48,64
hurler,Hurler,C,LZ-RAF,LZ,Lizardmen,R,Rare,A,Attack,F,Force,822,https://ayumilove.net/raid-shadow-legends-list-of-champions-by-ranking/,https://ayumilove.net/raid-shadow-legends-hurler-skill-mastery-equip-guide/,https://ayumilove.net/files/games/raid_shadow_legends/champion/Hurler.jpg,data/raw/pages/raid_shadow_legends_hurler_skill_mastery_equip_guide.html,data/raw/images/hurler_02408ea5f5.jpg,data/processed/icons/hurler.png,data/processed/debug/hurler_crop_debug.jpg,"14,378,197,532",48,64
hurndig,Hurndig,S,DW-LAM,DW,Dwarves,L,Legendary,A,Attack,M,Magic,63,https://ayumilove.net/raid-shadow-legends-list-of-champions-by-ranking/,https://ayumilove.net/raid-shadow-legends-hurndig-skill-mastery-equip-guide/,https://ayumilove.net/files/games/raid_shadow_legends/champion/Hurndig.jpg,data/raw/pages/raid_shadow_legends_hurndig_skill_mastery_equip_guide.html,data/raw/images/hurndig_8c314b7104.jpg,data/processed/icons/hurndig.png,data/processed/debug/hurndig_crop_debug.jpg,"14,378,197,532",48,64
husk,Husk,B,UH-EHF,UH,Undead Hordes,E,Epic,H,HP,F,Force,556,https://ayumilove.net/raid-shadow-legends-list-of-champions-by-ranking/,https://ayumilove.net/raid-shadow-legends-husk-skill-mastery-equip-guide/,https://ayumilove.net/files/games/raid_shadow_legends/champion/Husk.jpg,data/raw/pages/raid_shadow_legends_husk_skill_mastery_equip_guide.html,data/raw/images/husk_7cb2c228c3.jpg,data/processed/icons/husk.png,data/processed/debug/husk_crop_debug.jpg,"14,378,197,532",48,64
hyria,Hyria,C,HE-RAS,HE,High Elves,R,Rare,A,Attack,S,Spirit,823,https://ayumilove.net/raid-shadow-legends-list-of-champions-by-ranking/,https://ayumilove.net/raid-shadow-legends-hyria-skill-mastery-equip-guide/,https://ayumilove.net/files/games/raid_shadow_legends/champion/Hyria.jpg,data/raw/pages/raid_shadow_legends_hyria_skill_mastery_equip_guide.html,data/raw/images/hyria_2aafc469ff.jpg,data/processed/icons/hyria.png,data/processed/debug/hyria_crop_debug.jpg,"14,378,197,532",48,64
icebound_prospector,Icebound Prospector,F,DW-UAF,DW,Dwarves,U,Uncommon,A,Attack,F,Force,988,https://ayumilove.net/raid-shadow-legends-list-of-champions-by-ranking/,https://ayumilove.net/raid-shadow-legends-icebound-prospector-skill-mastery-equip-guide/,https://ayumilove.net/files/games/raid_shadow_legends/champion/Icebound_Prospector.jpg,data/raw/pages/raid_shadow_legends_icebound_prospector_skill_mastery_equip_guide.html,data/raw/images/icebound_prospector_c14c646d81.jpg,data/processed/icons/icebound_prospector.png,data/processed/debug/icebound_prospector_crop_debug.jpg,"14,378,197,532",48,64
ifrit,Ifrit,C,DS-RHV,DS,Demonspawn,R,Rare,H,HP,V,Void,824,https://ayumilove.net/raid-shadow-legends-list-of-champions-by-ranking/,https://ayumilove.net/raid-shadow-legends-ifrit-skill-mastery-equip-guide/,https://ayumilove.net/files/games/raid_shadow_legends/champion/Ifrit.jpg,data/raw/pages/raid_shadow_legends_ifrit_skill_mastery_equip_guide.html,data/raw/images/ifrit_55f8c2ef45.jpg,data/processed/icons/ifrit.png,data/processed/debug/ifrit_crop_debug.jpg,"14,378,197,532",48,64
ignatius,Ignatius,B,OT-LDM,OT,Ogryn Tribes,L,Legendary,D,Defense,M,Magic,335,https://ayumilove.net/raid-shadow-legends-list-of-champions-by-ranking/,https://ayumilove.net/raid-shadow-legends-ignatius-skill-mastery-equip-guide/,https://ayumilove.net/files/games/raid_shadow_legends/champion/Ignatius.jpg,data/raw/pages/raid_shadow_legends_ignatius_skill_mastery_equip_guide.html,data/raw/images/ignatius_7a41c6c080.jpg,data/processed/icons/ignatius.png,data/processed/debug/ignatius_crop_debug.jpg,"14,378,197,532",48,64
ilysinya,Ilysinya,B,HE-EHF,HE,High Elves,E,Epic,H,HP,F,Force,557,https://ayumilove.net/raid-shadow-legends-list-of-champions-by-ranking/,https://ayumilove.net/raid-shadow-legends-ilysinya-skill-mastery-equip-guide/,https://ayumilove.net/files/games/raid_shadow_legends/champion/Ilysinya.jpg,data/raw/pages/raid_shadow_legends_ilysinya_skill_mastery_equip_guide.html,data/raw/images/ilysinya_a247cb1ccf.jpg,data/processed/icons/ilysinya.png,data/processed/debug/ilysinya_crop_debug.jpg,"14,378,197,532",48,64
incubus,Incubus,F,DS-UAF,DS,Demonspawn,U,Uncommon,A,Attack,F,Force,989,https://ayumilove.net/raid-shadow-legends-list-of-champions-by-ranking/,https://ayumilove.net/raid-shadow-legends-incubus-skill-mastery-equip-guide/,https://ayumilove.net/files/games/raid_shadow_legends/champion/Incubus.jpg,data/raw/pages/raid_shadow_legends_incubus_skill_mastery_equip_guide.html,data/raw/images/incubus_fa9bd74843.jpg,data/processed/icons/incubus.png,data/processed/debug/incubus_crop_debug.jpg,"14,378,197,532",48,64
infernal_baroness,Infernal Baroness,B,DS-EDF,DS,Demonspawn,E,Epic,D,Defense,F,Force,558,https://ayumilove.net/raid-shadow-legends-list-of-champions-by-ranking/,https://ayumilove.net/raid-shadow-legends-infernal-baroness-skill-mastery-equip-guide/,https://ayumilove.net/files/games/raid_shadow_legends/champion/Infernal_Baroness.jpg,data/raw/pages/raid_shadow_legends_infernal_baroness_skill_mastery_equip_guide.html,data/raw/images/infernal_baroness_3ae045b47b.jpg,data/processed/icons/infernal_baroness.png,data/processed/debug/infernal_baroness_crop_debug.jpg,"14,378,197,532",48,64
infiltrator,Infiltrator,F,SK-UAF,SK,Shadowkin,U,Uncommon,A,Attack,F,Force,990,https://ayumilove.net/raid-shadow-legends-list-of-champions-by-ranking/,https://ayumilove.net/raid-shadow-legends-infiltrator-skill-mastery-equip-guide/,https://ayumilove.net/files/games/raid_shadow_legends/champion/Infiltrator.jpg,data/raw/pages/raid_shadow_legends_infiltrator_skill_mastery_equip_guide.html,data/raw/images/infiltrator_c011e6e18e.jpg,data/processed/icons/infiltrator.png,data/processed/debug/infiltrator_crop_debug.jpg,"14,378,197,532",48,64
inithwe_bloodtwin,Inithwe Bloodtwin,B,DS-LAV,DS,Demonspawn,L,Legendary,A,Attack,V,Void,336,https://ayumilove.net/raid-shadow-legends-list-of-champions-by-ranking/,https://ayumilove.net/raid-shadow-legends-inithwe-bloodtwin-skill-mastery-equip-guide/,https://ayumilove.net/files/games/raid_shadow_legends/champion/Inithwe_Bloodtwin.jpg,data/raw/pages/raid_shadow_legends_inithwe_bloodtwin_skill_mastery_equip_guide.html,data/raw/images/inithwe_bloodtwin_73100294cd.jpg,data/processed/icons/inithwe_bloodtwin.png,data/processed/debug/inithwe_bloodtwin_crop_debug.jpg,"14,378,197,532",48,64
inquisitor_shamael,Inquisitor Shamael,S,SO-EAV,SO,The Sacred Order,E,Epic,A,Attack,V,Void,418,https://ayumilove.net/raid-shadow-legends-list-of-champions-by-ranking/,https://ayumilove.net/raid-shadow-legends-inquisitor-shamael-skill-mastery-equip-guide/,https://ayumilove.net/files/games/raid_shadow_legends/champion/Inquisitor_Shamael.jpg,data/raw/pages/raid_shadow_legends_inquisitor_shamael_skill_mastery_equip_guide.html,data/raw/images/inquisitor_shamael_f111c84356.jpg,data/processed/icons/inquisitor_shamael.png,data/processed/debug/inquisitor_shamael_crop_debug.jpg,"14,378,197,532",48,64
interceptor,Interceptor,F,HE-RDV,HE,High Elves,R,Rare,D,Defense,V,Void,897,https://ayumilove.net/raid-shadow-legends-list-of-champions-by-ranking/,https://ayumilove.net/raid-shadow-legends-interceptor-skill-mastery-equip-guide/,https://ayumilove.net/files/games/raid_shadow_legends/champion/Interceptor.jpg,data/raw/pages/raid_shadow_legends_interceptor_skill_mastery_equip_guide.html,data/raw/images/interceptor_506cec0b6b.jpg,data/processed/icons/interceptor.png,data/processed/debug/interceptor_crop_debug.jpg,"14,378,197,532",48,64
intercessor,Intercessor,C,SO-USF,SO,The Sacred Order,U,Uncommon,S,Support,F,Force,974,https://ayumilove.net/raid-shadow-legends-list-of-champions-by-ranking/,https://ayumilove.net/raid-shadow-legends-intercessor-skill-mastery-equip-guide/,https://ayumilove.net/files/games/raid_shadow_legends/champion/Intercessor.jpg,data/raw/pages/raid_shadow_legends_intercessor_skill_mastery_equip_guide.html,data/raw/images/intercessor_9df0ac0967.jpg,data/processed/icons/intercessor.png,data/processed/debug/intercessor_crop_debug.jpg,"14,378,197,532",48,64
iron_brago,Iron Brago,A,OR-LDS,OR,Orcs,L,Legendary,D,Defense,S,Spirit,189,https://ayumilove.net/raid-shadow-legends-list-of-champions-by-ranking/,https://ayumilove.net/raid-shadow-legends-iron-brago-skill-mastery-equip-guide/,https://ayumilove.net/files/games/raid_shadow_legends/champion/Iron_Brago.jpg,data/raw/pages/raid_shadow_legends_iron_brago_skill_mastery_equip_guide.html,data/raw/images/iron_brago_f8e714efac.jpg,data/processed/icons/iron_brago.png,data/processed/debug/iron_brago_crop_debug.jpg,"14,378,197,532",48,64
ironclad,Ironclad,B,OR-RHF,OR,Orcs,R,Rare,H,HP,F,Force,750,https://ayumilove.net/raid-shadow-legends-list-of-champions-by-ranking/,https://ayumilove.net/raid-shadow-legends-ironclad-skill-mastery-equip-guide/,https://ayumilove.net/files/games/raid_shadow_legends/champion/Ironclad.jpg,data/raw/pages/raid_shadow_legends_ironclad_skill_mastery_equip_guide.html,data/raw/images/ironclad_f36d2de2f1.jpg,data/processed/icons/ironclad.png,data/processed/debug/ironclad_crop_debug.jpg,"14,378,197,532",48,64
ishiyama_the_immovable,Ishiyama the Immovable,B,SK-LHS,SK,Shadowkin,L,Legendary,H,HP,S,Spirit,337,https://ayumilove.net/raid-shadow-legends-list-of-champions-by-ranking/,https://ayumilove.net/raid-shadow-legends-ishiyama-the-immovable-skill-mastery-equip-guide/,https://ayumilove.net/files/games/raid_shadow_legends/champion/Ishiyama_the_Immovable.jpg,data/raw/pages/raid_shadow_legends_ishiyama_the_immovable_skill_mastery_equip_guide.html,data/raw/images/ishiyama_the_immovable_377e4e4e4c.jpg,data/processed/icons/ishiyama_the_immovable.png,data/processed/debug/ishiyama_the_immovable_crop_debug.jpg,"14,378,197,532",48,64
ithos,Ithos,A,HE-LAV,HE,High Elves,L,Legendary,A,Attack,V,Void,190,https://ayumilove.net/raid-shadow-legends-list-of-champions-by-ranking/,https://ayumilove.net/raid-shadow-legends-ithos-skill-mastery-equip-guide/,https://ayumilove.net/files/games/raid_shadow_legends/champion/Ithos.jpg,data/raw/pages/raid_shadow_legends_ithos_skill_mastery_equip_guide.html,data/raw/images/ithos_345a203562.jpg,data/processed/icons/ithos.png,data/processed/debug/ithos_crop_debug.jpg,"14,378,197,532",48,64
itinerant,Itinerant,C,SK-RAF,SK,Shadowkin,R,Rare,A,Attack,F,Force,826,https://ayumilove.net/raid-shadow-legends-list-of-champions-by-ranking/,https://ayumilove.net/raid-shadow-legends-itinerant-skill-mastery-equip-guide/,https://ayumilove.net/files/games/raid_shadow_legends/champion/Itinerant.jpg,data/raw/pages/raid_shadow_legends_itinerant_skill_mastery_equip_guide.html,data/raw/images/itinerant_22cc9a6ad3.jpg,data/processed/icons/itinerant.png,data/processed/debug/itinerant_crop_debug.jpg,"14,378,197,532",48,64
iudex_artor,Iudex Artor,A,SO-LSS,SO,The Sacred Order,L,Legendary,S,Support,S,Spirit,191,https://ayumilove.net/raid-shadow-legends-list-of-champions-by-ranking/,https://ayumilove.net/raid-shadow-legends-iudex-artor-skill-mastery-equip-guide/,https://ayumilove.net/files/games/raid_shadow_legends/champion/Iudex_Artor.jpg,data/raw/pages/raid_shadow_legends_iudex_artor_skill_mastery_equip_guide.html,data/raw/images/iudex_artor_8985728d58.jpg,data/processed/icons/iudex_artor.png,data/processed/debug/iudex_artor_crop_debug.jpg,"14,378,197,532",48,64
jaeger,Jaeger,F,HE-UAS,HE,High Elves,U,Uncommon,A,Attack,S,Spirit,991,https://ayumilove.net/raid-shadow-legends-list-of-champions-by-ranking/,https://ayumilove.net/raid-shadow-legends-jaeger-skill-mastery-equip-guide/,https://ayumilove.net/files/games/raid_shadow_legends/champion/Jaeger.jpg,data/raw/pages/raid_shadow_legends_jaeger_skill_mastery_equip_guide.html,data/raw/images/jaeger_9f2c0f8742.jpg,data/processed/icons/jaeger.png,data/processed/debug/jaeger_crop_debug.jpg,"14,378,197,532",48,64
jagg_bonesaw,Jagg Bonesaw,A,OR-LAS,OR,Orcs,L,Legendary,A,Attack,S,Spirit,192,https://ayumilove.net/raid-shadow-legends-list-of-champions-by-ranking/,https://ayumilove.net/raid-shadow-legends-jagg-bonesaw-skill-mastery-equip-guide/,https://ayumilove.net/files/games/raid_shadow_legends/champion/Jagg_Bonesaw.jpg,data/raw/pages/raid_shadow_legends_jagg_bonesaw_skill_mastery_equip_guide.html,data/raw/images/jagg_bonesaw_5399186700.jpg,data/processed/icons/jagg_bonesaw.png,data/processed/debug/jagg_bonesaw_crop_debug.jpg,"14,378,197,532",48,64
jarang,Jarang,B,LZ-EAM,LZ,Lizardmen,E,Epic,A,Attack,M,Magic,559,https://ayumilove.net/raid-shadow-legends-list-of-champions-by-ranking/,https://ayumilove.net/raid-shadow-legends-jarang-skill-mastery-equip-guide/,https://ayumilove.net/files/games/raid_shadow_legends/champion/Jarang.jpg,data/raw/pages/raid_shadow_legends_jarang_skill_mastery_equip_guide.html,data/raw/images/jarang_cd223d0ca4.jpg,data/processed/icons/jarang.png,data/processed/debug/jarang_crop_debug.jpg,"14,378,197,532",48,64
jareg,Jareg,B,LZ-EHM,LZ,Lizardmen,E,Epic,H,HP,M,Magic,560,https://ayumilove.net/raid-shadow-legends-list-of-champions-by-ranking/,https://ayumilove.net/raid-shadow-legends-jareg-skill-mastery-equip-guide/,https://ayumilove.net/files/games/raid_shadow_legends/champion/Jareg.jpg,data/raw/pages/raid_shadow_legends_jareg_skill_mastery_equip_guide.html,data/raw/images/jareg_a963d0b1c3.jpg,data/processed/icons/jareg.png,data/processed/debug/jareg_crop_debug.jpg,"14,378,197,532",48,64
jetni_the_giant,Jetni the Giant,A,BA-LAS,BA,Barbarians,L,Legendary,A,Attack,S,Spirit,193,https://ayumilove.net/raid-shadow-legends-list-of-champions-by-ranking/,https://ayumilove.net/raid-shadow-legends-jetni-the-giant-skill-mastery-equip-guide/,https://ayumilove.net/files/games/raid_shadow_legends/champion/Jetni_the_Giant.jpg,data/raw/pages/raid_shadow_legends_jetni_the_giant_skill_mastery_equip_guide.html,data/raw/images/jetni_the_giant_d93ba950c1.jpg,data/processed/icons/jetni_the_giant.png,data/processed/debug/jetni_the_giant_crop_debug.jpg,"14,378,197,532",48,64
jinglehunter,Jinglehunter,B,HE-EAS,HE,High Elves,E,Epic,A,Attack,S,Spirit,561,https://ayumilove.net/raid-shadow-legends-list-of-champions-by-ranking/,https://ayumilove.net/raid-shadow-legends-jinglehunter-skill-mastery-equip-guide/,https://ayumilove.net/files/games/raid_shadow_legends/champion/Jinglehunter.jpg,data/raw/pages/raid_shadow_legends_jinglehunter_skill_mastery_equip_guide.html,data/raw/images/jinglehunter_980d78d6a4.jpg,data/processed/icons/jinglehunter.png,data/processed/debug/jinglehunter_crop_debug.jpg,"14,378,197,532",48,64
jingwon,Jingwon,A,SK-LHV,SK,Shadowkin,L,Legendary,H,HP,V,Void,194,https://ayumilove.net/raid-shadow-legends-list-of-champions-by-ranking/,https://ayumilove.net/raid-shadow-legends-jingwon-skill-mastery-equip-guide/,https://ayumilove.net/files/games/raid_shadow_legends/champion/Jingwon.jpg,data/raw/pages/raid_shadow_legends_jingwon_skill_mastery_equip_guide.html,data/raw/images/jingwon_7377c6e65e.jpg,data/processed/icons/jingwon.png,data/processed/debug/jingwon_crop_debug.jpg,"14,378,197,532",48,64
jintoro,Jintoro,A,SK-LAM,SK,Shadowkin,L,Legendary,A,Attack,M,Magic,195,https://ayumilove.net/raid-shadow-legends-list-of-champions-by-ranking/,https://ayumilove.net/raid-shadow-legends-jintoro-skill-mastery-equip-guide/,https://ayumilove.net/files/games/raid_shadow_legends/champion/Jintoro.jpg,data/raw/pages/raid_shadow_legends_jintoro_skill_mastery_equip_guide.html,data/raw/images/jintoro_bef1c5c7eb.jpg,data/processed/icons/jintoro.png,data/processed/debug/jintoro_crop_debug.jpg,"14,378,197,532",48,64
jizoh,Jizoh,B,LZ-EDS,LZ,Lizardmen,E,Epic,D,Defense,S,Spirit,562,https://ayumilove.net/raid-shadow-legends-list-of-champions-by-ranking/,https://ayumilove.net/raid-shadow-legends-jizoh-skill-mastery-equip-guide/,https://ayumilove.net/files/games/raid_shadow_legends/champion/Jizoh.jpg,data/raw/pages/raid_shadow_legends_jizoh_skill_mastery_equip_guide.html,data/raw/images/jizoh_4eab5cf978.jpg,data/processed/icons/jizoh.png,data/processed/debug/jizoh_crop_debug.jpg,"14,378,197,532",48,64
joan_the_luminant,Joan the Luminant,S,BL-MAM,BL,Banner Lords,M,Mythical,A,Attack,M,Magic,14,https://ayumilove.net/raid-shadow-legends-list-of-champions-by-ranking/,https://ayumilove.net/raid-shadow-legends-joan-the-luminant-skill-mastery-equip-guide/,https://ayumilove.net/files/games/raid_shadow_legends/champion/Joan_the_Luminant.jpg,data/raw/pages/raid_shadow_legends_joan_the_luminant_skill_mastery_equip_guide.html,data/raw/images/joan_the_luminant_0679ef0434.jpg,data/processed/icons/joan_the_luminant.png,data/processed/debug/joan_the_luminant_crop_debug.jpg,"14,378,197,532",48,64
jotun,Jotun,F,BA-EHM,BA,Barbarians,E,Epic,H,HP,M,Magic,695,https://ayumilove.net/raid-shadow-legends-list-of-champions-by-ranking/,https://ayumilove.net/raid-shadow-legends-jotun-skill-mastery-equip-guide/,https://ayumilove.net/files/games/raid_shadow_legends/champion/Jotun.jpg,data/raw/pages/raid_shadow_legends_jotun_skill_mastery_equip_guide.html,data/raw/images/jotun_cae06905ce.jpg,data/processed/icons/jotun.png,data/processed/debug/jotun_crop_debug.jpg,"14,378,197,532",48,64
judge,Judge,C,DE-RAM,DE,Dark Elves,R,Rare,A,Attack,M,Magic,827,https://ayumilove.net/raid-shadow-legends-list-of-champions-by-ranking/,https://ayumilove.net/raid-shadow-legends-judge-skill-mastery-equip-guide/,https://ayumilove.net/files/games/raid_shadow_legends/champion/Judge.jpg,data/raw/pages/raid_shadow_legends_judge_skill_mastery_equip_guide.html,data/raw/images/judge_6ddbd062b5.jpg,data/processed/icons/judge.png,data/processed/debug/judge_crop_debug.jpg,"14,378,197,532",48,64
judicator,Judicator,F,SO-RAS,SO,The Sacred Order,R,Rare,A,Attack,S,Spirit,898,https://ayumilove.net/raid-shadow-legends-list-of-champions-by-ranking/,https://ayumilove.net/raid-shadow-legends-judicator-skill-mastery-equip-guide/,https://ayumilove.net/files/games/raid_shadow_legends/champion/Judicator.jpg,data/raw/pages/raid_shadow_legends_judicator_skill_mastery_equip_guide.html,data/raw/images/judicator_8560829c8c.jpg,data/processed/icons/judicator.png,data/processed/debug/judicator_crop_debug.jpg,"14,378,197,532",48,64
juliana,Juliana,B,SO-EAM,SO,The Sacred Order,E,Epic,A,Attack,M,Magic,563,https://ayumilove.net/raid-shadow-legends-list-of-champions-by-ranking/,https://ayumilove.net/raid-shadow-legends-juliana-skill-mastery-equip-guide/,https://ayumilove.net/files/games/raid_shadow_legends/champion/Juliana.jpg,data/raw/pages/raid_shadow_legends_juliana_skill_mastery_equip_guide.html,data/raw/images/juliana_aec2e7dea9.jpg,data/processed/icons/juliana.png,data/processed/debug/juliana_crop_debug.jpg,"14,378,197,532",48,64
jurojin,Jurojin,C,SK-EHS,SK,Shadowkin,E,Epic,H,HP,S,Spirit,664,https://ayumilove.net/raid-shadow-legends-list-of-champions-by-ranking/,https://ayumilove.net/raid-shadow-legends-jurojin-skill-mastery-equip-guide/,https://ayumilove.net/files/games/raid_shadow_legends/champion/Jurojin.jpg,data/raw/pages/raid_shadow_legends_jurojin_skill_mastery_equip_guide.html,data/raw/images/jurojin_3f2ac5c98a.jpg,data/processed/icons/jurojin.png,data/processed/debug/jurojin_crop_debug.jpg,"14,378,197,532",48,64
justiciar,Justiciar,C,SO-RDV,SO,The Sacred Order,R,Rare,D,Defense,V,Void,828,https://ayumilove.net/raid-shadow-legends-list-of-champions-by-ranking/,https://ayumilove.net/raid-shadow-legends-justiciar-skill-mastery-equip-guide/,https://ayumilove.net/files/games/raid_shadow_legends/champion/Justiciar.jpg,data/raw/pages/raid_shadow_legends_justiciar_skill_mastery_equip_guide.html,data/raw/images/justiciar_9446724914.jpg,data/processed/icons/justiciar.png,data/processed/debug/justiciar_crop_debug.jpg,"14,378,197,532",48,64
kael,Kael,A,DE-RAM,DE,Dark Elves,R,Rare,A,Attack,M,Magic,711,https://ayumilove.net/raid-shadow-legends-list-of-champions-by-ranking/,https://ayumilove.net/raid-shadow-legends-kael-skill-mastery-equip-guide/,https://ayumilove.net/files/games/raid_shadow_legends/champion/Kael.jpg,data/raw/pages/raid_shadow_legends_kael_skill_mastery_equip_guide.html,data/raw/images/kael_6fecf08eb4.jpg,data/processed/icons/kael.png,data/processed/debug/kael_crop_debug.jpg,"14,378,197,532",48,64
kaiden,Kaiden,B,DE-EDM,DE,Dark Elves,E,Epic,D,Defense,M,Magic,564,https://ayumilove.net/raid-shadow-legends-list-of-champions-by-ranking/,https://ayumilove.net/raid-shadow-legends-kaiden-skill-mastery-equip-guide/,https://ayumilove.net/files/games/raid_shadow_legends/champion/Kaiden.jpg,data/raw/pages/raid_shadow_legends_kaiden_skill_mastery_equip_guide.html,data/raw/images/kaiden_d94a363f94.jpg,data/processed/icons/kaiden.png,data/processed/debug/kaiden_crop_debug.jpg,"14,378,197,532",48,64
kaja_the_wry,Kaja the Wry,A,BL-LSS,BL,Banner Lords,L,Legendary,S,Support,S,Spirit,196,https://ayumilove.net/raid-shadow-legends-list-of-champions-by-ranking/,https://ayumilove.net/raid-shadow-legends-kaja-the-wry-skill-mastery-equip-guide/,https://ayumilove.net/files/games/raid_shadow_legends/champion/Kaja_the_Wry.jpg,data/raw/pages/raid_shadow_legends_kaja_the_wry_skill_mastery_equip_guide.html,data/raw/images/kaja_the_wry_2101f8d708.jpg,data/processed/icons/kaja_the_wry.png,data/processed/debug/kaja_the_wry_crop_debug.jpg,"14,378,197,532",48,64
kallia,Kallia,B,BA-EAF,BA,Barbarians,E,Epic,A,Attack,F,Force,565,https://ayumilove.net/raid-shadow-legends-list-of-champions-by-ranking/,https://ayumilove.net/raid-shadow-legends-kallia-skill-mastery-equip-guide/,https://ayumilove.net/files/games/raid_shadow_legends/champion/Kallia.jpg,data/raw/pages/raid_shadow_legends_kallia_skill_mastery_equip_guide.html,data/raw/images/kallia_947c420cad.jpg,data/processed/icons/kallia.png,data/processed/debug/kallia_crop_debug.jpg,"14,378,197,532",48,64
kalvalax,Kalvalax,S,KR-LAS,KR,Knights Revenant,L,Legendary,A,Attack,S,Spirit,64,https://ayumilove.net/raid-shadow-legends-list-of-champions-by-ranking/,https://ayumilove.net/raid-shadow-legends-kalvalax-skill-mastery-equip-guide/,https://ayumilove.net/files/games/raid_shadow_legends/champion/Kalvalax.jpg,data/raw/pages/raid_shadow_legends_kalvalax_skill_mastery_equip_guide.html,data/raw/images/kalvalax_7167f1c6ca.jpg,data/processed/icons/kalvalax.png,data/processed/debug/kalvalax_crop_debug.jpg,"14,378,197,532",48,64
kantra_the_cyclone,Kantra the Cyclone,B,BA-LDF,BA,Barbarians,L,Legendary,D,Defense,F,Force,338,https://ayumilove.net/raid-shadow-legends-list-of-champions-by-ranking/,https://ayumilove.net/raid-shadow-legends-kantra-the-cyclone-skill-mastery-equip-guide/,https://ayumilove.net/files/games/raid_shadow_legends/champion/Kantra_the_Cyclone.jpg,data/raw/pages/raid_shadow_legends_kantra_the_cyclone_skill_mastery_equip_guide.html,data/raw/images/kantra_the_cyclone_aee51430a2.jpg,data/processed/icons/kantra_the_cyclone.png,data/processed/debug/kantra_the_cyclone_crop_debug.jpg,"14,378,197,532",48,64
karam,Karam,C,UH-EAF,UH,Undead Hordes,E,Epic,A,Attack,F,Force,665,https://ayumilove.net/raid-shadow-legends-list-of-champions-by-ranking/,https://ayumilove.net/raid-shadow-legends-karam-skill-mastery-equip-guide/,https://ayumilove.net/files/games/raid_shadow_legends/champion/Karam.jpg,data/raw/pages/raid_shadow_legends_karam_skill_mastery_equip_guide.html,data/raw/images/karam_7aa9b36357.jpg,data/processed/icons/karam.png,data/processed/debug/karam_crop_debug.jpg,"14,378,197,532",48,64
karato_foxhunter,Karato Foxhunter,B,SK-LAS,SK,Shadowkin,L,Legendary,A,Attack,S,Spirit,339,https://ayumilove.net/raid-shadow-legends-list-of-champions-by-ranking/,https://ayumilove.net/raid-shadow-legends-karato-foxhunter-skill-mastery-equip-guide/,https://ayumilove.net/files/games/raid_shadow_legends/champion/Karato_Foxhunter.jpg,data/raw/pages/raid_shadow_legends_karato_foxhunter_skill_mastery_equip_guide.html,data/raw/images/karato_foxhunter_d9bfe723a7.jpg,data/processed/icons/karato_foxhunter.png,data/processed/debug/karato_foxhunter_crop_debug.jpg,"14,378,197,532",48,64
karilon_the_ringer,Karilon the Ringer,A,KR-LSV,KR,Knights Revenant,L,Legendary,S,Support,V,Void,197,https://ayumilove.net/raid-shadow-legends-list-of-champions-by-ranking/,https://ayumilove.net/raid-shadow-legends-karilon-the-ringer-skill-mastery-equip-guide/,https://ayumilove.net/files/games/raid_shadow_legends/champion/Karilon_the_Ringer.jpg,data/raw/pages/raid_shadow_legends_karilon_the_ringer_skill_mastery_equip_guide.html,data/raw/images/karilon_the_ringer_8619889832.jpg,data/processed/icons/karilon_the_ringer.png,data/processed/debug/karilon_the_ringer_crop_debug.jpg,"14,378,197,532",48,64
karnage_the_anarch,Karnage the Anarch,S,DS-MAS,DS,Demonspawn,M,Mythical,A,Attack,S,Spirit,15,https://ayumilove.net/raid-shadow-legends-list-of-champions-by-ranking/,https://ayumilove.net/raid-shadow-legends-karnage-the-anarch-skill-mastery-equip-guide/,https://ayumilove.net/files/games/raid_shadow_legends/champion/Karnage_the_Anarch.jpg,data/raw/pages/raid_shadow_legends_karnage_the_anarch_skill_mastery_equip_guide.html,data/raw/images/karnage_the_anarch_e53828499d.jpg,data/processed/icons/karnage_the_anarch.png,data/processed/debug/karnage_the_anarch_crop_debug.jpg,"14,378,197,532",48,64
kassandra,Kassandra,B,AR-LAM,AR,Argonites,L,Legendary,A,Attack,M,Magic,340,https://ayumilove.net/raid-shadow-legends-list-of-champions-by-ranking/,https://ayumilove.net/raid-shadow-legends-kassandra-skill-mastery-equip-guide/,https://ayumilove.net/files/games/raid_shadow_legends/champion/Kassandra.jpg,data/raw/pages/raid_shadow_legends_kassandra_skill_mastery_equip_guide.html,data/raw/images/kassandra_1abbfbef16.jpg,data/processed/icons/kassandra.png,data/processed/debug/kassandra_crop_debug.jpg,"14,378,197,532",48,64
kawn_branchbreaker,Kawn Branchbreaker,A,OR-LDV,OR,Orcs,L,Legendary,D,Defense,V,Void,198,https://ayumilove.net/raid-shadow-legends-list-of-champions-by-ranking/,https://ayumilove.net/raid-shadow-legends-kawn-branchbreaker-skill-mastery-equip-guide/,https://ayumilove.net/files/games/raid_shadow_legends/champion/Kawn_Branchbreaker.jpg,data/raw/pages/raid_shadow_legends_kawn_branchbreaker_skill_mastery_equip_guide.html,data/raw/images/kawn_branchbreaker_2d817f3d94.jpg,data/processed/icons/kawn_branchbreaker.png,data/processed/debug/kawn_branchbreaker_crop_debug.jpg,"14,378,197,532",48,64
keberon_the_underflame,Keberon the Underflame,A,AR-LAF,AR,Argonites,L,Legendary,A,Attack,F,Force,199,https://ayumilove.net/raid-shadow-legends-list-of-champions-by-ranking/,https://ayumilove.net/raid-shadow-legends-keberon-the-underflame-skill-mastery-equip-guide/,https://ayumilove.net/files/games/raid_shadow_legends/champion/Keberon_the_Underflame.jpg,data/raw/pages/raid_shadow_legends_keberon_the_underflame_skill_mastery_equip_guide.html,data/raw/images/keberon_the_underflame_fd45c3d179.jpg,data/processed/icons/keberon_the_underflame.png,data/processed/debug/keberon_the_underflame_crop_debug.jpg,"14,378,197,532",48,64
keeyra_the_watcher,Keeyra the Watcher,B,DW-LDS,DW,Dwarves,L,Legendary,D,Defense,S,Spirit,341,https://ayumilove.net/raid-shadow-legends-list-of-champions-by-ranking/,https://ayumilove.net/raid-shadow-legends-keeyra-the-watcher-skill-mastery-equip-guide/,https://ayumilove.net/files/games/raid_shadow_legends/champion/Keeyra_the_Watcher.jpg,data/raw/pages/raid_shadow_legends_keeyra_the_watcher_skill_mastery_equip_guide.html,data/raw/images/keeyra_the_watcher_e210745c85.jpg,data/processed/icons/keeyra_the_watcher.png,data/processed/debug/keeyra_the_watcher_crop_debug.jpg,"14,378,197,532",48,64
kellan_the_shrike,Kellan the Shrike,B,SY-EAM,SY,Sylvan Watchers,E,Epic,A,Attack,M,Magic,566,https://ayumilove.net/raid-shadow-legends-list-of-champions-by-ranking/,https://ayumilove.net/raid-shadow-legends-kellan-the-shrike-skill-mastery-equip-guide/,https://ayumilove.net/files/games/raid_shadow_legends/champion/Kellan_the_Shrike.jpg,data/raw/pages/raid_shadow_legends_kellan_the_shrike_skill_mastery_equip_guide.html,data/raw/images/kellan_the_shrike_7ba5b366cb.jpg,data/processed/icons/kellan_the_shrike.png,data/processed/debug/kellan_the_shrike_crop_debug.jpg,"14,378,197,532",48,64
kerin_the_harvester,Kerin the Harvester,B,LZ-LSM,LZ,Lizardmen,L,Legendary,S,Support,M,Magic,342,https://ayumilove.net/raid-shadow-legends-list-of-champions-by-ranking/,https://ayumilove.net/raid-shadow-legends-kerin-the-harvester-skill-mastery-equip-guide/,https://ayumilove.net/files/games/raid_shadow_legends/champion/Kerin_the_Harvester.jpg,data/raw/pages/raid_shadow_legends_kerin_the_harvester_skill_mastery_equip_guide.html,data/raw/images/kerin_the_harvester_efeacb28f7.jpg,data/processed/icons/kerin_the_harvester.png,data/processed/debug/kerin_the_harvester_crop_debug.jpg,"14,378,197,532",48,64
khafru_the_deathkeeper,Khafru the Deathkeeper,B,UH-EDV,UH,Undead Hordes,E,Epic,D,Defense,V,Void,567,https://ayumilove.net/raid-shadow-legends-list-of-champions-by-ranking/,https://ayumilove.net/raid-shadow-legends-khafru-the-deathkeeper-skill-mastery-equip-guide/,https://ayumilove.net/files/games/raid_shadow_legends/champion/Khafru_the_Deathkeeper.jpg,data/raw/pages/raid_shadow_legends_khafru_the_deathkeeper_skill_mastery_equip_guide.html,data/raw/images/khafru_the_deathkeeper_3ffef45725.jpg,data/processed/icons/khafru_the_deathkeeper.png,data/processed/debug/khafru_the_deathkeeper_crop_debug.jpg,"14,378,197,532",48,64
khoronar,Khoronar,A,SW-LHV,SW,Skinwalkers,L,Legendary,H,HP,V,Void,200,https://ayumilove.net/raid-shadow-legends-list-of-champions-by-ranking/,https://ayumilove.net/raid-shadow-legends-khoronar-skill-mastery-equip-guide/,https://ayumilove.net/files/games/raid_shadow_legends/champion/Khoronar.jpg,data/raw/pages/raid_shadow_legends_khoronar_skill_mastery_equip_guide.html,data/raw/images/khoronar_62dff22ae2.jpg,data/processed/icons/khoronar.png,data/processed/debug/khoronar_crop_debug.jpg,"14,378,197,532",48,64
kinagashi,Kinagashi,F,SK-ESS,SK,Shadowkin,E,Epic,S,Support,S,Spirit,696,https://ayumilove.net/raid-shadow-legends-list-of-champions-by-ranking/,https://ayumilove.net/raid-shadow-legends-kinagashi-skill-mastery-equip-guide/,https://ayumilove.net/files/games/raid_shadow_legends/champion/Kinagashi.jpg,data/raw/pages/raid_shadow_legends_kinagashi_skill_mastery_equip_guide.html,data/raw/images/kinagashi_242a3ef6a9.jpg,data/processed/icons/kinagashi.png,data/processed/debug/kinagashi_crop_debug.jpg,"14,378,197,532",48,64
king_gallcobar,King Gallcobar,A,SY-LSM,SY,Sylvan Watchers,L,Legendary,S,Support,M,Magic,201,https://ayumilove.net/raid-shadow-legends-list-of-champions-by-ranking/,https://ayumilove.net/raid-shadow-legends-king-gallcobar-skill-mastery-equip-guide/,https://ayumilove.net/files/games/raid_shadow_legends/champion/King_Gallcobar.jpg,data/raw/pages/raid_shadow_legends_king_gallcobar_skill_mastery_equip_guide.html,data/raw/images/king_gallcobar_4071cfa577.jpg,data/processed/icons/king_gallcobar.png,data/processed/debug/king_gallcobar_crop_debug.jpg,"14,378,197,532",48,64
king_garog,King Garog,B,OR-LAF,OR,Orcs,L,Legendary,A,Attack,F,Force,343,https://ayumilove.net/raid-shadow-legends-list-of-champions-by-ranking/,https://ayumilove.net/raid-shadow-legends-king-garog-skill-mastery-equip-guide/,https://ayumilove.net/files/games/raid_shadow_legends/champion/King_Garog.jpg,data/raw/pages/raid_shadow_legends_king_garog_skill_mastery_equip_guide.html,data/raw/images/king_garog_0c179d0cf6.jpg,data/processed/icons/king_garog.png,data/processed/debug/king_garog_crop_debug.jpg,"14,378,197,532",48,64
klaazag_keyhulk,Klaazag Keyhulk,S,OT-LDV,OT,Ogryn Tribes,L,Legendary,D,Defense,V,Void,65,https://ayumilove.net/raid-shadow-legends-list-of-champions-by-ranking/,https://ayumilove.net/raid-shadow-legends-klaazag-keyhulk-skill-mastery-equip-guide/,https://ayumilove.net/files/games/raid_shadow_legends/champion/Klaazag_Keyhulk.jpg,data/raw/pages/raid_shadow_legends_klaazag_keyhulk_skill_mastery_equip_guide.html,data/raw/images/klaazag_keyhulk_431721ff54.jpg,data/processed/icons/klaazag_keyhulk.png,data/processed/debug/klaazag_keyhulk_crop_debug.jpg,"14,378,197,532",48,64
klodd_beastfeeder,Klodd Beastfeeder,A,OT-EHM,OT,Ogryn Tribes,E,Epic,H,HP,M,Magic,451,https://ayumilove.net/raid-shadow-legends-list-of-champions-by-ranking/,https://ayumilove.net/raid-shadow-legends-klodd-beastfeeder-skill-mastery-equip-guide/,https://ayumilove.net/files/games/raid_shadow_legends/champion/Klodd_Beastfeeder.jpg,data/raw/pages/raid_shadow_legends_klodd_beastfeeder_skill_mastery_equip_guide.html,data/raw/images/klodd_beastfeeder_ea183f99d8.jpg,data/processed/icons/klodd_beastfeeder.png,data/processed/debug/klodd_beastfeeder_crop_debug.jpg,"14,378,197,532",48,64
knave_of_hearts,Knave of Hearts,B,UH-LHF,UH,Undead Hordes,L,Legendary,H,HP,F,Force,344,https://ayumilove.net/raid-shadow-legends-list-of-champions-by-ranking/,https://ayumilove.net/raid-shadow-legends-knave-of-hearts-skill-mastery-equip-guide/,https://ayumilove.net/files/games/raid_shadow_legends/champion/Knave_of_Hearts.jpg,data/raw/pages/raid_shadow_legends_knave_of_hearts_skill_mastery_equip_guide.html,data/raw/images/knave_of_hearts_c5429f81eb.jpg,data/processed/icons/knave_of_hearts.png,data/processed/debug/knave_of_hearts_crop_debug.jpg,"14,378,197,532",48,64
knecht,Knecht,F,SO-CDS,SO,The Sacred Order,C,Common,D,Defense,S,Spirit,1013,https://ayumilove.net/raid-shadow-legends-list-of-champions-by-ranking/,https://ayumilove.net/raid-shadow-legends-knecht-skill-mastery-equip-guide/,https://ayumilove.net/files/games/raid_shadow_legends/champion/Knecht.jpg,data/raw/pages/raid_shadow_legends_knecht_skill_mastery_equip_guide.html,data/raw/images/knecht_4d21e28f1d.jpg,data/processed/icons/knecht.png,data/processed/debug/knecht_crop_debug.jpg,"14,378,197,532",48,64
knight_errant,Knight-Errant,C,BL-EAS,BL,Banner Lords,E,Epic,A,Attack,S,Spirit,666,https://ayumilove.net/raid-shadow-legends-list-of-champions-by-ranking/,https://ayumilove.net/raid-shadow-legends-knight-errant-skill-mastery-equip-guide/,https://ayumilove.net/files/games/raid_shadow_legends/champion/Knight_Errant.jpg,data/raw/pages/raid_shadow_legends_knight_errant_skill_mastery_equip_guide.html,data/raw/images/knight_errant_32a0bd68e6.jpg,data/processed/icons/knight_errant.png,data/processed/debug/knight_errant_crop_debug.jpg,"14,378,197,532",48,64
knosson_the_bronze_bull,Knosson the Bronze Bull,B,AR-LHF,AR,Argonites,L,Legendary,H,HP,F,Force,345,https://ayumilove.net/raid-shadow-legends-list-of-champions-by-ranking/,https://ayumilove.net/raid-shadow-legends-knosson-the-bronze-bull-skill-mastery-equip-guide/,https://ayumilove.net/files/games/raid_shadow_legends/champion/Knosson_the_Bronze_Bull.jpg,data/raw/pages/raid_shadow_legends_knosson_the_bronze_bull_skill_mastery_equip_guide.html,data/raw/images/knosson_the_bronze_bull_33fb3dce84.jpg,data/processed/icons/knosson_the_bronze_bull.png,data/processed/debug/knosson_the_bronze_bull_crop_debug.jpg,"14,378,197,532",48,64
komidus_darksmile,Komidus Darksmile,SS,DS-MSM,DS,Demonspawn,M,Mythical,S,Support,M,Magic,2,https://ayumilove.net/raid-shadow-legends-list-of-champions-by-ranking/,https://ayumilove.net/raid-shadow-legends-komidus-darksmile-skill-mastery-equip-guide/,https://ayumilove.net/files/games/raid_shadow_legends/champion/Komidus_Darksmile.jpg,data/raw/pages/raid_shadow_legends_komidus_darksmile_skill_mastery_equip_guide.html,data/raw/images/komidus_darksmile_d7f9e525b2.jpg,data/processed/icons/komidus_darksmile.png,data/processed/debug/komidus_darksmile_crop_debug.jpg,"14,378,197,532",48,64
konstantin_the_dayborn,Konstantin the Dayborn,B,SO-LAV,SO,The Sacred Order,L,Legendary,A,Attack,V,Void,346,https://ayumilove.net/raid-shadow-legends-list-of-champions-by-ranking/,https://ayumilove.net/raid-shadow-legends-konstantin-the-dayborn-skill-mastery-equip-guide/,https://ayumilove.net/files/games/raid_shadow_legends/champion/Konstantin_the_Dayborn.jpg,data/raw/pages/raid_shadow_legends_konstantin_the_dayborn_skill_mastery_equip_guide.html,data/raw/images/konstantin_the_dayborn_21d915b11f.jpg,data/processed/icons/konstantin_the_dayborn.png,data/processed/debug/konstantin_the_dayborn_crop_debug.jpg,"14,378,197,532",48,64
korugar_death_bell,Korugar Death-Bell,A,OT-LHF,OT,Ogryn Tribes,L,Legendary,H,HP,F,Force,202,https://ayumilove.net/raid-shadow-legends-list-of-champions-by-ranking/,https://ayumilove.net/raid-shadow-legends-korugar-death-bell-skill-mastery-equip-guide/,https://ayumilove.net/files/games/raid_shadow_legends/champion/Korugar_Death_Bell.jpg,data/raw/pages/raid_shadow_legends_korugar_death_bell_skill_mastery_equip_guide.html,data/raw/images/korugar_death_bell_b17cdec417.jpg,data/processed/icons/korugar_death_bell.png,data/processed/debug/korugar_death_bell_crop_debug.jpg,"14,378,197,532",48,64
kosk_of_two_skins,Kosk of Two Skins,A,LZ-LAF,LZ,Lizardmen,L,Legendary,A,Attack,F,Force,203,https://ayumilove.net/raid-shadow-legends-list-of-champions-by-ranking/,https://ayumilove.net/raid-shadow-legends-kosk-of-two-skins-skill-mastery-equip-guide/,https://ayumilove.net/files/games/raid_shadow_legends/champion/Kosk_of_Two_Skins.jpg,data/raw/pages/raid_shadow_legends_kosk_of_two_skins_skill_mastery_equip_guide.html,data/raw/images/kosk_of_two_skins_2fec7416e8.jpg,data/processed/icons/kosk_of_two_skins.png,data/processed/debug/kosk_of_two_skins_crop_debug.jpg,"14,378,197,532",48,64
krakarth,Krakarth,C,DE-EHF,DE,Dark Elves,E,Epic,H,HP,F,Force,667,https://ayumilove.net/raid-shadow-legends-list-of-champions-by-ranking/,https://ayumilove.net/raid-shadow-legends-krakarth-skill-mastery-equip-guide/,https://ayumilove.net/files/games/raid_shadow_legends/champion/Krakarth.jpg,data/raw/pages/raid_shadow_legends_krakarth_skill_mastery_equip_guide.html,data/raw/images/krakarth_3355a61134.jpg,data/processed/icons/krakarth.png,data/processed/debug/krakarth_crop_debug.jpg,"14,378,197,532",48,64
krisk_the_ageless,Krisk the Ageless,S,LZ-LDV,LZ,Lizardmen,L,Legendary,D,Defense,V,Void,66,https://ayumilove.net/raid-shadow-legends-list-of-champions-by-ranking/,https://ayumilove.net/raid-shadow-legends-krisk-the-ageless-skill-mastery-equip-guide/,https://ayumilove.net/files/games/raid_shadow_legends/champion/Krisk_the_Ageless.jpg,data/raw/pages/raid_shadow_legends_krisk_the_ageless_skill_mastery_equip_guide.html,data/raw/images/krisk_the_ageless_c9b90f6dbc.jpg,data/processed/icons/krisk_the_ageless.png,data/processed/debug/krisk_the_ageless_crop_debug.jpg,"14,378,197,532",48,64
krokhad_the_throatripper,Krokhad the Throatripper,A,OR-LAM,OR,Orcs,L,Legendary,A,Attack,M,Magic,206,https://ayumilove.net/raid-shadow-legends-list-of-champions-by-ranking/,https://ayumilove.net/raid-shadow-legends-krokhad-the-throatripper-skill-mastery-equip-guide/,https://ayumilove.net/files/games/raid_shadow_legends/champion/Krokhad_the_Throatripper.jpg,data/raw/pages/raid_shadow_legends_krokhad_the_throatripper_skill_mastery_equip_guide.html,data/raw/images/krokhad_the_throatripper_09fb887773.jpg,data/processed/icons/krokhad_the_throatripper.png,data/processed/debug/krokhad_the_throatripper_crop_debug.jpg,"14,378,197,532",48,64
krokmar_the_devourer,KrokMar the Devourer,A,LZ-LHS,LZ,Lizardmen,L,Legendary,H,HP,S,Spirit,205,https://ayumilove.net/raid-shadow-legends-list-of-champions-by-ranking/,https://ayumilove.net/raid-shadow-legends-krokmar-the-devourer-skill-mastery-equip-guide/,https://ayumilove.net/files/games/raid_shadow_legends/champion/KrokMar_the_Devourer.jpg,data/raw/pages/raid_shadow_legends_krokmar_the_devourer_skill_mastery_equip_guide.html,data/raw/images/krokmar_the_devourer_cacb429274.jpg,data/processed/icons/krokmar_the_devourer.png,data/processed/debug/krokmar_the_devourer_crop_debug.jpg,"14,378,197,532",48,64
kroz_wallbreaker,Kroz Wallbreaker,B,OT-LAS,OT,Ogryn Tribes,L,Legendary,A,Attack,S,Spirit,347,https://ayumilove.net/raid-shadow-legends-list-of-champions-by-ranking/,https://ayumilove.net/raid-shadow-legends-kroz-wallbreaker-skill-mastery-equip-guide/,https://ayumilove.net/files/games/raid_shadow_legends/champion/Kroz_Wallbreaker.jpg,data/raw/pages/raid_shadow_legends_kroz_wallbreaker_skill_mastery_equip_guide.html,data/raw/images/kroz_wallbreaker_f1a94afc7f.jpg,data/processed/icons/kroz_wallbreaker.png,data/processed/debug/kroz_wallbreaker_crop_debug.jpg,"14,378,197,532",48,64
kunoichi,Kunoichi,A,SK-EDF,SK,Shadowkin,E,Epic,D,Defense,F,Force,452,https://ayumilove.net/raid-shadow-legends-list-of-champions-by-ranking/,https://ayumilove.net/raid-shadow-legends-kunoichi-skill-mastery-equip-guide/,https://ayumilove.net/files/games/raid_shadow_legends/champion/Kunoichi.jpg,data/raw/pages/raid_shadow_legends_kunoichi_skill_mastery_equip_guide.html,data/raw/images/kunoichi_ad882bbee1.jpg,data/processed/icons/kunoichi.png,data/processed/debug/kunoichi_crop_debug.jpg,"14,378,197,532",48,64
kurosa_the_covetous,Kurosa the Covetous,A,DS-MSF,DS,Demonspawn,M,Mythical,S,Support,F,Force,24,https://ayumilove.net/raid-shadow-legends-list-of-champions-by-ranking/,https://ayumilove.net/raid-shadow-legends-kurosa-the-covetous-skill-mastery-equip-guide/,https://ayumilove.net/files/games/raid_shadow_legends/champion/Kurosa_the_Covetous.jpg,data/raw/pages/raid_shadow_legends_kurosa_the_covetous_skill_mastery_equip_guide.html,data/raw/images/kurosa_the_covetous_99fcc06067.jpg,data/processed/icons/kurosa_the_covetous.png,data/processed/debug/kurosa_the_covetous_crop_debug.jpg,"14,378,197,532",48,64
kurzad_deepheart,Kurzad Deepheart,A,DW-RAV,DW,Dwarves,R,Rare,A,Attack,V,Void,712,https://ayumilove.net/raid-shadow-legends-list-of-champions-by-ranking/,https://ayumilove.net/raid-shadow-legends-kurzad-deepheart-skill-mastery-equip-guide/,https://ayumilove.net/files/games/raid_shadow_legends/champion/Kurzad_Deepheart.jpg,data/raw/pages/raid_shadow_legends_kurzad_deepheart_skill_mastery_equip_guide.html,data/raw/images/kurzad_deepheart_ca4ca7bd37.jpg,data/processed/icons/kurzad_deepheart.png,data/processed/debug/kurzad_deepheart_crop_debug.jpg,"14,378,197,532",48,64
kyoku,Kyoku,S,SK-LDS,SK,Shadowkin,L,Legendary,D,Defense,S,Spirit,67,https://ayumilove.net/raid-shadow-legends-list-of-champions-by-ranking/,https://ayumilove.net/raid-shadow-legends-kyoku-skill-mastery-equip-guide/,https://ayumilove.net/files/games/raid_shadow_legends/champion/Kyoku.jpg,data/raw/pages/raid_shadow_legends_kyoku_skill_mastery_equip_guide.html,data/raw/images/kyoku_8f4ca172bd.jpg,data/processed/icons/kyoku.png,data/processed/debug/kyoku_crop_debug.jpg,"14,378,197,532",48,64
kytis,Kytis,C,KR-EAS,KR,Knights Revenant,E,Epic,A,Attack,S,Spirit,668,https://ayumilove.net/raid-shadow-legends-list-of-champions-by-ranking/,https://ayumilove.net/raid-shadow-legends-kytis-skill-mastery-equip-guide/,https://ayumilove.net/files/games/raid_shadow_legends/champion/Kytis.jpg,data/raw/pages/raid_shadow_legends_kytis_skill_mastery_equip_guide.html,data/raw/images/kytis_30ccb47b99.jpg,data/processed/icons/kytis.png,data/processed/debug/kytis_crop_debug.jpg,"14,378,197,532",48,64
lady_annabelle,Lady Annabelle,B,BL-ESS,BL,Banner Lords,E,Epic,S,Support,S,Spirit,568,https://ayumilove.net/raid-shadow-legends-list-of-champions-by-ranking/,https://ayumilove.net/raid-shadow-legends-lady-annabelle-skill-mastery-equip-guide/,https://ayumilove.net/files/games/raid_shadow_legends/champion/Lady_Annabelle.jpg,data/raw/pages/raid_shadow_legends_lady_annabelle_skill_mastery_equip_guide.html,data/raw/images/lady_annabelle_1f5beba44a.jpg,data/processed/icons/lady_annabelle.png,data/processed/debug/lady_annabelle_crop_debug.jpg,"14,378,197,532",48,64
lady_eresh,Lady Eresh,F,KR-EAF,KR,Knights Revenant,E,Epic,A,Attack,F,Force,697,https://ayumilove.net/raid-shadow-legends-list-of-champions-by-ranking/,https://ayumilove.net/raid-shadow-legends-lady-eresh-skill-mastery-equip-guide/,https://ayumilove.net/files/games/raid_shadow_legends/champion/Lady_Eresh.jpg,data/raw/pages/raid_shadow_legends_lady_eresh_skill_mastery_equip_guide.html,data/raw/images/lady_eresh_2d50d5f419.jpg,data/processed/icons/lady_eresh.png,data/processed/debug/lady_eresh_crop_debug.jpg,"14,378,197,532",48,64
lady_etessa,Lady Etessa,C,SO-EAF,SO,The Sacred Order,E,Epic,A,Attack,F,Force,669,https://ayumilove.net/raid-shadow-legends-list-of-champions-by-ranking/,https://ayumilove.net/raid-shadow-legends-lady-etessa-skill-mastery-equip-guide/,https://ayumilove.net/files/games/raid_shadow_legends/champion/Lady_Etessa.jpg,data/raw/pages/raid_shadow_legends_lady_etessa_skill_mastery_equip_guide.html,data/raw/images/lady_etessa_594662b841.jpg,data/processed/icons/lady_etessa.png,data/processed/debug/lady_etessa_crop_debug.jpg,"14,378,197,532",48,64
lady_kimi,Lady Kimi,A,SK-LSM,SK,Shadowkin,L,Legendary,S,Support,M,Magic,207,https://ayumilove.net/raid-shadow-legends-list-of-champions-by-ranking/,https://ayumilove.net/raid-shadow-legends-lady-kimi-skill-mastery-equip-guide/,https://ayumilove.net/files/games/raid_shadow_legends/champion/Lady_Kimi.jpg,data/raw/pages/raid_shadow_legends_lady_kimi_skill_mastery_equip_guide.html,data/raw/images/lady_kimi_6080859c91.jpg,data/processed/icons/lady_kimi.png,data/processed/debug/lady_kimi_crop_debug.jpg,"14,378,197,532",48,64
lady_mikage,Lady Mikage,A,SK-MSF,SK,Shadowkin,M,Mythical,S,Support,F,Force,25,https://ayumilove.net/raid-shadow-legends-list-of-champions-by-ranking/,https://ayumilove.net/raid-shadow-legends-lady-mikage-skill-mastery-equip-guide/,https://ayumilove.net/files/games/raid_shadow_legends/champion/Lady_Mikage.jpg,data/raw/pages/raid_shadow_legends_lady_mikage_skill_mastery_equip_guide.html,data/raw/images/lady_mikage_066870161c.jpg,data/processed/icons/lady_mikage.png,data/processed/debug/lady_mikage_crop_debug.jpg,"14,378,197,532",48,64
lady_noelle,Lady Noelle,S,SO-LSV,SO,The Sacred Order,L,Legendary,S,Support,V,Void,68,https://ayumilove.net/raid-shadow-legends-list-of-champions-by-ranking/,https://ayumilove.net/raid-shadow-legends-lady-noelle-skill-mastery-equip-guide/,https://ayumilove.net/files/games/raid_shadow_legends/champion/Lady_Noelle.jpg,data/raw/pages/raid_shadow_legends_lady_noelle_skill_mastery_equip_guide.html,data/raw/images/lady_noelle_47084ff85a.jpg,data/processed/icons/lady_noelle.png,data/processed/debug/lady_noelle_crop_debug.jpg,"14,378,197,532",48,64
lady_of_ireth,Lady of Ireth,B,SY-LSS,SY,Sylvan Watchers,L,Legendary,S,Support,S,Spirit,348,https://ayumilove.net/raid-shadow-legends-list-of-champions-by-ranking/,https://ayumilove.net/raid-shadow-legends-lady-of-ireth-skill-mastery-equip-guide/,https://ayumilove.net/files/games/raid_shadow_legends/champion/Lady_of_Ireth.jpg,data/raw/pages/raid_shadow_legends_lady_of_ireth_skill_mastery_equip_guide.html,data/raw/images/lady_of_ireth_6a9c7e24c7.jpg,data/processed/icons/lady_of_ireth.png,data/processed/debug/lady_of_ireth_crop_debug.jpg,"14,378,197,532",48,64
lady_quilen,Lady Quilen,B,BL-EAF,BL,Banner Lords,E,Epic,A,Attack,F,Force,569,https://ayumilove.net/raid-shadow-legends-list-of-champions-by-ranking/,https://ayumilove.net/raid-shadow-legends-lady-quilen-skill-mastery-equip-guide/,https://ayumilove.net/files/games/raid_shadow_legends/champion/Lady_Quilen.jpg,data/raw/pages/raid_shadow_legends_lady_quilen_skill_mastery_equip_guide.html,data/raw/images/lady_quilen_d00a0ed98a.jpg,data/processed/icons/lady_quilen.png,data/processed/debug/lady_quilen_crop_debug.jpg,"14,378,197,532",48,64
lamellar,Lamellar,C,SO-RHF,SO,The Sacred Order,R,Rare,H,HP,F,Force,829,https://ayumilove.net/raid-shadow-legends-list-of-champions-by-ranking/,https://ayumilove.net/raid-shadow-legends-lamellar-skill-mastery-equip-guide/,https://ayumilove.net/files/games/raid_shadow_legends/champion/Lamellar.jpg,data/raw/pages/raid_shadow_legends_lamellar_skill_mastery_equip_guide.html,data/raw/images/lamellar_125481776f.jpg,data/processed/icons/lamellar.png,data/processed/debug/lamellar_crop_debug.jpg,"14,378,197,532",48,64
lamibur,Lamibur,F,SW-RSS,SW,Skinwalkers,R,Rare,S,Support,S,Spirit,899,https://ayumilove.net/raid-shadow-legends-list-of-champions-by-ranking/,https://ayumilove.net/raid-shadow-legends-lamibur-skill-mastery-equip-guide/,https://ayumilove.net/files/games/raid_shadow_legends/champion/Lamibur.jpg,data/raw/pages/raid_shadow_legends_lamibur_skill_mastery_equip_guide.html,data/raw/images/lamibur_dac92cdc9b.jpg,data/processed/icons/lamibur.png,data/processed/debug/lamibur_crop_debug.jpg,"14,378,197,532",48,64
lanakis_the_chosen,Lanakis the Chosen,A,DE-LSM,DE,Dark Elves,L,Legendary,S,Support,M,Magic,208,https://ayumilove.net/raid-shadow-legends-list-of-champions-by-ranking/,https://ayumilove.net/raid-shadow-legends-lanakis-the-chosen-skill-mastery-equip-guide/,https://ayumilove.net/files/games/raid_shadow_legends/champion/Lanakis_the_Chosen.jpg,data/raw/pages/raid_shadow_legends_lanakis_the_chosen_skill_mastery_equip_guide.html,data/raw/images/lanakis_the_chosen_980ffde145.jpg,data/processed/icons/lanakis_the_chosen.png,data/processed/debug/lanakis_the_chosen_crop_debug.jpg,"14,378,197,532",48,64
legate_teox,Legate Teox,A,LZ-LAS,LZ,Lizardmen,L,Legendary,A,Attack,S,Spirit,209,https://ayumilove.net/raid-shadow-legends-list-of-champions-by-ranking/,https://ayumilove.net/raid-shadow-legends-legate-teox-skill-mastery-equip-guide/,https://ayumilove.net/files/games/raid_shadow_legends/champion/Legate_Teox.jpg,data/raw/pages/raid_shadow_legends_legate_teox_skill_mastery_equip_guide.html,data/raw/images/legate_teox_c89435132e.jpg,data/processed/icons/legate_teox.png,data/processed/debug/legate_teox_crop_debug.jpg,"14,378,197,532",48,64
leminisi_the_gold_wing,Leminisi the Gold Wing,A,SY-LAF,SY,Sylvan Watchers,L,Legendary,A,Attack,F,Force,210,https://ayumilove.net/raid-shadow-legends-list-of-champions-by-ranking/,https://ayumilove.net/raid-shadow-legends-leminisi-the-gold-wing-skill-mastery-equip-guide/,https://ayumilove.net/files/games/raid_shadow_legends/champion/Leminisi_the_Gold_Wing.jpg,data/raw/pages/raid_shadow_legends_leminisi_the_gold_wing_skill_mastery_equip_guide.html,data/raw/images/leminisi_the_gold_wing_ad77dd4f7b.jpg,data/processed/icons/leminisi_the_gold_wing.png,data/processed/debug/leminisi_the_gold_wing_crop_debug.jpg,"14,378,197,532",48,64
lemure,Lemure,F,DS-UHM,DS,Demonspawn,U,Uncommon,H,HP,M,Magic,992,https://ayumilove.net/raid-shadow-legends-list-of-champions-by-ranking/,https://ayumilove.net/raid-shadow-legends-lemure-skill-mastery-equip-guide/,https://ayumilove.net/files/games/raid_shadow_legends/champion/Lemure.jpg,data/raw/pages/raid_shadow_legends_lemure_skill_mastery_equip_guide.html,data/raw/images/lemure_5c0715d4d4.jpg,data/processed/icons/lemure.png,data/processed/debug/lemure_crop_debug.jpg,"14,378,197,532",48,64
leonardo,Leonardo,S,SK-LDV,SK,Shadowkin,L,Legendary,D,Defense,V,Void,69,https://ayumilove.net/raid-shadow-legends-list-of-champions-by-ranking/,https://ayumilove.net/raid-shadow-legends-leonardo-skill-mastery-equip-guide/,https://ayumilove.net/files/games/raid_shadow_legends/champion/Leonardo.jpg,data/raw/pages/raid_shadow_legends_leonardo_skill_mastery_equip_guide.html,data/raw/images/leonardo_d69eaefc51.jpg,data/processed/icons/leonardo.png,data/processed/debug/leonardo_crop_debug.jpg,"14,378,197,532",48,64
leorius_the_proud,Leorius the Proud,S,SW-LAV,SW,Skinwalkers,L,Legendary,A,Attack,V,Void,70,https://ayumilove.net/raid-shadow-legends-list-of-champions-by-ranking/,https://ayumilove.net/raid-shadow-legends-leorius-the-proud-skill-mastery-equip-guide/,https://ayumilove.net/files/games/raid_shadow_legends/champion/Leorius_the_Proud.jpg,data/raw/pages/raid_shadow_legends_leorius_the_proud_skill_mastery_equip_guide.html,data/raw/images/leorius_the_proud_cd82849027.jpg,data/processed/icons/leorius_the_proud.png,data/processed/debug/leorius_the_proud_crop_debug.jpg,"14,378,197,532",48,64
liburga,Liburga,C,OR-ESV,OR,Orcs,E,Epic,S,Support,V,Void,670,https://ayumilove.net/raid-shadow-legends-list-of-champions-by-ranking/,https://ayumilove.net/raid-shadow-legends-liburga-skill-mastery-equip-guide/,https://ayumilove.net/files/games/raid_shadow_legends/champion/Liburga.jpg,data/raw/pages/raid_shadow_legends_liburga_skill_mastery_equip_guide.html,data/raw/images/liburga_3d89f388ab.jpg,data/processed/icons/liburga.png,data/processed/debug/liburga_crop_debug.jpg,"14,378,197,532",48,64
lich,Lich,B,UH-EDF,UH,Undead Hordes,E,Epic,D,Defense,F,Force,570,https://ayumilove.net/raid-shadow-legends-list-of-champions-by-ranking/,https://ayumilove.net/raid-shadow-legends-lich-skill-mastery-equip-guide/,https://ayumilove.net/files/games/raid_shadow_legends/champion/Lich.jpg,data/raw/pages/raid_shadow_legends_lich_skill_mastery_equip_guide.html,data/raw/images/lich_6f88e8e3c7.jpg,data/processed/icons/lich.png,data/processed/debug/lich_crop_debug.jpg,"14,378,197,532",48,64
lifetaker,Lifetaker,C,SK-RAM,SK,Shadowkin,R,Rare,A,Attack,M,Magic,830,https://ayumilove.net/raid-shadow-legends-list-of-champions-by-ranking/,https://ayumilove.net/raid-shadow-legends-lifetaker-skill-mastery-equip-guide/,https://ayumilove.net/files/games/raid_shadow_legends/champion/Lifetaker.jpg,data/raw/pages/raid_shadow_legends_lifetaker_skill_mastery_equip_guide.html,data/raw/images/lifetaker_cbc9b89ee2.jpg,data/processed/icons/lifetaker.png,data/processed/debug/lifetaker_crop_debug.jpg,"14,378,197,532",48,64
lightsworn,Lightsworn,A,SO-EDV,SO,The Sacred Order,E,Epic,D,Defense,V,Void,453,https://ayumilove.net/raid-shadow-legends-list-of-champions-by-ranking/,https://ayumilove.net/raid-shadow-legends-lightsworn-skill-mastery-equip-guide/,https://ayumilove.net/files/games/raid_shadow_legends/champion/Lightsworn.jpg,data/raw/pages/raid_shadow_legends_lightsworn_skill_mastery_equip_guide.html,data/raw/images/lightsworn_5408e37ec2.jpg,data/processed/icons/lightsworn.png,data/processed/debug/lightsworn_crop_debug.jpg,"14,378,197,532",48,64
lightward_siendra,Lightward Siendra,B,HE-EAV,HE,High Elves,E,Epic,A,Attack,V,Void,571,https://ayumilove.net/raid-shadow-legends-list-of-champions-by-ranking/,https://ayumilove.net/raid-shadow-legends-lightward-siendra-skill-mastery-equip-guide/,https://ayumilove.net/files/games/raid_shadow_legends/champion/Lightward_Siendra.jpg,data/raw/pages/raid_shadow_legends_lightward_siendra_skill_mastery_equip_guide.html,data/raw/images/lightward_siendra_23e0cc51ee.jpg,data/processed/icons/lightward_siendra.png,data/processed/debug/lightward_siendra_crop_debug.jpg,"14,378,197,532",48,64
line_infantry,Line Infantry,C,DW-UDF,DW,Dwarves,U,Uncommon,D,Defense,F,Force,975,https://ayumilove.net/raid-shadow-legends-list-of-champions-by-ranking/,https://ayumilove.net/raid-shadow-legends-line-infantry-skill-mastery-equip-guide/,https://ayumilove.net/files/games/raid_shadow_legends/champion/Line_Infantry.jpg,data/raw/pages/raid_shadow_legends_line_infantry_skill_mastery_equip_guide.html,data/raw/images/line_infantry_5946368cd1.jpg,data/processed/icons/line_infantry.png,data/processed/debug/line_infantry_crop_debug.jpg,"14,378,197,532",48,64
lionsguard_galatea,Lionsguard Galatea,B,AR-EAS,AR,Argonites,E,Epic,A,Attack,S,Spirit,572,https://ayumilove.net/raid-shadow-legends-list-of-champions-by-ranking/,https://ayumilove.net/raid-shadow-legends-lionsguard-galatea-skill-mastery-equip-guide/,https://ayumilove.net/files/games/raid_shadow_legends/champion/Lionsguard_Galatea.jpg,data/raw/pages/raid_shadow_legends_lionsguard_galatea_skill_mastery_equip_guide.html,data/raw/images/lionsguard_galatea_fd2e010bb1.jpg,data/processed/icons/lionsguard_galatea.png,data/processed/debug/lionsguard_galatea_crop_debug.jpg,"14,378,197,532",48,64
little_miss_annie,Little Miss Annie,A,UH-LAV,UH,Undead Hordes,L,Legendary,A,Attack,V,Void,211,https://ayumilove.net/raid-shadow-legends-list-of-champions-by-ranking/,https://ayumilove.net/raid-shadow-legends-little-miss-annie-skill-mastery-equip-guide/,https://ayumilove.net/files/games/raid_shadow_legends/champion/Little_Miss_Annie.jpg,data/raw/pages/raid_shadow_legends_little_miss_annie_skill_mastery_equip_guide.html,data/raw/images/little_miss_annie_65ff0bc4d5.jpg,data/processed/icons/little_miss_annie.png,data/processed/debug/little_miss_annie_crop_debug.jpg,"14,378,197,532",48,64
locwain,Locwain,C,SY-EAM,SY,Sylvan Watchers,E,Epic,A,Attack,M,Magic,671,https://ayumilove.net/raid-shadow-legends-list-of-champions-by-ranking/,https://ayumilove.net/raid-shadow-legends-locwain-skill-mastery-equip-guide/,https://ayumilove.net/files/games/raid_shadow_legends/champion/Locwain.jpg,data/raw/pages/raid_shadow_legends_locwain_skill_mastery_equip_guide.html,data/raw/images/locwain_e5b3d82fa0.jpg,data/processed/icons/locwain.png,data/processed/debug/locwain_crop_debug.jpg,"14,378,197,532",48,64
lodric_falconheart,Lodric Falconheart,B,SO-EHS,SO,The Sacred Order,E,Epic,H,HP,S,Spirit,573,https://ayumilove.net/raid-shadow-legends-list-of-champions-by-ranking/,https://ayumilove.net/raid-shadow-legends-lodric-falconheart-skill-mastery-equip-guide/,https://ayumilove.net/files/games/raid_shadow_legends/champion/Lodric_Falconheart.jpg,data/raw/pages/raid_shadow_legends_lodric_falconheart_skill_mastery_equip_guide.html,data/raw/images/lodric_falconheart_478ed1a5d0.jpg,data/processed/icons/lodric_falconheart.png,data/processed/debug/lodric_falconheart_crop_debug.jpg,"14,378,197,532",48,64
loki_the_deceiver,Loki the Deceiver,A,BA-LSS,BA,Barbarians,L,Legendary,S,Support,S,Spirit,212,https://ayumilove.net/raid-shadow-legends-list-of-champions-by-ranking/,https://ayumilove.net/raid-shadow-legends-loki-the-deceiver-skill-mastery-equip-guide/,https://ayumilove.net/files/games/raid_shadow_legends/champion/Loki_the_Deceiver.jpg,data/raw/pages/raid_shadow_legends_loki_the_deceiver_skill_mastery_equip_guide.html,data/raw/images/loki_the_deceiver_b9bebb8bcd.jpg,data/processed/icons/loki_the_deceiver.png,data/processed/debug/loki_the_deceiver_crop_debug.jpg,"14,378,197,532",48,64
lonatharil,Lonatharil,B,HE-LHF,HE,High Elves,L,Legendary,H,HP,F,Force,349,https://ayumilove.net/raid-shadow-legends-list-of-champions-by-ranking/,https://ayumilove.net/raid-shadow-legends-lonatharil-skill-mastery-equip-guide/,https://ayumilove.net/files/games/raid_shadow_legends/champion/Lonatharil.jpg,data/raw/pages/raid_shadow_legends_lonatharil_skill_mastery_equip_guide.html,data/raw/images/lonatharil_6dccca2657.jpg,data/processed/icons/lonatharil.png,data/processed/debug/lonatharil_crop_debug.jpg,"14,378,197,532",48,64
loneblade_riab,Loneblade Riab,C,SY-RAF,SY,Sylvan Watchers,R,Rare,A,Attack,F,Force,831,https://ayumilove.net/raid-shadow-legends-list-of-champions-by-ranking/,https://ayumilove.net/raid-shadow-legends-loneblade-riab-skill-mastery-equip-guide/,https://ayumilove.net/files/games/raid_shadow_legends/champion/Loneblade_Riab.jpg,data/raw/pages/raid_shadow_legends_loneblade_riab_skill_mastery_equip_guide.html,data/raw/images/loneblade_riab_32b47cb48e.jpg,data/processed/icons/loneblade_riab.png,data/processed/debug/loneblade_riab_crop_debug.jpg,"14,378,197,532",48,64
longbeard,Longbeard,A,SW-LAM,SW,Skinwalkers,L,Legendary,A,Attack,M,Magic,213,https://ayumilove.net/raid-shadow-legends-list-of-champions-by-ranking/,https://ayumilove.net/raid-shadow-legends-longbeard-skill-mastery-equip-guide/,https://ayumilove.net/files/games/raid_shadow_legends/champion/Longbeard.jpg,data/raw/pages/raid_shadow_legends_longbeard_skill_mastery_equip_guide.html,data/raw/images/longbeard_03953a1231.jpg,data/processed/icons/longbeard.png,data/processed/debug/longbeard_crop_debug.jpg,"14,378,197,532",48,64
longsword_torrux,Longsword Torrux,C,KR-RDS,KR,Knights Revenant,R,Rare,D,Defense,S,Spirit,832,https://ayumilove.net/raid-shadow-legends-list-of-champions-by-ranking/,https://ayumilove.net/raid-shadow-legends-longsword-torrux-skill-mastery-equip-guide/,https://ayumilove.net/files/games/raid_shadow_legends/champion/Longsword_Torrux.jpg,data/raw/pages/raid_shadow_legends_longsword_torrux_skill_mastery_equip_guide.html,data/raw/images/longsword_torrux_1877bd64d8.jpg,data/processed/icons/longsword_torrux.png,data/processed/debug/longsword_torrux_crop_debug.jpg,"14,378,197,532",48,64
lord_champfort,Lord Champfort,B,BL-LHM,BL,Banner Lords,L,Legendary,H,HP,M,Magic,350,https://ayumilove.net/raid-shadow-legends-list-of-champions-by-ranking/,https://ayumilove.net/raid-shadow-legends-lord-champfort-skill-mastery-equip-guide/,https://ayumilove.net/files/games/raid_shadow_legends/champion/Lord_Champfort.jpg,data/raw/pages/raid_shadow_legends_lord_champfort_skill_mastery_equip_guide.html,data/raw/images/lord_champfort_93387d2331.jpg,data/processed/icons/lord_champfort.png,data/processed/debug/lord_champfort_crop_debug.jpg,"14,378,197,532",48,64
lord_entertainer_fabian,Lord Entertainer Fabian,SS,UH-LSS,UH,Undead Hordes,L,Legendary,S,Support,S,Spirit,35,https://ayumilove.net/raid-shadow-legends-list-of-champions-by-ranking/,https://ayumilove.net/raid-shadow-legends-lord-entertainer-fabian-skill-mastery-equip-guide/,https://ayumilove.net/files/games/raid_shadow_legends/champion/Lord_Entertainer_Fabian.jpg,data/raw/pages/raid_shadow_legends_lord_entertainer_fabian_skill_mastery_equip_guide.html,data/raw/images/lord_entertainer_fabian_6bedab6b0a.jpg,data/processed/icons/lord_entertainer_fabian.png,data/processed/debug/lord_entertainer_fabian_crop_debug.jpg,"14,378,197,532",48,64
lord_shazar,Lord Shazar,B,DS-LAS,DS,Demonspawn,L,Legendary,A,Attack,S,Spirit,351,https://ayumilove.net/raid-shadow-legends-list-of-champions-by-ranking/,https://ayumilove.net/raid-shadow-legends-lord-shazar-skill-mastery-equip-guide/,https://ayumilove.net/files/games/raid_shadow_legends/champion/Lord_Shazar.jpg,data/raw/pages/raid_shadow_legends_lord_shazar_skill_mastery_equip_guide.html,data/raw/images/lord_shazar_c9d2739b62.jpg,data/processed/icons/lord_shazar.png,data/processed/debug/lord_shazar_crop_debug.jpg,"14,378,197,532",48,64
lordly_legionary,Lordly Legionary,B,BL-EAM,BL,Banner Lords,E,Epic,A,Attack,M,Magic,574,https://ayumilove.net/raid-shadow-legends-list-of-champions-by-ranking/,https://ayumilove.net/raid-shadow-legends-lordly-legionary-skill-mastery-equip-guide/,https://ayumilove.net/files/games/raid_shadow_legends/champion/Lordly_Legionary.jpg,data/raw/pages/raid_shadow_legends_lordly_legionary_skill_mastery_equip_guide.html,data/raw/images/lordly_legionary_0a1b43e2f0.jpg,data/processed/icons/lordly_legionary.png,data/processed/debug/lordly_legionary_crop_debug.jpg,"14,378,197,532",48,64
lorn_the_cutter,Lorn the Cutter,C,OT-EAM,OT,Ogryn Tribes,E,Epic,A,Attack,M,Magic,672,https://ayumilove.net/raid-shadow-legends-list-of-champions-by-ranking/,https://ayumilove.net/raid-shadow-legends-lorn-the-cutter-skill-mastery-equip-guide/,https://ayumilove.net/files/games/raid_shadow_legends/champion/Lorn_the_Cutter.jpg,data/raw/pages/raid_shadow_legends_lorn_the_cutter_skill_mastery_equip_guide.html,data/raw/images/lorn_the_cutter_143c979883.jpg,data/processed/icons/lorn_the_cutter.png,data/processed/debug/lorn_the_cutter_crop_debug.jpg,"14,378,197,532",48,64
losan_kleth,Losan KLeth,A,KR-LDF,KR,Knights Revenant,L,Legendary,D,Defense,F,Force,214,https://ayumilove.net/raid-shadow-legends-list-of-champions-by-ranking/,https://ayumilove.net/raid-shadow-legends-losan-kleth-skill-mastery-equip-guide/,https://ayumilove.net/files/games/raid_shadow_legends/champion/Losan_KLeth.jpg,data/raw/pages/raid_shadow_legends_losan_kleth_skill_mastery_equip_guide.html,data/raw/images/losan_kleth_a313a91569.jpg,data/processed/icons/losan_kleth.png,data/processed/debug/losan_kleth_crop_debug.jpg,"14,378,197,532",48,64
lua,Lua,B,DE-EAV,DE,Dark Elves,E,Epic,A,Attack,V,Void,575,https://ayumilove.net/raid-shadow-legends-list-of-champions-by-ranking/,https://ayumilove.net/raid-shadow-legends-lua-skill-mastery-equip-guide/,https://ayumilove.net/files/games/raid_shadow_legends/champion/Lua.jpg,data/raw/pages/raid_shadow_legends_lua_skill_mastery_equip_guide.html,data/raw/images/lua_0225fd0230.jpg,data/processed/icons/lua.png,data/processed/debug/lua_crop_debug.jpg,"14,378,197,532",48,64
lugan_the_steadfast,Lugan the Steadfast,A,BL-LHS,BL,Banner Lords,L,Legendary,H,HP,S,Spirit,215,https://ayumilove.net/raid-shadow-legends-list-of-champions-by-ranking/,https://ayumilove.net/raid-shadow-legends-lugan-the-steadfast-skill-mastery-equip-guide/,https://ayumilove.net/files/games/raid_shadow_legends/champion/Lugan_the_Steadfast.jpg,data/raw/pages/raid_shadow_legends_lugan_the_steadfast_skill_mastery_equip_guide.html,data/raw/images/lugan_the_steadfast_2377de959d.jpg,data/processed/icons/lugan_the_steadfast.png,data/processed/debug/lugan_the_steadfast_crop_debug.jpg,"14,378,197,532",48,64
lumberer,Lumberer,F,OT-RAF,OT,Ogryn Tribes,R,Rare,A,Attack,F,Force,900,https://ayumilove.net/raid-shadow-legends-list-of-champions-by-ranking/,https://ayumilove.net/raid-shadow-legends-lumberer-skill-mastery-equip-guide/,https://ayumilove.net/files/games/raid_shadow_legends/champion/Lumberer.jpg,data/raw/pages/raid_shadow_legends_lumberer_skill_mastery_equip_guide.html,data/raw/images/lumberer_4b3f478b9a.jpg,data/processed/icons/lumberer.png,data/processed/debug/lumberer_crop_debug.jpg,"14,378,197,532",48,64
luria,Luria,A,DE-EAS,DE,Dark Elves,E,Epic,A,Attack,S,Spirit,454,https://ayumilove.net/raid-shadow-legends-list-of-champions-by-ranking/,https://ayumilove.net/raid-shadow-legends-luria-skill-mastery-equip-guide/,https://ayumilove.net/files/games/raid_shadow_legends/champion/Luria.jpg,data/raw/pages/raid_shadow_legends_luria_skill_mastery_equip_guide.html,data/raw/images/luria_ff1e5f3dbd.jpg,data/processed/icons/luria.png,data/processed/debug/luria_crop_debug.jpg,"14,378,197,532",48,64
lurker,Lurker,C,DE-CAM,DE,Dark Elves,C,Common,A,Attack,M,Magic,1010,https://ayumilove.net/raid-shadow-legends-list-of-champions-by-ranking/,https://ayumilove.net/raid-shadow-legends-lurker-skill-mastery-equip-guide/,https://ayumilove.net/files/games/raid_shadow_legends/champion/Lurker.jpg,data/raw/pages/raid_shadow_legends_lurker_skill_mastery_equip_guide.html,data/raw/images/lurker_9aafd63baf.jpg,data/processed/icons/lurker.png,data/processed/debug/lurker_crop_debug.jpg,"14,378,197,532",48,64
luthiea,Luthiea,B,HE-EAF,HE,High Elves,E,Epic,A,Attack,F,Force,576,https://ayumilove.net/raid-shadow-legends-list-of-champions-by-ranking/,https://ayumilove.net/raid-shadow-legends-luthiea-skill-mastery-equip-guide/,https://ayumilove.net/files/games/raid_shadow_legends/champion/Luthiea.jpg,data/raw/pages/raid_shadow_legends_luthiea_skill_mastery_equip_guide.html,data/raw/images/luthiea_45a0eef841.jpg,data/processed/icons/luthiea.png,data/processed/debug/luthiea_crop_debug.jpg,"14,378,197,532",48,64
lydia_the_deathsiren,Lydia the Deathsiren,S,DE-LSV,DE,Dark Elves,L,Legendary,S,Support,V,Void,71,https://ayumilove.net/raid-shadow-legends-list-of-champions-by-ranking/,https://ayumilove.net/raid-shadow-legends-lydia-the-deathsiren-skill-mastery-equip-guide/,https://ayumilove.net/files/games/raid_shadow_legends/champion/Lydia_the_Deathsiren.jpg,data/raw/pages/raid_shadow_legends_lydia_the_deathsiren_skill_mastery_equip_guide.html,data/raw/images/lydia_the_deathsiren_8a5707e5bd.jpg,data/processed/icons/lydia_the_deathsiren.png,data/processed/debug/lydia_the_deathsiren_crop_debug.jpg,"14,378,197,532",48,64
lysanthir_beastbane,Lysanthir Beastbane,B,HE-LDS,HE,High Elves,L,Legendary,D,Defense,S,Spirit,352,https://ayumilove.net/raid-shadow-legends-list-of-champions-by-ranking/,https://ayumilove.net/raid-shadow-legends-lysanthir-beastbane-skill-mastery-equip-guide/,https://ayumilove.net/files/games/raid_shadow_legends/champion/Lysanthir_Beastbane.jpg,data/raw/pages/raid_shadow_legends_lysanthir_beastbane_skill_mastery_equip_guide.html,data/raw/images/lysanthir_beastbane_5863cb8082.jpg,data/processed/icons/lysanthir_beastbane.png,data/processed/debug/lysanthir_beastbane_crop_debug.jpg,"14,378,197,532",48,64
lyssandra,Lyssandra,S,HE-LSS,HE,High Elves,L,Legendary,S,Support,S,Spirit,72,https://ayumilove.net/raid-shadow-legends-list-of-champions-by-ranking/,https://ayumilove.net/raid-shadow-legends-lyssandra-skill-mastery-equip-guide/,https://ayumilove.net/files/games/raid_shadow_legends/champion/Lyssandra.jpg,data/raw/pages/raid_shadow_legends_lyssandra_skill_mastery_equip_guide.html,data/raw/images/lyssandra_e326851fe9.jpg,data/processed/icons/lyssandra.png,data/processed/debug/lyssandra_crop_debug.jpg,"14,378,197,532",48,64
mad_hatter,Mad Hatter,S,KR-LSF,KR,Knights Revenant,L,Legendary,S,Support,F,Force,74,https://ayumilove.net/raid-shadow-legends-list-of-champions-by-ranking/,https://ayumilove.net/raid-shadow-legends-mad-hatter-skill-mastery-equip-guide/,https://ayumilove.net/files/games/raid_shadow_legends/champion/Mad_Hatter.jpg,data/raw/pages/raid_shadow_legends_mad_hatter_skill_mastery_equip_guide.html,data/raw/images/mad_hatter_388331f118.jpg,data/processed/icons/mad_hatter.png,data/processed/debug/mad_hatter_crop_debug.jpg,"14,378,197,532",48,64
madame_serris,Madame Serris,S,DE-ESV,DE,Dark Elves,E,Epic,S,Support,V,Void,419,https://ayumilove.net/raid-shadow-legends-list-of-champions-by-ranking/,https://ayumilove.net/raid-shadow-legends-madame-serris-skill-mastery-equip-guide/,https://ayumilove.net/files/games/raid_shadow_legends/champion/Madame_Serris.jpg,data/raw/pages/raid_shadow_legends_madame_serris_skill_mastery_equip_guide.html,data/raw/images/madame_serris_1eed8af8d8.jpg,data/processed/icons/madame_serris.png,data/processed/debug/madame_serris_crop_debug.jpg,"14,378,197,532",48,64
maddak_eyes_of_skyiron,Maddak Eyes of Skyiron,B,DW-EAM,DW,Dwarves,E,Epic,A,Attack,M,Magic,577,https://ayumilove.net/raid-shadow-legends-list-of-champions-by-ranking/,https://ayumilove.net/raid-shadow-legends-maddak-eyes-of-skyiron-skill-mastery-equip-guide/,https://ayumilove.net/files/games/raid_shadow_legends/champion/Maddak_Eyes_of_Skyiron.jpg,data/raw/pages/raid_shadow_legends_maddak_eyes_of_skyiron_skill_mastery_equip_guide.html,data/raw/images/maddak_eyes_of_skyiron_222b1a2f47.jpg,data/processed/icons/maddak_eyes_of_skyiron.png,data/processed/debug/maddak_eyes_of_skyiron_crop_debug.jpg,"14,378,197,532",48,64
madman,Madman,F,DW-RAS,DW,Dwarves,R,Rare,A,Attack,S,Spirit,901,https://ayumilove.net/raid-shadow-legends-list-of-champions-by-ranking/,https://ayumilove.net/raid-shadow-legends-madman-skill-mastery-equip-guide/,https://ayumilove.net/files/games/raid_shadow_legends/champion/Madman.jpg,data/raw/pages/raid_shadow_legends_madman_skill_mastery_equip_guide.html,data/raw/images/madman_5b87570290.jpg,data/processed/icons/madman.png,data/processed/debug/madman_crop_debug.jpg,"14,378,197,532",48,64
maeve,Maeve,F,BA-EAF,BA,Barbarians,E,Epic,A,Attack,F,Force,698,https://ayumilove.net/raid-shadow-legends-list-of-champions-by-ranking/,https://ayumilove.net/raid-shadow-legends-maeve-skill-mastery-equip-guide/,https://ayumilove.net/files/games/raid_shadow_legends/champion/Maeve.jpg,data/raw/pages/raid_shadow_legends_maeve_skill_mastery_equip_guide.html,data/raw/images/maeve_5ba5212d1f.jpg,data/processed/icons/maeve.png,data/processed/debug/maeve_crop_debug.jpg,"14,378,197,532",48,64
magekiller,Magekiller,F,DE-CAS,DE,Dark Elves,C,Common,A,Attack,S,Spirit,1014,https://ayumilove.net/raid-shadow-legends-list-of-champions-by-ranking/,https://ayumilove.net/raid-shadow-legends-magekiller-skill-mastery-equip-guide/,https://ayumilove.net/files/games/raid_shadow_legends/champion/Magekiller.jpg,data/raw/pages/raid_shadow_legends_magekiller_skill_mastery_equip_guide.html,data/raw/images/magekiller_68555f833a.jpg,data/processed/icons/magekiller.png,data/processed/debug/magekiller_crop_debug.jpg,"14,378,197,532",48,64
magister,Magister,F,HE-RSF,HE,High Elves,R,Rare,S,Support,F,Force,902,https://ayumilove.net/raid-shadow-legends-list-of-champions-by-ranking/,https://ayumilove.net/raid-shadow-legends-magister-skill-mastery-equip-guide/,https://ayumilove.net/files/games/raid_shadow_legends/champion/Magister.jpg,data/raw/pages/raid_shadow_legends_magister_skill_mastery_equip_guide.html,data/raw/images/magister_64489041aa.jpg,data/processed/icons/magister.png,data/processed/debug/magister_crop_debug.jpg,"14,378,197,532",48,64
magmablood,Magmablood,F,OT-RAF,OT,Ogryn Tribes,R,Rare,A,Attack,F,Force,903,https://ayumilove.net/raid-shadow-legends-list-of-champions-by-ranking/,https://ayumilove.net/raid-shadow-legends-magmablood-skill-mastery-equip-guide/,https://ayumilove.net/files/games/raid_shadow_legends/champion/Magmablood.jpg,data/raw/pages/raid_shadow_legends_magmablood_skill_mastery_equip_guide.html,data/raw/images/magmablood_98b442615e.jpg,data/processed/icons/magmablood.png,data/processed/debug/magmablood_crop_debug.jpg,"14,378,197,532",48,64
magnarr,Magnarr,A,DS-EHS,DS,Demonspawn,E,Epic,H,HP,S,Spirit,455,https://ayumilove.net/raid-shadow-legends-list-of-champions-by-ranking/,https://ayumilove.net/raid-shadow-legends-magnarr-skill-mastery-equip-guide/,https://ayumilove.net/files/games/raid_shadow_legends/champion/Magnarr.jpg,data/raw/pages/raid_shadow_legends_magnarr_skill_mastery_equip_guide.html,data/raw/images/magnarr_e75a3f09de.jpg,data/processed/icons/magnarr.png,data/processed/debug/magnarr_crop_debug.jpg,"14,378,197,532",48,64
magus,Magus,B,KR-RAM,KR,Knights Revenant,R,Rare,A,Attack,M,Magic,751,https://ayumilove.net/raid-shadow-legends-list-of-champions-by-ranking/,https://ayumilove.net/raid-shadow-legends-magus-skill-mastery-equip-guide/,https://ayumilove.net/files/games/raid_shadow_legends/champion/Magus.jpg,data/raw/pages/raid_shadow_legends_magus_skill_mastery_equip_guide.html,data/raw/images/magus_85f15a8103.jpg,data/processed/icons/magus.png,data/processed/debug/magus_crop_debug.jpg,"14,378,197,532",48,64
maiden,Maiden,F,SO-RAS,SO,The Sacred Order,R,Rare,A,Attack,S,Spirit,904,https://ayumilove.net/raid-shadow-legends-list-of-champions-by-ranking/,https://ayumilove.net/raid-shadow-legends-maiden-skill-mastery-equip-guide/,https://ayumilove.net/files/games/raid_shadow_legends/champion/Maiden.jpg,data/raw/pages/raid_shadow_legends_maiden_skill_mastery_equip_guide.html,data/raw/images/maiden_dc33cfae6a.jpg,data/processed/icons/maiden.png,data/processed/debug/maiden_crop_debug.jpg,"14,378,197,532",48,64
malbranche,Malbranche,F,DS-RAV,DS,Demonspawn,R,Rare,A,Attack,V,Void,905,https://ayumilove.net/raid-shadow-legends-list-of-champions-by-ranking/,https://ayumilove.net/raid-shadow-legends-malbranche-skill-mastery-equip-guide/,https://ayumilove.net/files/games/raid_shadow_legends/champion/Malbranche.jpg,data/raw/pages/raid_shadow_legends_malbranche_skill_mastery_equip_guide.html,data/raw/images/malbranche_251eb444b0.jpg,data/processed/icons/malbranche.png,data/processed/debug/malbranche_crop_debug.jpg,"14,378,197,532",48,64
malkith_bloodflock,Malkith Bloodflock,B,KR-ESS,KR,Knights Revenant,E,Epic,S,Support,S,Spirit,578,https://ayumilove.net/raid-shadow-legends-list-of-champions-by-ranking/,https://ayumilove.net/raid-shadow-legends-malkith-bloodflock-skill-mastery-equip-guide/,https://ayumilove.net/files/games/raid_shadow_legends/champion/Malkith_Bloodflock.jpg,data/raw/pages/raid_shadow_legends_malkith_bloodflock_skill_mastery_equip_guide.html,data/raw/images/malkith_bloodflock_4766510bbd.jpg,data/processed/icons/malkith_bloodflock.png,data/processed/debug/malkith_bloodflock_crop_debug.jpg,"14,378,197,532",48,64
maneater,Maneater,S,OT-EHV,OT,Ogryn Tribes,E,Epic,H,HP,V,Void,420,https://ayumilove.net/raid-shadow-legends-list-of-champions-by-ranking/,https://ayumilove.net/raid-shadow-legends-maneater-skill-mastery-equip-guide/,https://ayumilove.net/files/games/raid_shadow_legends/champion/Maneater.jpg,data/raw/pages/raid_shadow_legends_maneater_skill_mastery_equip_guide.html,data/raw/images/maneater_b724c6f08d.jpg,data/processed/icons/maneater.png,data/processed/debug/maneater_crop_debug.jpg,"14,378,197,532",48,64
maranix,Maranix,B,DE-LAF,DE,Dark Elves,L,Legendary,A,Attack,F,Force,353,https://ayumilove.net/raid-shadow-legends-list-of-champions-by-ranking/,https://ayumilove.net/raid-shadow-legends-maranix-skill-mastery-equip-guide/,https://ayumilove.net/files/games/raid_shadow_legends/champion/Maranix.jpg,data/raw/pages/raid_shadow_legends_maranix_skill_mastery_equip_guide.html,data/raw/images/maranix_16bd9b9b91.jpg,data/processed/icons/maranix.png,data/processed/debug/maranix_crop_debug.jpg,"14,378,197,532",48,64
marauder,Marauder,F,SK-RHS,SK,Shadowkin,R,Rare,H,HP,S,Spirit,906,https://ayumilove.net/raid-shadow-legends-list-of-champions-by-ranking/,https://ayumilove.net/raid-shadow-legends-marauder-skill-mastery-equip-guide/,https://ayumilove.net/files/games/raid_shadow_legends/champion/Marauder.jpg,data/raw/pages/raid_shadow_legends_marauder_skill_mastery_equip_guide.html,data/raw/images/marauder_4eadeed428.jpg,data/processed/icons/marauder.png,data/processed/debug/marauder_crop_debug.jpg,"14,378,197,532",48,64
margrave_greenhawk,Margrave Greenhawk,C,SY-RHF,SY,Sylvan Watchers,R,Rare,H,HP,F,Force,833,https://ayumilove.net/raid-shadow-legends-list-of-champions-by-ranking/,https://ayumilove.net/raid-shadow-legends-margrave-greenhawk-skill-mastery-equip-guide/,https://ayumilove.net/files/games/raid_shadow_legends/champion/Margrave_Greenhawk.jpg,data/raw/pages/raid_shadow_legends_margrave_greenhawk_skill_mastery_equip_guide.html,data/raw/images/margrave_greenhawk_8e6e9ae76f.jpg,data/processed/icons/margrave_greenhawk.png,data/processed/debug/margrave_greenhawk_crop_debug.jpg,"14,378,197,532",48,64
marichka_the_unbreakable,Marichka the Unbreakable,S,BL-LSV,BL,Banner Lords,L,Legendary,S,Support,V,Void,75,https://ayumilove.net/raid-shadow-legends-list-of-champions-by-ranking/,https://ayumilove.net/raid-shadow-legends-marichka-the-unbreakable-skill-mastery-equip-guide/,https://ayumilove.net/files/games/raid_shadow_legends/champion/Marichka_the_Unbreakable.jpg,data/raw/pages/raid_shadow_legends_marichka_the_unbreakable_skill_mastery_equip_guide.html,data/raw/images/marichka_the_unbreakable_1c0bd298f9.jpg,data/processed/icons/marichka_the_unbreakable.png,data/processed/debug/marichka_the_unbreakable_crop_debug.jpg,"14,378,197,532",48,64
marius_the_gallant,Marius the Gallant,SS,SW-LDV,SW,Skinwalkers,L,Legendary,D,Defense,V,Void,36,https://ayumilove.net/raid-shadow-legends-list-of-champions-by-ranking/,https://ayumilove.net/raid-shadow-legends-marius-the-gallant-skill-mastery-equip-guide/,https://ayumilove.net/files/games/raid_shadow_legends/champion/Marius_the_Gallant.jpg,data/raw/pages/raid_shadow_legends_marius_the_gallant_skill_mastery_equip_guide.html,data/raw/images/marius_the_gallant_26acc594e4.jpg,data/processed/icons/marius_the_gallant.png,data/processed/debug/marius_the_gallant_crop_debug.jpg,"14,378,197,532",48,64
marked,Marked,B,BA-RSM,BA,Barbarians,R,Rare,S,Support,M,Magic,752,https://ayumilove.net/raid-shadow-legends-list-of-champions-by-ranking/,https://ayumilove.net/raid-shadow-legends-marked-skill-mastery-equip-guide/,https://ayumilove.net/files/games/raid_shadow_legends/champion/Marked.jpg,data/raw/pages/raid_shadow_legends_marked_skill_mastery_equip_guide.html,data/raw/images/marked_3ac2a8fde6.jpg,data/processed/icons/marked.png,data/processed/debug/marked_crop_debug.jpg,"14,378,197,532",48,64
marksman,Marksman,B,HE-EAS,HE,High Elves,E,Epic,A,Attack,S,Spirit,579,https://ayumilove.net/raid-shadow-legends-list-of-champions-by-ranking/,https://ayumilove.net/raid-shadow-legends-marksman-skill-mastery-equip-guide/,https://ayumilove.net/files/games/raid_shadow_legends/champion/Marksman.jpg,data/raw/pages/raid_shadow_legends_marksman_skill_mastery_equip_guide.html,data/raw/images/marksman_547a54d562.jpg,data/processed/icons/marksman.png,data/processed/debug/marksman_crop_debug.jpg,"14,378,197,532",48,64
marquess,Marquess,B,DS-RDS,DS,Demonspawn,R,Rare,D,Defense,S,Spirit,753,https://ayumilove.net/raid-shadow-legends-list-of-champions-by-ranking/,https://ayumilove.net/raid-shadow-legends-marquess-skill-mastery-equip-guide/,https://ayumilove.net/files/games/raid_shadow_legends/champion/Marquess.jpg,data/raw/pages/raid_shadow_legends_marquess_skill_mastery_equip_guide.html,data/raw/images/marquess_acc444a459.jpg,data/processed/icons/marquess.png,data/processed/debug/marquess_crop_debug.jpg,"14,378,197,532",48,64
marquis,Marquis,B,DS-RDV,DS,Demonspawn,R,Rare,D,Defense,V,Void,754,https://ayumilove.net/raid-shadow-legends-list-of-champions-by-ranking/,https://ayumilove.net/raid-shadow-legends-marquis-skill-mastery-equip-guide/,https://ayumilove.net/files/games/raid_shadow_legends/champion/Marquis.jpg,data/raw/pages/raid_shadow_legends_marquis_skill_mastery_equip_guide.html,data/raw/images/marquis_0b5faebd2f.jpg,data/processed/icons/marquis.png,data/processed/debug/marquis_crop_debug.jpg,"14,378,197,532",48,64
martyr,Martyr,S,SO-LDS,SO,The Sacred Order,L,Legendary,D,Defense,S,Spirit,76,https://ayumilove.net/raid-shadow-legends-list-of-champions-by-ranking/,https://ayumilove.net/raid-shadow-legends-martyr-skill-mastery-equip-guide/,https://ayumilove.net/files/games/raid_shadow_legends/champion/Martyr.jpg,data/raw/pages/raid_shadow_legends_martyr_skill_mastery_equip_guide.html,data/raw/images/martyr_9d272d1700.jpg,data/processed/icons/martyr.png,data/processed/debug/martyr_crop_debug.jpg,"14,378,197,532",48,64
masahiro_the_bell_monk,Masahiro the Bell Monk,S,SK-LHF,SK,Shadowkin,L,Legendary,H,HP,F,Force,77,https://ayumilove.net/raid-shadow-legends-list-of-champions-by-ranking/,https://ayumilove.net/raid-shadow-legends-masahiro-the-bell-monk-skill-mastery-equip-guide/,https://ayumilove.net/files/games/raid_shadow_legends/champion/Masahiro_the_Bell_Monk.jpg,data/raw/pages/raid_shadow_legends_masahiro_the_bell_monk_skill_mastery_equip_guide.html,data/raw/images/masahiro_the_bell_monk_c48a9c46b6.jpg,data/processed/icons/masahiro_the_bell_monk.png,data/processed/debug/masahiro_the_bell_monk_crop_debug.jpg,"14,378,197,532",48,64
masamoto,Masamoto,B,SK-EDS,SK,Shadowkin,E,Epic,D,Defense,S,Spirit,580,https://ayumilove.net/raid-shadow-legends-list-of-champions-by-ranking/,https://ayumilove.net/raid-shadow-legends-masamoto-skill-mastery-equip-guide/,https://ayumilove.net/files/games/raid_shadow_legends/champion/Masamoto.jpg,data/raw/pages/raid_shadow_legends_masamoto_skill_mastery_equip_guide.html,data/raw/images/masamoto_6df8a9f430.jpg,data/processed/icons/masamoto.png,data/processed/debug/masamoto_crop_debug.jpg,"14,378,197,532",48,64
mashalled,MaShalled,S,UH-LAS,UH,Undead Hordes,L,Legendary,A,Attack,S,Spirit,73,https://ayumilove.net/raid-shadow-legends-list-of-champions-by-ranking/,https://ayumilove.net/raid-shadow-legends-mashalled-skill-mastery-equip-guide/,https://ayumilove.net/files/games/raid_shadow_legends/champion/MaShalled.jpg,data/raw/pages/raid_shadow_legends_mashalled_skill_mastery_equip_guide.html,data/raw/images/mashalled_0d293ad8aa.jpg,data/processed/icons/mashalled.png,data/processed/debug/mashalled_crop_debug.jpg,"14,378,197,532",48,64
masked_fearmonger,Masked Fearmonger,C,BL-EAS,BL,Banner Lords,E,Epic,A,Attack,S,Spirit,673,https://ayumilove.net/raid-shadow-legends-list-of-champions-by-ranking/,https://ayumilove.net/raid-shadow-legends-masked-fearmonger-skill-mastery-equip-guide/,https://ayumilove.net/files/games/raid_shadow_legends/champion/Masked_Fearmonger.jpg,data/raw/pages/raid_shadow_legends_masked_fearmonger_skill_mastery_equip_guide.html,data/raw/images/masked_fearmonger_e3bb459a95.jpg,data/processed/icons/masked_fearmonger.png,data/processed/debug/masked_fearmonger_crop_debug.jpg,"14,378,197,532",48,64
master_butcher,Master Butcher,C,DW-RSS,DW,Dwarves,R,Rare,S,Support,S,Spirit,834,https://ayumilove.net/raid-shadow-legends-list-of-champions-by-ranking/,https://ayumilove.net/raid-shadow-legends-master-butcher-skill-mastery-equip-guide/,https://ayumilove.net/files/games/raid_shadow_legends/champion/Master_Butcher.jpg,data/raw/pages/raid_shadow_legends_master_butcher_skill_mastery_equip_guide.html,data/raw/images/master_butcher_06503d8ad9.jpg,data/processed/icons/master_butcher.png,data/processed/debug/master_butcher_crop_debug.jpg,"14,378,197,532",48,64
mathias_blackflail,Mathias Blackflail,B,SO-LHF,SO,The Sacred Order,L,Legendary,H,HP,F,Force,354,https://ayumilove.net/raid-shadow-legends-list-of-champions-by-ranking/,https://ayumilove.net/raid-shadow-legends-mathias-blackflail-skill-mastery-equip-guide/,https://ayumilove.net/files/games/raid_shadow_legends/champion/Mathias_Blackflail.jpg,data/raw/pages/raid_shadow_legends_mathias_blackflail_skill_mastery_equip_guide.html,data/raw/images/mathias_blackflail_494e0aebe7.jpg,data/processed/icons/mathias_blackflail.png,data/processed/debug/mathias_blackflail_crop_debug.jpg,"14,378,197,532",48,64
matriarch_zarguna,Matriarch Zarguna,A,OR-LHF,OR,Orcs,L,Legendary,H,HP,F,Force,216,https://ayumilove.net/raid-shadow-legends-list-of-champions-by-ranking/,https://ayumilove.net/raid-shadow-legends-matriarch-zarguna-skill-mastery-equip-guide/,https://ayumilove.net/files/games/raid_shadow_legends/champion/Matriarch_Zarguna.jpg,data/raw/pages/raid_shadow_legends_matriarch_zarguna_skill_mastery_equip_guide.html,data/raw/images/matriarch_zarguna_dbe4a932c8.jpg,data/processed/icons/matriarch_zarguna.png,data/processed/debug/matriarch_zarguna_crop_debug.jpg,"14,378,197,532",48,64
maulie_tankard,Maulie Tankard,A,DW-LSS,DW,Dwarves,L,Legendary,S,Support,S,Spirit,217,https://ayumilove.net/raid-shadow-legends-list-of-champions-by-ranking/,https://ayumilove.net/raid-shadow-legends-maulie-tankard-skill-mastery-equip-guide/,https://ayumilove.net/files/games/raid_shadow_legends/champion/Maulie_Tankard.jpg,data/raw/pages/raid_shadow_legends_maulie_tankard_skill_mastery_equip_guide.html,data/raw/images/maulie_tankard_18dd0f53b7.jpg,data/processed/icons/maulie_tankard.png,data/processed/debug/maulie_tankard_crop_debug.jpg,"14,378,197,532",48,64
mausoleum_mage,Mausoleum Mage,B,UH-ESF,UH,Undead Hordes,E,Epic,S,Support,F,Force,581,https://ayumilove.net/raid-shadow-legends-list-of-champions-by-ranking/,https://ayumilove.net/raid-shadow-legends-mausoleum-mage-skill-mastery-equip-guide/,https://ayumilove.net/files/games/raid_shadow_legends/champion/Mausoleum_Mage.jpg,data/raw/pages/raid_shadow_legends_mausoleum_mage_skill_mastery_equip_guide.html,data/raw/images/mausoleum_mage_31bc388a5a.jpg,data/processed/icons/mausoleum_mage.png,data/processed/debug/mausoleum_mage_crop_debug.jpg,"14,378,197,532",48,64
mavara_the_web_diviner,Mavara the Web Diviner,A,DE-LSM,DE,Dark Elves,L,Legendary,S,Support,M,Magic,218,https://ayumilove.net/raid-shadow-legends-list-of-champions-by-ranking/,https://ayumilove.net/raid-shadow-legends-mavara-the-web-diviner-skill-mastery-equip-guide/,https://ayumilove.net/files/games/raid_shadow_legends/champion/Mavara_the_Web_Diviner.jpg,data/raw/pages/raid_shadow_legends_mavara_the_web_diviner_skill_mastery_equip_guide.html,data/raw/images/mavara_the_web_diviner_5e3433758f.jpg,data/processed/icons/mavara_the_web_diviner.png,data/processed/debug/mavara_the_web_diviner_crop_debug.jpg,"14,378,197,532",48,64
meatcarver_tolog,Meatcarver Tolog,C,SW-RHF,SW,Skinwalkers,R,Rare,H,HP,F,Force,835,https://ayumilove.net/raid-shadow-legends-list-of-champions-by-ranking/,https://ayumilove.net/raid-shadow-legends-meatcarver-tolog-skill-mastery-equip-guide/,https://ayumilove.net/files/games/raid_shadow_legends/champion/Meatcarver_Tolog.jpg,data/raw/pages/raid_shadow_legends_meatcarver_tolog_skill_mastery_equip_guide.html,data/raw/images/meatcarver_tolog_cc963feed6.jpg,data/processed/icons/meatcarver_tolog.png,data/processed/debug/meatcarver_tolog_crop_debug.jpg,"14,378,197,532",48,64
medicus,Medicus,C,HE-RSS,HE,High Elves,R,Rare,S,Support,S,Spirit,836,https://ayumilove.net/raid-shadow-legends-list-of-champions-by-ranking/,https://ayumilove.net/raid-shadow-legends-medicus-skill-mastery-equip-guide/,https://ayumilove.net/files/games/raid_shadow_legends/champion/Medicus.jpg,data/raw/pages/raid_shadow_legends_medicus_skill_mastery_equip_guide.html,data/raw/images/medicus_7b0aedfaac.jpg,data/processed/icons/medicus.png,data/processed/debug/medicus_crop_debug.jpg,"14,378,197,532",48,64
melga_steelgirdle,Melga Steelgirdle,S,DW-EHS,DW,Dwarves,E,Epic,H,HP,S,Spirit,421,https://ayumilove.net/raid-shadow-legends-list-of-champions-by-ranking/,https://ayumilove.net/raid-shadow-legends-melga-steelgirdle-skill-mastery-equip-guide/,https://ayumilove.net/files/games/raid_shadow_legends/champion/Melga_Steelgirdle.jpg,data/raw/pages/raid_shadow_legends_melga_steelgirdle_skill_mastery_equip_guide.html,data/raw/images/melga_steelgirdle_2ef5d94985.jpg,data/processed/icons/melga_steelgirdle.png,data/processed/debug/melga_steelgirdle_crop_debug.jpg,"14,378,197,532",48,64
merouka,Merouka,C,OR-EDM,OR,Orcs,E,Epic,D,Defense,M,Magic,674,https://ayumilove.net/raid-shadow-legends-list-of-champions-by-ranking/,https://ayumilove.net/raid-shadow-legends-merouka-skill-mastery-equip-guide/,https://ayumilove.net/files/games/raid_shadow_legends/champion/Merouka.jpg,data/raw/pages/raid_shadow_legends_merouka_skill_mastery_equip_guide.html,data/raw/images/merouka_3b5a4248ba.jpg,data/processed/icons/merouka.png,data/processed/debug/merouka_crop_debug.jpg,"14,378,197,532",48,64
metalshaper,Metalshaper,B,LZ-RSS,LZ,Lizardmen,R,Rare,S,Support,S,Spirit,755,https://ayumilove.net/raid-shadow-legends-list-of-champions-by-ranking/,https://ayumilove.net/raid-shadow-legends-metalshaper-skill-mastery-equip-guide/,https://ayumilove.net/files/games/raid_shadow_legends/champion/Metalshaper.jpg,data/raw/pages/raid_shadow_legends_metalshaper_skill_mastery_equip_guide.html,data/raw/images/metalshaper_e74c9ad823.jpg,data/processed/icons/metalshaper.png,data/processed/debug/metalshaper_crop_debug.jpg,"14,378,197,532",48,64
mezomel_luperfang,Mezomel Luperfang,C,SW-MAS,SW,Skinwalkers,M,Mythical,A,Attack,S,Spirit,33,https://ayumilove.net/raid-shadow-legends-list-of-champions-by-ranking/,https://ayumilove.net/raid-shadow-legends-mezomel-luperfang-skill-mastery-equip-guide/,https://ayumilove.net/files/games/raid_shadow_legends/champion/Mezomel_Luperfang.jpg,data/raw/pages/raid_shadow_legends_mezomel_luperfang_skill_mastery_equip_guide.html,data/raw/images/mezomel_luperfang_05748921ce.jpg,data/processed/icons/mezomel_luperfang.png,data/processed/debug/mezomel_luperfang_crop_debug.jpg,"14,378,197,532",48,64
michelangelo,Michelangelo,A,BL-LAS,BL,Banner Lords,L,Legendary,A,Attack,S,Spirit,219,https://ayumilove.net/raid-shadow-legends-list-of-champions-by-ranking/,https://ayumilove.net/raid-shadow-legends-michelangelo-skill-mastery-equip-guide/,https://ayumilove.net/files/games/raid_shadow_legends/champion/Michelangelo.jpg,data/raw/pages/raid_shadow_legends_michelangelo_skill_mastery_equip_guide.html,data/raw/images/michelangelo_e076196279.jpg,data/processed/icons/michelangelo.png,data/processed/debug/michelangelo_crop_debug.jpg,"14,378,197,532",48,64
michinaki,Michinaki,A,SK-LDM,SK,Shadowkin,L,Legendary,D,Defense,M,Magic,220,https://ayumilove.net/raid-shadow-legends-list-of-champions-by-ranking/,https://ayumilove.net/raid-shadow-legends-michinaki-skill-mastery-equip-guide/,https://ayumilove.net/files/games/raid_shadow_legends/champion/Michinaki.jpg,data/raw/pages/raid_shadow_legends_michinaki_skill_mastery_equip_guide.html,data/raw/images/michinaki_4e7bdaa37f.jpg,data/processed/icons/michinaki.png,data/processed/debug/michinaki_crop_debug.jpg,"14,378,197,532",48,64
mighty_ukko,Mighty Ukko,S,SW-LSF,SW,Skinwalkers,L,Legendary,S,Support,F,Force,78,https://ayumilove.net/raid-shadow-legends-list-of-champions-by-ranking/,https://ayumilove.net/raid-shadow-legends-mighty-ukko-skill-mastery-equip-guide/,https://ayumilove.net/files/games/raid_shadow_legends/champion/Mighty_Ukko.jpg,data/raw/pages/raid_shadow_legends_mighty_ukko_skill_mastery_equip_guide.html,data/raw/images/mighty_ukko_ab7cd1f6ad.jpg,data/processed/icons/mighty_ukko.png,data/processed/debug/mighty_ukko_crop_debug.jpg,"14,378,197,532",48,64
militia,Militia,C,SO-UAS,SO,The Sacred Order,U,Uncommon,A,Attack,S,Spirit,976,https://ayumilove.net/raid-shadow-legends-list-of-champions-by-ranking/,https://ayumilove.net/raid-shadow-legends-militia-skill-mastery-equip-guide/,https://ayumilove.net/files/games/raid_shadow_legends/champion/Militia.jpg,data/raw/pages/raid_shadow_legends_militia_skill_mastery_equip_guide.html,data/raw/images/militia_81f5690a49.jpg,data/processed/icons/militia.png,data/processed/debug/militia_crop_debug.jpg,"14,378,197,532",48,64
minaya,Minaya,A,BL-LSF,BL,Banner Lords,L,Legendary,S,Support,F,Force,221,https://ayumilove.net/raid-shadow-legends-list-of-champions-by-ranking/,https://ayumilove.net/raid-shadow-legends-minaya-skill-mastery-equip-guide/,https://ayumilove.net/files/games/raid_shadow_legends/champion/Minaya.jpg,data/raw/pages/raid_shadow_legends_minaya_skill_mastery_equip_guide.html,data/raw/images/minaya_5ff34ccad7.jpg,data/processed/icons/minaya.png,data/processed/debug/minaya_crop_debug.jpg,"14,378,197,532",48,64
miscreated_monster,Miscreated Monster,S,KR-EHM,KR,Knights Revenant,E,Epic,H,HP,M,Magic,422,https://ayumilove.net/raid-shadow-legends-list-of-champions-by-ranking/,https://ayumilove.net/raid-shadow-legends-miscreated-monster-skill-mastery-equip-guide/,https://ayumilove.net/files/games/raid_shadow_legends/champion/Miscreated_Monster.jpg,data/raw/pages/raid_shadow_legends_miscreated_monster_skill_mastery_equip_guide.html,data/raw/images/miscreated_monster_77e6a89a41.jpg,data/processed/icons/miscreated_monster.png,data/processed/debug/miscreated_monster_crop_debug.jpg,"14,378,197,532",48,64
misericord,Misericord,F,BL-RAM,BL,Banner Lords,R,Rare,A,Attack,M,Magic,907,https://ayumilove.net/raid-shadow-legends-list-of-champions-by-ranking/,https://ayumilove.net/raid-shadow-legends-misericord-skill-mastery-equip-guide/,https://ayumilove.net/files/games/raid_shadow_legends/champion/Misericord.jpg,data/raw/pages/raid_shadow_legends_misericord_skill_mastery_equip_guide.html,data/raw/images/misericord_6425eb130e.jpg,data/processed/icons/misericord.png,data/processed/debug/misericord_crop_debug.jpg,"14,378,197,532",48,64
missionary,Missionary,C,SO-EHF,SO,The Sacred Order,E,Epic,H,HP,F,Force,675,https://ayumilove.net/raid-shadow-legends-list-of-champions-by-ranking/,https://ayumilove.net/raid-shadow-legends-missionary-skill-mastery-equip-guide/,https://ayumilove.net/files/games/raid_shadow_legends/champion/Missionary.jpg,data/raw/pages/raid_shadow_legends_missionary_skill_mastery_equip_guide.html,data/raw/images/missionary_f6880b1e64.jpg,data/processed/icons/missionary.png,data/processed/debug/missionary_crop_debug.jpg,"14,378,197,532",48,64
mistress_of_hymns,Mistress of Hymns,B,SO-ESS,SO,The Sacred Order,E,Epic,S,Support,S,Spirit,582,https://ayumilove.net/raid-shadow-legends-list-of-champions-by-ranking/,https://ayumilove.net/raid-shadow-legends-mistress-of-hymns-skill-mastery-equip-guide/,https://ayumilove.net/files/games/raid_shadow_legends/champion/Mistress_of_Hymns.jpg,data/raw/pages/raid_shadow_legends_mistress_of_hymns_skill_mastery_equip_guide.html,data/raw/images/mistress_of_hymns_ae1ad14cee.jpg,data/processed/icons/mistress_of_hymns.png,data/processed/debug/mistress_of_hymns_crop_debug.jpg,"14,378,197,532",48,64
mistrider_daithi,Mistrider Daithi,A,SY-EAF,SY,Sylvan Watchers,E,Epic,A,Attack,F,Force,456,https://ayumilove.net/raid-shadow-legends-list-of-champions-by-ranking/,https://ayumilove.net/raid-shadow-legends-mistrider-daithi-skill-mastery-equip-guide/,https://ayumilove.net/files/games/raid_shadow_legends/champion/Mistrider_Daithi.jpg,data/raw/pages/raid_shadow_legends_mistrider_daithi_skill_mastery_equip_guide.html,data/raw/images/mistrider_daithi_7864f53e99.jpg,data/processed/icons/mistrider_daithi.png,data/processed/debug/mistrider_daithi_crop_debug.jpg,"14,378,197,532",48,64
mithrala_lifebane,Mithrala Lifebane,S,DE-LSV,DE,Dark Elves,L,Legendary,S,Support,V,Void,79,https://ayumilove.net/raid-shadow-legends-list-of-champions-by-ranking/,https://ayumilove.net/raid-shadow-legends-mithrala-lifebane-skill-mastery-equip-guide/,https://ayumilove.net/files/games/raid_shadow_legends/champion/Mithrala_Lifebane.jpg,data/raw/pages/raid_shadow_legends_mithrala_lifebane_skill_mastery_equip_guide.html,data/raw/images/mithrala_lifebane_5e9ae2d9e9.jpg,data/processed/icons/mithrala_lifebane.png,data/processed/debug/mithrala_lifebane_crop_debug.jpg,"14,378,197,532",48,64
modo_of_the_peal,Modo of the Peal,B,OT-LAF,OT,Ogryn Tribes,L,Legendary,A,Attack,F,Force,355,https://ayumilove.net/raid-shadow-legends-list-of-champions-by-ranking/,https://ayumilove.net/raid-shadow-legends-modo-of-the-peal-skill-mastery-equip-guide/,https://ayumilove.net/files/games/raid_shadow_legends/champion/Modo_of_the_Peal.jpg,data/raw/pages/raid_shadow_legends_modo_of_the_peal_skill_mastery_equip_guide.html,data/raw/images/modo_of_the_peal_90daadff01.jpg,data/processed/icons/modo_of_the_peal.png,data/processed/debug/modo_of_the_peal_crop_debug.jpg,"14,378,197,532",48,64
morag_bronzelock,Morag Bronzelock,B,DW-EDS,DW,Dwarves,E,Epic,D,Defense,S,Spirit,583,https://ayumilove.net/raid-shadow-legends-list-of-champions-by-ranking/,https://ayumilove.net/raid-shadow-legends-morag-bronzelock-skill-mastery-equip-guide/,https://ayumilove.net/files/games/raid_shadow_legends/champion/Morag_Bronzelock.jpg,data/raw/pages/raid_shadow_legends_morag_bronzelock_skill_mastery_equip_guide.html,data/raw/images/morag_bronzelock_2d5a18cd8f.jpg,data/processed/icons/morag_bronzelock.png,data/processed/debug/morag_bronzelock_crop_debug.jpg,"14,378,197,532",48,64
mordecai,Mordecai,B,SO-ESF,SO,The Sacred Order,E,Epic,S,Support,F,Force,584,https://ayumilove.net/raid-shadow-legends-list-of-champions-by-ranking/,https://ayumilove.net/raid-shadow-legends-mordecai-skill-mastery-equip-guide/,https://ayumilove.net/files/games/raid_shadow_legends/champion/Mordecai.jpg,data/raw/pages/raid_shadow_legends_mordecai_skill_mastery_equip_guide.html,data/raw/images/mordecai_21f0e247af.jpg,data/processed/icons/mordecai.png,data/processed/debug/mordecai_crop_debug.jpg,"14,378,197,532",48,64
morrigaine,Morrigaine,A,UH-LSM,UH,Undead Hordes,L,Legendary,S,Support,M,Magic,222,https://ayumilove.net/raid-shadow-legends-list-of-champions-by-ranking/,https://ayumilove.net/raid-shadow-legends-morrigaine-skill-mastery-equip-guide/,https://ayumilove.net/files/games/raid_shadow_legends/champion/Morrigaine.jpg,data/raw/pages/raid_shadow_legends_morrigaine_skill_mastery_equip_guide.html,data/raw/images/morrigaine_46a3c188f3.jpg,data/processed/icons/morrigaine.png,data/processed/debug/morrigaine_crop_debug.jpg,"14,378,197,532",48,64
mortu_macaab,Mortu-Macaab,B,DS-LHS,DS,Demonspawn,L,Legendary,H,HP,S,Spirit,356,https://ayumilove.net/raid-shadow-legends-list-of-champions-by-ranking/,https://ayumilove.net/raid-shadow-legends-mortu-macaab-skill-mastery-equip-guide/,https://ayumilove.net/files/games/raid_shadow_legends/champion/Mortu_Macaab.jpg,data/raw/pages/raid_shadow_legends_mortu_macaab_skill_mastery_equip_guide.html,data/raw/images/mortu_macaab_a704b41796.jpg,data/processed/icons/mortu_macaab.png,data/processed/debug/mortu_macaab_crop_debug.jpg,"14,378,197,532",48,64
mother_cybele,Mother Cybele,B,KR-LSF,KR,Knights Revenant,L,Legendary,S,Support,F,Force,357,https://ayumilove.net/raid-shadow-legends-list-of-champions-by-ranking/,https://ayumilove.net/raid-shadow-legends-mother-cybele-skill-mastery-equip-guide/,https://ayumilove.net/files/games/raid_shadow_legends/champion/Mother_Cybele.jpg,data/raw/pages/raid_shadow_legends_mother_cybele_skill_mastery_equip_guide.html,data/raw/images/mother_cybele_9df5079692.jpg,data/processed/icons/mother_cybele.png,data/processed/debug/mother_cybele_crop_debug.jpg,"14,378,197,532",48,64
mother_superior,Mother Superior,B,SO-RSS,SO,The Sacred Order,R,Rare,S,Support,S,Spirit,756,https://ayumilove.net/raid-shadow-legends-list-of-champions-by-ranking/,https://ayumilove.net/raid-shadow-legends-mother-superior-skill-mastery-equip-guide/,https://ayumilove.net/files/games/raid_shadow_legends/champion/Mother_Superior.jpg,data/raw/pages/raid_shadow_legends_mother_superior_skill_mastery_equip_guide.html,data/raw/images/mother_superior_cc729371bb.jpg,data/processed/icons/mother_superior.png,data/processed/debug/mother_superior_crop_debug.jpg,"14,378,197,532",48,64
mountain_king,Mountain King,B,DW-LAF,DW,Dwarves,L,Legendary,A,Attack,F,Force,358,https://ayumilove.net/raid-shadow-legends-list-of-champions-by-ranking/,https://ayumilove.net/raid-shadow-legends-mountain-king-skill-mastery-equip-guide/,https://ayumilove.net/files/games/raid_shadow_legends/champion/Mountain_King.jpg,data/raw/pages/raid_shadow_legends_mountain_king_skill_mastery_equip_guide.html,data/raw/images/mountain_king_1763c10630.jpg,data/processed/icons/mountain_king.png,data/processed/debug/mountain_king_crop_debug.jpg,"14,378,197,532",48,64
muckstalker,Muckstalker,F,LZ-RHM,LZ,Lizardmen,R,Rare,H,HP,M,Magic,908,https://ayumilove.net/raid-shadow-legends-list-of-champions-by-ranking/,https://ayumilove.net/raid-shadow-legends-muckstalker-skill-mastery-equip-guide/,https://ayumilove.net/files/games/raid_shadow_legends/champion/Muckstalker.jpg,data/raw/pages/raid_shadow_legends_muckstalker_skill_mastery_equip_guide.html,data/raw/images/muckstalker_5de1584df2.jpg,data/processed/icons/muckstalker.png,data/processed/debug/muckstalker_crop_debug.jpg,"14,378,197,532",48,64
myciliac_priest_orn,Myciliac Priest Orn,B,SY-EHS,SY,Sylvan Watchers,E,Epic,H,HP,S,Spirit,585,https://ayumilove.net/raid-shadow-legends-list-of-champions-by-ranking/,https://ayumilove.net/raid-shadow-legends-myciliac-priest-orn-skill-mastery-equip-guide/,https://ayumilove.net/files/games/raid_shadow_legends/champion/Myciliac_Priest_Orn.jpg,data/raw/pages/raid_shadow_legends_myciliac_priest_orn_skill_mastery_equip_guide.html,data/raw/images/myciliac_priest_orn_fa1e78ae28.jpg,data/processed/icons/myciliac_priest_orn.png,data/processed/debug/myciliac_priest_orn_crop_debug.jpg,"14,378,197,532",48,64
mycolus,Mycolus,B,OT-RSV,OT,Ogryn Tribes,R,Rare,S,Support,V,Void,757,https://ayumilove.net/raid-shadow-legends-list-of-champions-by-ranking/,https://ayumilove.net/raid-shadow-legends-mycolus-skill-mastery-equip-guide/,https://ayumilove.net/files/games/raid_shadow_legends/champion/Mycolus.jpg,data/raw/pages/raid_shadow_legends_mycolus_skill_mastery_equip_guide.html,data/raw/images/mycolus_68ab26747a.jpg,data/processed/icons/mycolus.png,data/processed/debug/mycolus_crop_debug.jpg,"14,378,197,532",48,64
myrmidon,Myrmidon,C,BL-RDM,BL,Banner Lords,R,Rare,D,Defense,M,Magic,837,https://ayumilove.net/raid-shadow-legends-list-of-champions-by-ranking/,https://ayumilove.net/raid-shadow-legends-myrmidon-skill-mastery-equip-guide/,https://ayumilove.net/files/games/raid_shadow_legends/champion/Myrmidon.jpg,data/raw/pages/raid_shadow_legends_myrmidon_skill_mastery_equip_guide.html,data/raw/images/myrmidon_b542e00367.jpg,data/processed/icons/myrmidon.png,data/processed/debug/myrmidon_crop_debug.jpg,"14,378,197,532",48,64
mystic_hand,Mystic Hand,C,DE-RSF,DE,Dark Elves,R,Rare,S,Support,F,Force,838,https://ayumilove.net/raid-shadow-legends-list-of-champions-by-ranking/,https://ayumilove.net/raid-shadow-legends-mystic-hand-skill-mastery-equip-guide/,https://ayumilove.net/files/games/raid_shadow_legends/champion/Mystic_Hand.jpg,data/raw/pages/raid_shadow_legends_mystic_hand_skill_mastery_equip_guide.html,data/raw/images/mystic_hand_6f9c025c75.jpg,data/processed/icons/mystic_hand.png,data/processed/debug/mystic_hand_crop_debug.jpg,"14,378,197,532",48,64
nais_the_shadowthief,Nais the Shadowthief,SS,SY-MAM,SY,Sylvan Watchers,M,Mythical,A,Attack,M,Magic,3,https://ayumilove.net/raid-shadow-legends-list-of-champions-by-ranking/,https://ayumilove.net/raid-shadow-legends-nais-the-shadowthief-skill-mastery-equip-guide/,https://ayumilove.net/files/games/raid_shadow_legends/champion/Nais_the_Shadowthief.jpg,data/raw/pages/raid_shadow_legends_nais_the_shadowthief_skill_mastery_equip_guide.html,data/raw/images/nais_the_shadowthief_9906204810.jpg,data/processed/icons/nais_the_shadowthief.png,data/processed/debug/nais_the_shadowthief_crop_debug.jpg,"14,378,197,532",48,64
nari_the_lucky,Nari the Lucky,B,DW-LDF,DW,Dwarves,L,Legendary,D,Defense,F,Force,359,https://ayumilove.net/raid-shadow-legends-list-of-champions-by-ranking/,https://ayumilove.net/raid-shadow-legends-nari-the-lucky-skill-mastery-equip-guide/,https://ayumilove.net/files/games/raid_shadow_legends/champion/Nari_the_Lucky.jpg,data/raw/pages/raid_shadow_legends_nari_the_lucky_skill_mastery_equip_guide.html,data/raw/images/nari_the_lucky_cc0f551652.jpg,data/processed/icons/nari_the_lucky.png,data/processed/debug/nari_the_lucky_crop_debug.jpg,"14,378,197,532",48,64
narma_the_returned,Narma the Returned,A,KR-LSM,KR,Knights Revenant,L,Legendary,S,Support,M,Magic,223,https://ayumilove.net/raid-shadow-legends-list-of-champions-by-ranking/,https://ayumilove.net/raid-shadow-legends-narma-the-returned-skill-mastery-equip-guide/,https://ayumilove.net/files/games/raid_shadow_legends/champion/Narma_the_Returned.jpg,data/raw/pages/raid_shadow_legends_narma_the_returned_skill_mastery_equip_guide.html,data/raw/images/narma_the_returned_0b9bef8fad.jpg,data/processed/icons/narma_the_returned.png,data/processed/debug/narma_the_returned_crop_debug.jpg,"14,378,197,532",48,64
nazana,Nazana,A,DS-EHF,DS,Demonspawn,E,Epic,H,HP,F,Force,457,https://ayumilove.net/raid-shadow-legends-list-of-champions-by-ranking/,https://ayumilove.net/raid-shadow-legends-nazana-skill-mastery-equip-guide/,https://ayumilove.net/files/games/raid_shadow_legends/champion/Nazana.jpg,data/raw/pages/raid_shadow_legends_nazana_skill_mastery_equip_guide.html,data/raw/images/nazana_988534f712.jpg,data/processed/icons/nazana.png,data/processed/debug/nazana_crop_debug.jpg,"14,378,197,532",48,64
necrohunter,Necrohunter,B,KR-EAM,KR,Knights Revenant,E,Epic,A,Attack,M,Magic,586,https://ayumilove.net/raid-shadow-legends-list-of-champions-by-ranking/,https://ayumilove.net/raid-shadow-legends-necrohunter-skill-mastery-equip-guide/,https://ayumilove.net/files/games/raid_shadow_legends/champion/Necrohunter.jpg,data/raw/pages/raid_shadow_legends_necrohunter_skill_mastery_equip_guide.html,data/raw/images/necrohunter_ca1bb143de.jpg,data/processed/icons/necrohunter.png,data/processed/debug/necrohunter_crop_debug.jpg,"14,378,197,532",48,64
nekhret_the_great,Nekhret the Great,S,UH-LDV,UH,Undead Hordes,L,Legendary,D,Defense,V,Void,80,https://ayumilove.net/raid-shadow-legends-list-of-champions-by-ranking/,https://ayumilove.net/raid-shadow-legends-nekhret-the-great-skill-mastery-equip-guide/,https://ayumilove.net/files/games/raid_shadow_legends/champion/Nekhret_the_Great.jpg,data/raw/pages/raid_shadow_legends_nekhret_the_great_skill_mastery_equip_guide.html,data/raw/images/nekhret_the_great_ff1f47a8bc.jpg,data/processed/icons/nekhret_the_great.png,data/processed/debug/nekhret_the_great_crop_debug.jpg,"14,378,197,532",48,64
nekmo_thaar,Nekmo Thaar,S,LZ-LSS,LZ,Lizardmen,L,Legendary,S,Support,S,Spirit,81,https://ayumilove.net/raid-shadow-legends-list-of-champions-by-ranking/,https://ayumilove.net/raid-shadow-legends-nekmo-thaar-skill-mastery-equip-guide/,https://ayumilove.net/files/games/raid_shadow_legends/champion/Nekmo_Thaar.jpg,data/raw/pages/raid_shadow_legends_nekmo_thaar_skill_mastery_equip_guide.html,data/raw/images/nekmo_thaar_c894efff10.jpg,data/processed/icons/nekmo_thaar.png,data/processed/debug/nekmo_thaar_crop_debug.jpg,"14,378,197,532",48,64
neldor_rimeblade,Neldor Rimeblade,A,HE-EAF,HE,High Elves,E,Epic,A,Attack,F,Force,458,https://ayumilove.net/raid-shadow-legends-list-of-champions-by-ranking/,https://ayumilove.net/raid-shadow-legends-neldor-rimeblade-skill-mastery-equip-guide/,https://ayumilove.net/files/games/raid_shadow_legends/champion/Neldor_Rimeblade.jpg,data/raw/pages/raid_shadow_legends_neldor_rimeblade_skill_mastery_equip_guide.html,data/raw/images/neldor_rimeblade_e36989b146.jpg,data/processed/icons/neldor_rimeblade.png,data/processed/debug/neldor_rimeblade_crop_debug.jpg,"14,378,197,532",48,64
nell_blackteeth,Nell Blackteeth,SS,SY-MSM,SY,Sylvan Watchers,M,Mythical,S,Support,M,Magic,4,https://ayumilove.net/raid-shadow-legends-list-of-champions-by-ranking/,https://ayumilove.net/raid-shadow-legends-nell-blackteeth-skill-mastery-equip-guide/,https://ayumilove.net/files/games/raid_shadow_legends/champion/Nell_Blackteeth.jpg,data/raw/pages/raid_shadow_legends_nell_blackteeth_skill_mastery_equip_guide.html,data/raw/images/nell_blackteeth_ebd7c8eca6.jpg,data/processed/icons/nell_blackteeth.png,data/processed/debug/nell_blackteeth_crop_debug.jpg,"14,378,197,532",48,64
nethril,Nethril,A,UH-LAS,UH,Undead Hordes,L,Legendary,A,Attack,S,Spirit,224,https://ayumilove.net/raid-shadow-legends-list-of-champions-by-ranking/,https://ayumilove.net/raid-shadow-legends-nethril-skill-mastery-equip-guide/,https://ayumilove.net/files/games/raid_shadow_legends/champion/Nethril.jpg,data/raw/pages/raid_shadow_legends_nethril_skill_mastery_equip_guide.html,data/raw/images/nethril_91b8e302d3.jpg,data/processed/icons/nethril.png,data/processed/debug/nethril_crop_debug.jpg,"14,378,197,532",48,64
niamhe_spear_of_nyresa,Niamhe Spear of Nyresa,A,SY-LDV,SY,Sylvan Watchers,L,Legendary,D,Defense,V,Void,225,https://ayumilove.net/raid-shadow-legends-list-of-champions-by-ranking/,https://ayumilove.net/raid-shadow-legends-niamhe-spear-of-nyresa-skill-mastery-equip-guide/,https://ayumilove.net/files/games/raid_shadow_legends/champion/Niamhe_Spear_of_Nyresa.jpg,data/raw/pages/raid_shadow_legends_niamhe_spear_of_nyresa_skill_mastery_equip_guide.html,data/raw/images/niamhe_spear_of_nyresa_ff92c5e591.jpg,data/processed/icons/niamhe_spear_of_nyresa.png,data/processed/debug/niamhe_spear_of_nyresa_crop_debug.jpg,"14,378,197,532",48,64
night_queen_krixia,Night Queen Krixia,S,KR-MSS,KR,Knights Revenant,M,Mythical,S,Support,S,Spirit,16,https://ayumilove.net/raid-shadow-legends-list-of-champions-by-ranking/,https://ayumilove.net/raid-shadow-legends-night-queen-krixia-skill-mastery-equip-guide/,https://ayumilove.net/files/games/raid_shadow_legends/champion/Night_Queen_Krixia.jpg,data/raw/pages/raid_shadow_legends_night_queen_krixia_skill_mastery_equip_guide.html,data/raw/images/night_queen_krixia_39cfb23027.jpg,data/processed/icons/night_queen_krixia.png,data/processed/debug/night_queen_krixia_crop_debug.jpg,"14,378,197,532",48,64
ninja,Ninja,S,SK-LAM,SK,Shadowkin,L,Legendary,A,Attack,M,Magic,82,https://ayumilove.net/raid-shadow-legends-list-of-champions-by-ranking/,https://ayumilove.net/raid-shadow-legends-ninja-skill-mastery-equip-guide/,https://ayumilove.net/files/games/raid_shadow_legends/champion/Ninja.jpg,data/raw/pages/raid_shadow_legends_ninja_skill_mastery_equip_guide.html,data/raw/images/ninja_d6b1f0a7c2.jpg,data/processed/icons/ninja.png,data/processed/debug/ninja_crop_debug.jpg,"14,378,197,532",48,64
nobel,Nobel,C,SK-LAF,SK,Shadowkin,L,Legendary,A,Attack,F,Force,403,https://ayumilove.net/raid-shadow-legends-list-of-champions-by-ranking/,https://ayumilove.net/raid-shadow-legends-nobel-skill-mastery-equip-guide/,https://ayumilove.net/files/games/raid_shadow_legends/champion/Nobel.jpg,data/raw/pages/raid_shadow_legends_nobel_skill_mastery_equip_guide.html,data/raw/images/nobel_eb69c2562e.jpg,data/processed/icons/nobel.png,data/processed/debug/nobel_crop_debug.jpg,"14,378,197,532",48,64
noct_the_paralyzer,Noct the Paralyzer,A,DE-LHM,DE,Dark Elves,L,Legendary,H,HP,M,Magic,226,https://ayumilove.net/raid-shadow-legends-list-of-champions-by-ranking/,https://ayumilove.net/raid-shadow-legends-noct-the-paralyzer-skill-mastery-equip-guide/,https://ayumilove.net/files/games/raid_shadow_legends/champion/Noct_the_Paralyzer.jpg,data/raw/pages/raid_shadow_legends_noct_the_paralyzer_skill_mastery_equip_guide.html,data/raw/images/noct_the_paralyzer_ef5ecadd5e.jpg,data/processed/icons/noct_the_paralyzer.png,data/processed/debug/noct_the_paralyzer_crop_debug.jpg,"14,378,197,532",48,64
nogdar_the_headhunter,Nogdar the Headhunter,C,OR-LAS,OR,Orcs,L,Legendary,A,Attack,S,Spirit,404,https://ayumilove.net/raid-shadow-legends-list-of-champions-by-ranking/,https://ayumilove.net/raid-shadow-legends-nogdar-the-headhunter-skill-mastery-equip-guide/,https://ayumilove.net/files/games/raid_shadow_legends/champion/Nogdar_the_Headhunter.jpg,data/raw/pages/raid_shadow_legends_nogdar_the_headhunter_skill_mastery_equip_guide.html,data/raw/images/nogdar_the_headhunter_396c39a522.jpg,data/processed/icons/nogdar_the_headhunter.png,data/processed/debug/nogdar_the_headhunter_crop_debug.jpg,"14,378,197,532",48,64
nogoryo,Nogoryo,C,SK-EAM,SK,Shadowkin,E,Epic,A,Attack,M,Magic,676,https://ayumilove.net/raid-shadow-legends-list-of-champions-by-ranking/,https://ayumilove.net/raid-shadow-legends-nogoryo-skill-mastery-equip-guide/,https://ayumilove.net/files/games/raid_shadow_legends/champion/Nogoryo.jpg,data/raw/pages/raid_shadow_legends_nogoryo_skill_mastery_equip_guide.html,data/raw/images/nogoryo_f89c37edfc.jpg,data/processed/icons/nogoryo.png,data/processed/debug/nogoryo_crop_debug.jpg,"14,378,197,532",48,64
noldua_the_gloaming,Noldua the Gloaming,S,DE-LSF,DE,Dark Elves,L,Legendary,S,Support,F,Force,83,https://ayumilove.net/raid-shadow-legends-list-of-champions-by-ranking/,https://ayumilove.net/raid-shadow-legends-noldua-the-gloaming-skill-mastery-equip-guide/,https://ayumilove.net/files/games/raid_shadow_legends/champion/Noldua_the_Gloaming.jpg,data/raw/pages/raid_shadow_legends_noldua_the_gloaming_skill_mastery_equip_guide.html,data/raw/images/noldua_the_gloaming_9b9141ff33.jpg,data/processed/icons/noldua_the_gloaming.png,data/processed/debug/noldua_the_gloaming_crop_debug.jpg,"14,378,197,532",48,64
norog,Norog,B,SW-LDM,SW,Skinwalkers,L,Legendary,D,Defense,M,Magic,360,https://ayumilove.net/raid-shadow-legends-list-of-champions-by-ranking/,https://ayumilove.net/raid-shadow-legends-norog-skill-mastery-equip-guide/,https://ayumilove.net/files/games/raid_shadow_legends/champion/Norog.jpg,data/raw/pages/raid_shadow_legends_norog_skill_mastery_equip_guide.html,data/raw/images/norog_1d820955af.jpg,data/processed/icons/norog.png,data/processed/debug/norog_crop_debug.jpg,"14,378,197,532",48,64
novitiate,Novitiate,F,SO-CAS,SO,The Sacred Order,C,Common,A,Attack,S,Spirit,1015,https://ayumilove.net/raid-shadow-legends-list-of-champions-by-ranking/,https://ayumilove.net/raid-shadow-legends-novitiate-skill-mastery-equip-guide/,https://ayumilove.net/files/games/raid_shadow_legends/champion/Novitiate.jpg,data/raw/pages/raid_shadow_legends_novitiate_skill_mastery_equip_guide.html,data/raw/images/novitiate_e44b11adfa.jpg,data/processed/icons/novitiate.png,data/processed/debug/novitiate_crop_debug.jpg,"14,378,197,532",48,64
oathbound,Oathbound,A,BL-EDF,BL,Banner Lords,E,Epic,D,Defense,F,Force,459,https://ayumilove.net/raid-shadow-legends-list-of-champions-by-ranking/,https://ayumilove.net/raid-shadow-legends-oathbound-skill-mastery-equip-guide/,https://ayumilove.net/files/games/raid_shadow_legends/champion/Oathbound.jpg,data/raw/pages/raid_shadow_legends_oathbound_skill_mastery_equip_guide.html,data/raw/images/oathbound_91877b6e34.jpg,data/processed/icons/oathbound.png,data/processed/debug/oathbound_crop_debug.jpg,"14,378,197,532",48,64
oboro,Oboro,B,SK-EAV,SK,Shadowkin,E,Epic,A,Attack,V,Void,587,https://ayumilove.net/raid-shadow-legends-list-of-champions-by-ranking/,https://ayumilove.net/raid-shadow-legends-oboro-skill-mastery-equip-guide/,https://ayumilove.net/files/games/raid_shadow_legends/champion/Oboro.jpg,data/raw/pages/raid_shadow_legends_oboro_skill_mastery_equip_guide.html,data/raw/images/oboro_0baf78572c.jpg,data/processed/icons/oboro.png,data/processed/debug/oboro_crop_debug.jpg,"14,378,197,532",48,64
occult_brawler,Occult Brawler,C,OT-EHS,OT,Ogryn Tribes,E,Epic,H,HP,S,Spirit,677,https://ayumilove.net/raid-shadow-legends-list-of-champions-by-ranking/,https://ayumilove.net/raid-shadow-legends-occult-brawler-skill-mastery-equip-guide/,https://ayumilove.net/files/games/raid_shadow_legends/champion/Occult_Brawler.jpg,data/raw/pages/raid_shadow_legends_occult_brawler_skill_mastery_equip_guide.html,data/raw/images/occult_brawler_7aa33caae5.jpg,data/processed/icons/occult_brawler.png,data/processed/debug/occult_brawler_crop_debug.jpg,"14,378,197,532",48,64
odachi,Odachi,C,SK-RDF,SK,Shadowkin,R,Rare,D,Defense,F,Force,839,https://ayumilove.net/raid-shadow-legends-list-of-champions-by-ranking/,https://ayumilove.net/raid-shadow-legends-odachi-skill-mastery-equip-guide/,https://ayumilove.net/files/games/raid_shadow_legends/champion/Odachi.jpg,data/raw/pages/raid_shadow_legends_odachi_skill_mastery_equip_guide.html,data/raw/images/odachi_f7e1e19cbc.jpg,data/processed/icons/odachi.png,data/processed/debug/odachi_crop_debug.jpg,"14,378,197,532",48,64
odin_faefather,Odin Faefather,SS,BA-LSV,BA,Barbarians,L,Legendary,S,Support,V,Void,37,https://ayumilove.net/raid-shadow-legends-list-of-champions-by-ranking/,https://ayumilove.net/raid-shadow-legends-odin-faefather-skill-mastery-equip-guide/,https://ayumilove.net/files/games/raid_shadow_legends/champion/Odin_Faefather.jpg,data/raw/pages/raid_shadow_legends_odin_faefather_skill_mastery_equip_guide.html,data/raw/images/odin_faefather_71956a1e97.jpg,data/processed/icons/odin_faefather.png,data/processed/debug/odin_faefather_crop_debug.jpg,"14,378,197,532",48,64
oella,Oella,A,SY-LSM,SY,Sylvan Watchers,L,Legendary,S,Support,M,Magic,227,https://ayumilove.net/raid-shadow-legends-list-of-champions-by-ranking/,https://ayumilove.net/raid-shadow-legends-oella-skill-mastery-equip-guide/,https://ayumilove.net/files/games/raid_shadow_legends/champion/Oella.jpg,data/raw/pages/raid_shadow_legends_oella_skill_mastery_equip_guide.html,data/raw/images/oella_21745a5d94.jpg,data/processed/icons/oella.png,data/processed/debug/oella_crop_debug.jpg,"14,378,197,532",48,64
ogryn_jailer,Ogryn Jailer,C,OT-RAF,OT,Ogryn Tribes,R,Rare,A,Attack,F,Force,840,https://ayumilove.net/raid-shadow-legends-list-of-champions-by-ranking/,https://ayumilove.net/raid-shadow-legends-ogryn-jailer-skill-mastery-equip-guide/,https://ayumilove.net/files/games/raid_shadow_legends/champion/Ogryn_Jailer.jpg,data/raw/pages/raid_shadow_legends_ogryn_jailer_skill_mastery_equip_guide.html,data/raw/images/ogryn_jailer_9b09c8cbf5.jpg,data/processed/icons/ogryn_jailer.png,data/processed/debug/ogryn_jailer_crop_debug.jpg,"14,378,197,532",48,64
old_ghrukkus,Old Ghrukkus,B,OT-ESF,OT,Ogryn Tribes,E,Epic,S,Support,F,Force,588,https://ayumilove.net/raid-shadow-legends-list-of-champions-by-ranking/,https://ayumilove.net/raid-shadow-legends-old-ghrukkus-skill-mastery-equip-guide/,https://ayumilove.net/files/games/raid_shadow_legends/champion/Old_Ghrukkus.jpg,data/raw/pages/raid_shadow_legends_old_ghrukkus_skill_mastery_equip_guide.html,data/raw/images/old_ghrukkus_453fb6cdc5.jpg,data/processed/icons/old_ghrukkus.png,data/processed/debug/old_ghrukkus_crop_debug.jpg,"14,378,197,532",48,64
old_hermit_jorrg,Old Hermit Jorrg,A,OR-ESM,OR,Orcs,E,Epic,S,Support,M,Magic,460,https://ayumilove.net/raid-shadow-legends-list-of-champions-by-ranking/,https://ayumilove.net/raid-shadow-legends-old-hermit-jorrg-skill-mastery-equip-guide/,https://ayumilove.net/files/games/raid_shadow_legends/champion/Old_Hermit_Jorrg.jpg,data/raw/pages/raid_shadow_legends_old_hermit_jorrg_skill_mastery_equip_guide.html,data/raw/images/old_hermit_jorrg_1819c4db4b.jpg,data/processed/icons/old_hermit_jorrg.png,data/processed/debug/old_hermit_jorrg_crop_debug.jpg,"14,378,197,532",48,64
oldbeard,Oldbeard,F,OT-UDF,OT,Ogryn Tribes,U,Uncommon,D,Defense,F,Force,993,https://ayumilove.net/raid-shadow-legends-list-of-champions-by-ranking/,https://ayumilove.net/raid-shadow-legends-oldbeard-skill-mastery-equip-guide/,https://ayumilove.net/files/games/raid_shadow_legends/champion/Oldbeard.jpg,data/raw/pages/raid_shadow_legends_oldbeard_skill_mastery_equip_guide.html,data/raw/images/oldbeard_61e814ead9.jpg,data/processed/icons/oldbeard.png,data/processed/debug/oldbeard_crop_debug.jpg,"14,378,197,532",48,64
onryo_ieyasu,Onryo Ieyasu,S,SK-LAV,SK,Shadowkin,L,Legendary,A,Attack,V,Void,84,https://ayumilove.net/raid-shadow-legends-list-of-champions-by-ranking/,https://ayumilove.net/raid-shadow-legends-onryo-ieyasu-skill-mastery-equip-guide/,https://ayumilove.net/files/games/raid_shadow_legends/champion/Onryo_Ieyasu.jpg,data/raw/pages/raid_shadow_legends_onryo_ieyasu_skill_mastery_equip_guide.html,data/raw/images/onryo_ieyasu_9806bd7266.jpg,data/processed/icons/onryo_ieyasu.png,data/processed/debug/onryo_ieyasu_crop_debug.jpg,"14,378,197,532",48,64
opardin_clanfather,Opardin Clanfather,C,BA-LHM,BA,Barbarians,L,Legendary,H,HP,M,Magic,405,https://ayumilove.net/raid-shadow-legends-list-of-champions-by-ranking/,https://ayumilove.net/raid-shadow-legends-opardin-clanfather-skill-mastery-equip-guide/,https://ayumilove.net/files/games/raid_shadow_legends/champion/Opardin_Clanfather.jpg,data/raw/pages/raid_shadow_legends_opardin_clanfather_skill_mastery_equip_guide.html,data/raw/images/opardin_clanfather_4881d4eb70.jpg,data/processed/icons/opardin_clanfather.png,data/processed/debug/opardin_clanfather_crop_debug.jpg,"14,378,197,532",48,64
ordinator,Ordinator,F,DE-RAF,DE,Dark Elves,R,Rare,A,Attack,F,Force,909,https://ayumilove.net/raid-shadow-legends-list-of-champions-by-ranking/,https://ayumilove.net/raid-shadow-legends-ordinator-skill-mastery-equip-guide/,https://ayumilove.net/files/games/raid_shadow_legends/champion/Ordinator.jpg,data/raw/pages/raid_shadow_legends_ordinator_skill_mastery_equip_guide.html,data/raw/images/ordinator_9d99b28c62.jpg,data/processed/icons/ordinator.png,data/processed/debug/ordinator_crop_debug.jpg,"14,378,197,532",48,64
osgrun_the_defiler,Osgrun the Defiler,A,DW-LSM,DW,Dwarves,L,Legendary,S,Support,M,Magic,228,https://ayumilove.net/raid-shadow-legends-list-of-champions-by-ranking/,https://ayumilove.net/raid-shadow-legends-osgrun-the-defiler-skill-mastery-equip-guide/,https://ayumilove.net/files/games/raid_shadow_legends/champion/Osgrun_the_Defiler.jpg,data/raw/pages/raid_shadow_legends_osgrun_the_defiler_skill_mastery_equip_guide.html,data/raw/images/osgrun_the_defiler_a5a36ec315.jpg,data/processed/icons/osgrun_the_defiler.png,data/processed/debug/osgrun_the_defiler_crop_debug.jpg,"14,378,197,532",48,64
ostrox_boneglaive,Ostrox Boneglaive,A,UH-ESV,UH,Undead Hordes,E,Epic,S,Support,V,Void,461,https://ayumilove.net/raid-shadow-legends-list-of-champions-by-ranking/,https://ayumilove.net/raid-shadow-legends-ostrox-boneglaive-skill-mastery-equip-guide/,https://ayumilove.net/files/games/raid_shadow_legends/champion/Ostrox_Boneglaive.jpg,data/raw/pages/raid_shadow_legends_ostrox_boneglaive_skill_mastery_equip_guide.html,data/raw/images/ostrox_boneglaive_6fc0e11538.jpg,data/processed/icons/ostrox_boneglaive.png,data/processed/debug/ostrox_boneglaive_crop_debug.jpg,"14,378,197,532",48,64
outlander,Outlander,B,BA-UAS,BA,Barbarians,U,Uncommon,A,Attack,S,Spirit,955,https://ayumilove.net/raid-shadow-legends-list-of-champions-by-ranking/,https://ayumilove.net/raid-shadow-legends-outlander-skill-mastery-equip-guide/,https://ayumilove.net/files/games/raid_shadow_legends/champion/Outlander.jpg,data/raw/pages/raid_shadow_legends_outlander_skill_mastery_equip_guide.html,data/raw/images/outlander_85e5b04d9d.jpg,data/processed/icons/outlander.png,data/processed/debug/outlander_crop_debug.jpg,"14,378,197,532",48,64
outlaw_monk,Outlaw Monk,S,SO-UAF,SO,The Sacred Order,U,Uncommon,A,Attack,F,Force,933,https://ayumilove.net/raid-shadow-legends-list-of-champions-by-ranking/,https://ayumilove.net/raid-shadow-legends-outlaw-monk-skill-mastery-equip-guide/,https://ayumilove.net/files/games/raid_shadow_legends/champion/Outlaw_Monk.jpg,data/raw/pages/raid_shadow_legends_outlaw_monk_skill_mastery_equip_guide.html,data/raw/images/outlaw_monk_2abd1122ee.jpg,data/processed/icons/outlaw_monk.png,data/processed/debug/outlaw_monk_crop_debug.jpg,"14,378,197,532",48,64
outrider,Outrider,S,BA-UAS,BA,Barbarians,U,Uncommon,A,Attack,S,Spirit,934,https://ayumilove.net/raid-shadow-legends-list-of-champions-by-ranking/,https://ayumilove.net/raid-shadow-legends-outrider-skill-mastery-equip-guide/,https://ayumilove.net/files/games/raid_shadow_legends/champion/Outrider.jpg,data/raw/pages/raid_shadow_legends_outrider_skill_mastery_equip_guide.html,data/raw/images/outrider_7249245767.jpg,data/processed/icons/outrider.png,data/processed/debug/outrider_crop_debug.jpg,"14,378,197,532",48,64
ox,Ox,C,BA-RAV,BA,Barbarians,R,Rare,A,Attack,V,Void,841,https://ayumilove.net/raid-shadow-legends-list-of-champions-by-ranking/,https://ayumilove.net/raid-shadow-legends-ox-skill-mastery-equip-guide/,https://ayumilove.net/files/games/raid_shadow_legends/champion/Ox.jpg,data/raw/pages/raid_shadow_legends_ox_skill_mastery_equip_guide.html,data/raw/images/ox_376808a014.jpg,data/processed/icons/ox.png,data/processed/debug/ox_crop_debug.jpg,"14,378,197,532",48,64
packmaster_shyek,Packmaster Shyek,B,OR-LHF,OR,Orcs,L,Legendary,H,HP,F,Force,361,https://ayumilove.net/raid-shadow-legends-list-of-champions-by-ranking/,https://ayumilove.net/raid-shadow-legends-packmaster-shyek-skill-mastery-equip-guide/,https://ayumilove.net/files/games/raid_shadow_legends/champion/Packmaster_Shyek.jpg,data/raw/pages/raid_shadow_legends_packmaster_shyek_skill_mastery_equip_guide.html,data/raw/images/packmaster_shyek_282fa6ed5e.jpg,data/processed/icons/packmaster_shyek.png,data/processed/debug/packmaster_shyek_crop_debug.jpg,"14,378,197,532",48,64
pain_keeper,Pain Keeper,A,DE-RHV,DE,Dark Elves,R,Rare,H,HP,V,Void,713,https://ayumilove.net/raid-shadow-legends-list-of-champions-by-ranking/,https://ayumilove.net/raid-shadow-legends-pain-keeper-skill-mastery-equip-guide/,https://ayumilove.net/files/games/raid_shadow_legends/champion/Pain_Keeper.jpg,data/raw/pages/raid_shadow_legends_pain_keeper_skill_mastery_equip_guide.html,data/raw/images/pain_keeper_39322304cc.jpg,data/processed/icons/pain_keeper.png,data/processed/debug/pain_keeper_crop_debug.jpg,"14,378,197,532",48,64
painsmith,Painsmith,B,DW-RAV,DW,Dwarves,R,Rare,A,Attack,V,Void,758,https://ayumilove.net/raid-shadow-legends-list-of-champions-by-ranking/,https://ayumilove.net/raid-shadow-legends-painsmith-skill-mastery-equip-guide/,https://ayumilove.net/files/games/raid_shadow_legends/champion/Painsmith.jpg,data/raw/pages/raid_shadow_legends_painsmith_skill_mastery_equip_guide.html,data/raw/images/painsmith_59a89220e2.jpg,data/processed/icons/painsmith.png,data/processed/debug/painsmith_crop_debug.jpg,"14,378,197,532",48,64
pann_the_bowhorn,Pann the Bowhorn,B,SY-EAF,SY,Sylvan Watchers,E,Epic,A,Attack,F,Force,589,https://ayumilove.net/raid-shadow-legends-list-of-champions-by-ranking/,https://ayumilove.net/raid-shadow-legends-pann-the-bowhorn-skill-mastery-equip-guide/,https://ayumilove.net/files/games/raid_shadow_legends/champion/Pann_the_Bowhorn.jpg,data/raw/pages/raid_shadow_legends_pann_the_bowhorn_skill_mastery_equip_guide.html,data/raw/images/pann_the_bowhorn_02c740e076.jpg,data/processed/icons/pann_the_bowhorn.png,data/processed/debug/pann_the_bowhorn_crop_debug.jpg,"14,378,197,532",48,64
panthera,Panthera,B,SW-RAV,SW,Skinwalkers,R,Rare,A,Attack,V,Void,759,https://ayumilove.net/raid-shadow-legends-list-of-champions-by-ranking/,https://ayumilove.net/raid-shadow-legends-panthera-skill-mastery-equip-guide/,https://ayumilove.net/files/games/raid_shadow_legends/champion/Panthera.jpg,data/raw/pages/raid_shadow_legends_panthera_skill_mastery_equip_guide.html,data/raw/images/panthera_6176ab61ce.jpg,data/processed/icons/panthera.png,data/processed/debug/panthera_crop_debug.jpg,"14,378,197,532",48,64
paragon,Paragon,A,DE-RDV,DE,Dark Elves,R,Rare,D,Defense,V,Void,714,https://ayumilove.net/raid-shadow-legends-list-of-champions-by-ranking/,https://ayumilove.net/raid-shadow-legends-paragon-skill-mastery-equip-guide/,https://ayumilove.net/files/games/raid_shadow_legends/champion/Paragon.jpg,data/raw/pages/raid_shadow_legends_paragon_skill_mastery_equip_guide.html,data/raw/images/paragon_29c1c99a21.jpg,data/processed/icons/paragon.png,data/processed/debug/paragon_crop_debug.jpg,"14,378,197,532",48,64
pathfinder_cait,Pathfinder Cait,C,SY-RAM,SY,Sylvan Watchers,R,Rare,A,Attack,M,Magic,842,https://ayumilove.net/raid-shadow-legends-list-of-champions-by-ranking/,https://ayumilove.net/raid-shadow-legends-pathfinder-cait-skill-mastery-equip-guide/,https://ayumilove.net/files/games/raid_shadow_legends/champion/Pathfinder_Cait.jpg,data/raw/pages/raid_shadow_legends_pathfinder_cait_skill_mastery_equip_guide.html,data/raw/images/pathfinder_cait_d21049d4dd.jpg,data/processed/icons/pathfinder_cait.png,data/processed/debug/pathfinder_cait_crop_debug.jpg,"14,378,197,532",48,64
pelagus_the_wavewalker,Pelagus the Wavewalker,B,AR-LSS,AR,Argonites,L,Legendary,S,Support,S,Spirit,362,https://ayumilove.net/raid-shadow-legends-list-of-champions-by-ranking/,https://ayumilove.net/raid-shadow-legends-pelagus-the-wavewalker-skill-mastery-equip-guide/,https://ayumilove.net/files/games/raid_shadow_legends/champion/Pelagus_the_Wavewalker.jpg,data/raw/pages/raid_shadow_legends_pelagus_the_wavewalker_skill_mastery_equip_guide.html,data/raw/images/pelagus_the_wavewalker_7a5ee5e951.jpg,data/processed/icons/pelagus_the_wavewalker.png,data/processed/debug/pelagus_the_wavewalker_crop_debug.jpg,"14,378,197,532",48,64
pelops_the_victor,Pelops the Victor,A,AR-LHS,AR,Argonites,L,Legendary,H,HP,S,Spirit,229,https://ayumilove.net/raid-shadow-legends-list-of-champions-by-ranking/,https://ayumilove.net/raid-shadow-legends-pelops-the-victor-skill-mastery-equip-guide/,https://ayumilove.net/files/games/raid_shadow_legends/champion/Pelops_the_Victor.jpg,data/raw/pages/raid_shadow_legends_pelops_the_victor_skill_mastery_equip_guide.html,data/raw/images/pelops_the_victor_6ee5755ec3.jpg,data/processed/icons/pelops_the_victor.png,data/processed/debug/pelops_the_victor_crop_debug.jpg,"14,378,197,532",48,64
penitent,Penitent,B,SO-RDS,SO,The Sacred Order,R,Rare,D,Defense,S,Spirit,760,https://ayumilove.net/raid-shadow-legends-list-of-champions-by-ranking/,https://ayumilove.net/raid-shadow-legends-penitent-skill-mastery-equip-guide/,https://ayumilove.net/files/games/raid_shadow_legends/champion/Penitent.jpg,data/raw/pages/raid_shadow_legends_penitent_skill_mastery_equip_guide.html,data/raw/images/penitent_a9fba12d4b.jpg,data/processed/icons/penitent.png,data/processed/debug/penitent_crop_debug.jpg,"14,378,197,532",48,64
perforator,Perforator,F,DW-RAF,DW,Dwarves,R,Rare,A,Attack,F,Force,910,https://ayumilove.net/raid-shadow-legends-list-of-champions-by-ranking/,https://ayumilove.net/raid-shadow-legends-perforator-skill-mastery-equip-guide/,https://ayumilove.net/files/games/raid_shadow_legends/champion/Perforator.jpg,data/raw/pages/raid_shadow_legends_perforator_skill_mastery_equip_guide.html,data/raw/images/perforator_a3cb5d9867.jpg,data/processed/icons/perforator.png,data/processed/debug/perforator_crop_debug.jpg,"14,378,197,532",48,64
pestilus,Pestilus,A,KR-ESS,KR,Knights Revenant,E,Epic,S,Support,S,Spirit,462,https://ayumilove.net/raid-shadow-legends-list-of-champions-by-ranking/,https://ayumilove.net/raid-shadow-legends-pestilus-skill-mastery-equip-guide/,https://ayumilove.net/files/games/raid_shadow_legends/champion/Pestilus.jpg,data/raw/pages/raid_shadow_legends_pestilus_skill_mastery_equip_guide.html,data/raw/images/pestilus_20a2dab3f5.jpg,data/processed/icons/pestilus.png,data/processed/debug/pestilus_crop_debug.jpg,"14,378,197,532",48,64
petrifya_rockroot,Petrifya Rockroot,C,DS-RAM,DS,Demonspawn,R,Rare,A,Attack,M,Magic,843,https://ayumilove.net/raid-shadow-legends-list-of-champions-by-ranking/,https://ayumilove.net/raid-shadow-legends-petrifya-rockroot-skill-mastery-equip-guide/,https://ayumilove.net/files/games/raid_shadow_legends/champion/Petrifya_Rockroot.jpg,data/raw/pages/raid_shadow_legends_petrifya_rockroot_skill_mastery_equip_guide.html,data/raw/images/petrifya_rockroot_9494a9b779.jpg,data/processed/icons/petrifya_rockroot.png,data/processed/debug/petrifya_rockroot_crop_debug.jpg,"14,378,197,532",48,64
peydma,Peydma,S,DS-EDV,DS,Demonspawn,E,Epic,D,Defense,V,Void,423,https://ayumilove.net/raid-shadow-legends-list-of-champions-by-ranking/,https://ayumilove.net/raid-shadow-legends-peydma-skill-mastery-equip-guide/,https://ayumilove.net/files/games/raid_shadow_legends/champion/Peydma.jpg,data/raw/pages/raid_shadow_legends_peydma_skill_mastery_equip_guide.html,data/raw/images/peydma_f969974f1c.jpg,data/processed/icons/peydma.png,data/processed/debug/peydma_crop_debug.jpg,"14,378,197,532",48,64
pharsalas_gravedirt,Pharsalas Gravedirt,B,KR-EDM,KR,Knights Revenant,E,Epic,D,Defense,M,Magic,590,https://ayumilove.net/raid-shadow-legends-list-of-champions-by-ranking/,https://ayumilove.net/raid-shadow-legends-pharsalas-gravedirt-skill-mastery-equip-guide/,https://ayumilove.net/files/games/raid_shadow_legends/champion/Pharsalas_Gravedirt.jpg,data/raw/pages/raid_shadow_legends_pharsalas_gravedirt_skill_mastery_equip_guide.html,data/raw/images/pharsalas_gravedirt_b4e56b15af.jpg,data/processed/icons/pharsalas_gravedirt.png,data/processed/debug/pharsalas_gravedirt_crop_debug.jpg,"14,378,197,532",48,64
pheidi_tealcrest,Pheidi Tealcrest,A,LZ-LSV,LZ,Lizardmen,L,Legendary,S,Support,V,Void,230,https://ayumilove.net/raid-shadow-legends-list-of-champions-by-ranking/,https://ayumilove.net/raid-shadow-legends-pheidi-tealcrest-skill-mastery-equip-guide/,https://ayumilove.net/files/games/raid_shadow_legends/champion/Pheidi_Tealcrest.jpg,data/raw/pages/raid_shadow_legends_pheidi_tealcrest_skill_mastery_equip_guide.html,data/raw/images/pheidi_tealcrest_47b2b6cd11.jpg,data/processed/icons/pheidi_tealcrest.png,data/processed/debug/pheidi_tealcrest_crop_debug.jpg,"14,378,197,532",48,64
phemo_the_shepherd,Phemo the Shepherd,A,AR-LDM,AR,Argonites,L,Legendary,D,Defense,M,Magic,231,https://ayumilove.net/raid-shadow-legends-list-of-champions-by-ranking/,https://ayumilove.net/raid-shadow-legends-phemo-the-shepherd-skill-mastery-equip-guide/,https://ayumilove.net/files/games/raid_shadow_legends/champion/Phemo_the_Shepherd.jpg,data/raw/pages/raid_shadow_legends_phemo_the_shepherd_skill_mastery_equip_guide.html,data/raw/images/phemo_the_shepherd_f93675e856.jpg,data/processed/icons/phemo_the_shepherd.png,data/processed/debug/phemo_the_shepherd_crop_debug.jpg,"14,378,197,532",48,64
phranox,Phranox,B,KR-EAS,KR,Knights Revenant,E,Epic,A,Attack,S,Spirit,591,https://ayumilove.net/raid-shadow-legends-list-of-champions-by-ranking/,https://ayumilove.net/raid-shadow-legends-phranox-skill-mastery-equip-guide/,https://ayumilove.net/files/games/raid_shadow_legends/champion/Phranox.jpg,data/raw/pages/raid_shadow_legends_phranox_skill_mastery_equip_guide.html,data/raw/images/phranox_bfe3126167.jpg,data/processed/icons/phranox.png,data/processed/debug/phranox_crop_debug.jpg,"14,378,197,532",48,64
pigsticker,Pigsticker,C,OR-RAM,OR,Orcs,R,Rare,A,Attack,M,Magic,844,https://ayumilove.net/raid-shadow-legends-list-of-champions-by-ranking/,https://ayumilove.net/raid-shadow-legends-pigsticker-skill-mastery-equip-guide/,https://ayumilove.net/files/games/raid_shadow_legends/champion/Pigsticker.jpg,data/raw/pages/raid_shadow_legends_pigsticker_skill_mastery_equip_guide.html,data/raw/images/pigsticker_c3ddc6298b.jpg,data/processed/icons/pigsticker.png,data/processed/debug/pigsticker_crop_debug.jpg,"14,378,197,532",48,64
pikeman,Pikeman,B,BL-CDM,BL,Banner Lords,C,Common,D,Defense,M,Magic,1006,https://ayumilove.net/raid-shadow-legends-list-of-champions-by-ranking/,https://ayumilove.net/raid-shadow-legends-pikeman-skill-mastery-equip-guide/,https://ayumilove.net/files/games/raid_shadow_legends/champion/Pikeman.jpg,data/raw/pages/raid_shadow_legends_pikeman_skill_mastery_equip_guide.html,data/raw/images/pikeman_1ab5414cad.jpg,data/processed/icons/pikeman.png,data/processed/debug/pikeman_crop_debug.jpg,"14,378,197,532",48,64
pilgrim,Pilgrim,A,SO-USF,SO,The Sacred Order,U,Uncommon,S,Support,F,Force,945,https://ayumilove.net/raid-shadow-legends-list-of-champions-by-ranking/,https://ayumilove.net/raid-shadow-legends-pilgrim-skill-mastery-equip-guide/,https://ayumilove.net/files/games/raid_shadow_legends/champion/Pilgrim.jpg,data/raw/pages/raid_shadow_legends_pilgrim_skill_mastery_equip_guide.html,data/raw/images/pilgrim_f25592bfcd.jpg,data/processed/icons/pilgrim.png,data/processed/debug/pilgrim_crop_debug.jpg,"14,378,197,532",48,64
pit_cur,Pit Cur,F,DS-UHF,DS,Demonspawn,U,Uncommon,H,HP,F,Force,994,https://ayumilove.net/raid-shadow-legends-list-of-champions-by-ranking/,https://ayumilove.net/raid-shadow-legends-pit-cur-skill-mastery-equip-guide/,https://ayumilove.net/files/games/raid_shadow_legends/champion/Pit_Cur.jpg,data/raw/pages/raid_shadow_legends_pit_cur_skill_mastery_equip_guide.html,data/raw/images/pit_cur_38a83f20bb.jpg,data/processed/icons/pit_cur.png,data/processed/debug/pit_cur_crop_debug.jpg,"14,378,197,532",48,64
pit_fighter,Pit Fighter,C,BA-UHF,BA,Barbarians,U,Uncommon,H,HP,F,Force,977,https://ayumilove.net/raid-shadow-legends-list-of-champions-by-ranking/,https://ayumilove.net/raid-shadow-legends-pit-fighter-skill-mastery-equip-guide/,https://ayumilove.net/files/games/raid_shadow_legends/champion/Pit_Fighter.jpg,data/raw/pages/raid_shadow_legends_pit_fighter_skill_mastery_equip_guide.html,data/raw/images/pit_fighter_80772a7c3c.jpg,data/processed/icons/pit_fighter.png,data/processed/debug/pit_fighter_crop_debug.jpg,"14,378,197,532",48,64
pitiless_one,Pitiless One,B,KR-EAM,KR,Knights Revenant,E,Epic,A,Attack,M,Magic,592,https://ayumilove.net/raid-shadow-legends-list-of-champions-by-ranking/,https://ayumilove.net/raid-shadow-legends-pitiless-one-skill-mastery-equip-guide/,https://ayumilove.net/files/games/raid_shadow_legends/champion/Pitiless_One.jpg,data/raw/pages/raid_shadow_legends_pitiless_one_skill_mastery_equip_guide.html,data/raw/images/pitiless_one_4703684e51.jpg,data/processed/icons/pitiless_one.png,data/processed/debug/pitiless_one_crop_debug.jpg,"14,378,197,532",48,64
pitspawn,Pitspawn,C,DS-UDS,DS,Demonspawn,U,Uncommon,D,Defense,S,Spirit,978,https://ayumilove.net/raid-shadow-legends-list-of-champions-by-ranking/,https://ayumilove.net/raid-shadow-legends-pitspawn-skill-mastery-equip-guide/,https://ayumilove.net/files/games/raid_shadow_legends/champion/Pitspawn.jpg,data/raw/pages/raid_shadow_legends_pitspawn_skill_mastery_equip_guide.html,data/raw/images/pitspawn_01ca710459.jpg,data/processed/icons/pitspawn.png,data/processed/debug/pitspawn_crop_debug.jpg,"14,378,197,532",48,64
polara_fireheart,Polara Fireheart,B,SO-MAF,SO,The Sacred Order,M,Mythical,A,Attack,F,Force,28,https://ayumilove.net/raid-shadow-legends-list-of-champions-by-ranking/,https://ayumilove.net/raid-shadow-legends-polara-fireheart-skill-mastery-equip-guide/,https://ayumilove.net/files/games/raid_shadow_legends/champion/Polara_Fireheart.jpg,data/raw/pages/raid_shadow_legends_polara_fireheart_skill_mastery_equip_guide.html,data/raw/images/polara_fireheart_c96ea99f8f.jpg,data/processed/icons/polara_fireheart.png,data/processed/debug/polara_fireheart_crop_debug.jpg,"14,378,197,532",48,64
pontiff_augustin,Pontiff Augustin,A,KR-LSV,KR,Knights Revenant,L,Legendary,S,Support,V,Void,232,https://ayumilove.net/raid-shadow-legends-list-of-champions-by-ranking/,https://ayumilove.net/raid-shadow-legends-pontiff-augustin-skill-mastery-equip-guide/,https://ayumilove.net/files/games/raid_shadow_legends/champion/Pontiff_Augustin.jpg,data/raw/pages/raid_shadow_legends_pontiff_augustin_skill_mastery_equip_guide.html,data/raw/images/pontiff_augustin_3dcf484870.jpg,data/processed/icons/pontiff_augustin.png,data/processed/debug/pontiff_augustin_crop_debug.jpg,"14,378,197,532",48,64
pounder,Pounder,C,OT-RDM,OT,Ogryn Tribes,R,Rare,D,Defense,M,Magic,845,https://ayumilove.net/raid-shadow-legends-list-of-champions-by-ranking/,https://ayumilove.net/raid-shadow-legends-pounder-skill-mastery-equip-guide/,https://ayumilove.net/files/games/raid_shadow_legends/champion/Pounder.jpg,data/raw/pages/raid_shadow_legends_pounder_skill_mastery_equip_guide.html,data/raw/images/pounder_c45e926ebf.jpg,data/processed/icons/pounder.png,data/processed/debug/pounder_crop_debug.jpg,"14,378,197,532",48,64
praeva_the_slitherer,Praeva the Slitherer,A,DS-LSF,DS,Demonspawn,L,Legendary,S,Support,F,Force,233,https://ayumilove.net/raid-shadow-legends-list-of-champions-by-ranking/,https://ayumilove.net/raid-shadow-legends-praeva-the-slitherer-skill-mastery-equip-guide/,https://ayumilove.net/files/games/raid_shadow_legends/champion/Praeva_the_Slitherer.jpg,data/raw/pages/raid_shadow_legends_praeva_the_slitherer_skill_mastery_equip_guide.html,data/raw/images/praeva_the_slitherer_db2abc1d7d.jpg,data/processed/icons/praeva_the_slitherer.png,data/processed/debug/praeva_the_slitherer_crop_debug.jpg,"14,378,197,532",48,64
preacher,Preacher,F,SO-CHF,SO,The Sacred Order,C,Common,H,HP,F,Force,1016,https://ayumilove.net/raid-shadow-legends-list-of-champions-by-ranking/,https://ayumilove.net/raid-shadow-legends-preacher-skill-mastery-equip-guide/,https://ayumilove.net/files/games/raid_shadow_legends/champion/Preacher.jpg,data/raw/pages/raid_shadow_legends_preacher_skill_mastery_equip_guide.html,data/raw/images/preacher_dcee6c400a.jpg,data/processed/icons/preacher.png,data/processed/debug/preacher_crop_debug.jpg,"14,378,197,532",48,64
predator,Predator,B,LZ-LHF,LZ,Lizardmen,L,Legendary,H,HP,F,Force,363,https://ayumilove.net/raid-shadow-legends-list-of-champions-by-ranking/,https://ayumilove.net/raid-shadow-legends-predator-skill-mastery-equip-guide/,https://ayumilove.net/files/games/raid_shadow_legends/champion/Predator.jpg,data/raw/pages/raid_shadow_legends_predator_skill_mastery_equip_guide.html,data/raw/images/predator_704c6698b2.jpg,data/processed/icons/predator.png,data/processed/debug/predator_crop_debug.jpg,"14,378,197,532",48,64
preserver,Preserver,C,BL-RDF,BL,Banner Lords,R,Rare,D,Defense,F,Force,846,https://ayumilove.net/raid-shadow-legends-list-of-champions-by-ranking/,https://ayumilove.net/raid-shadow-legends-preserver-skill-mastery-equip-guide/,https://ayumilove.net/files/games/raid_shadow_legends/champion/Preserver.jpg,data/raw/pages/raid_shadow_legends_preserver_skill_mastery_equip_guide.html,data/raw/images/preserver_1900d93f40.jpg,data/processed/icons/preserver.png,data/processed/debug/preserver_crop_debug.jpg,"14,378,197,532",48,64
prince_kymar,Prince Kymar,S,DS-LSM,DS,Demonspawn,L,Legendary,S,Support,M,Magic,85,https://ayumilove.net/raid-shadow-legends-list-of-champions-by-ranking/,https://ayumilove.net/raid-shadow-legends-prince-kymar-skill-mastery-equip-guide/,https://ayumilove.net/files/games/raid_shadow_legends/champion/Prince_Kymar.jpg,data/raw/pages/raid_shadow_legends_prince_kymar_skill_mastery_equip_guide.html,data/raw/images/prince_kymar_5ef0c5663a.jpg,data/processed/icons/prince_kymar.png,data/processed/debug/prince_kymar_crop_debug.jpg,"14,378,197,532",48,64
prosecutor,Prosecutor,C,HE-RAS,HE,High Elves,R,Rare,A,Attack,S,Spirit,847,https://ayumilove.net/raid-shadow-legends-list-of-champions-by-ranking/,https://ayumilove.net/raid-shadow-legends-prosecutor-skill-mastery-equip-guide/,https://ayumilove.net/files/games/raid_shadow_legends/champion/Prosecutor.jpg,data/raw/pages/raid_shadow_legends_prosecutor_skill_mastery_equip_guide.html,data/raw/images/prosecutor_a5d6051048.jpg,data/processed/icons/prosecutor.png,data/processed/debug/prosecutor_crop_debug.jpg,"14,378,197,532",48,64
prundar,Prundar,B,OT-EDV,OT,Ogryn Tribes,E,Epic,D,Defense,V,Void,593,https://ayumilove.net/raid-shadow-legends-list-of-champions-by-ranking/,https://ayumilove.net/raid-shadow-legends-prundar-skill-mastery-equip-guide/,https://ayumilove.net/files/games/raid_shadow_legends/champion/Prundar.jpg,data/raw/pages/raid_shadow_legends_prundar_skill_mastery_equip_guide.html,data/raw/images/prundar_86a0c3737a.jpg,data/processed/icons/prundar.png,data/processed/debug/prundar_crop_debug.jpg,"14,378,197,532",48,64
psylar,Psylar,S,DE-ESV,DE,Dark Elves,E,Epic,S,Support,V,Void,424,https://ayumilove.net/raid-shadow-legends-list-of-champions-by-ranking/,https://ayumilove.net/raid-shadow-legends-psylar-skill-mastery-equip-guide/,https://ayumilove.net/files/games/raid_shadow_legends/champion/Psylar.jpg,data/raw/pages/raid_shadow_legends_psylar_skill_mastery_equip_guide.html,data/raw/images/psylar_066b162253.jpg,data/processed/icons/psylar.png,data/processed/debug/psylar_crop_debug.jpg,"14,378,197,532",48,64
purgator,Purgator,B,SO-RAM,SO,The Sacred Order,R,Rare,A,Attack,M,Magic,761,https://ayumilove.net/raid-shadow-legends-list-of-champions-by-ranking/,https://ayumilove.net/raid-shadow-legends-purgator-skill-mastery-equip-guide/,https://ayumilove.net/files/games/raid_shadow_legends/champion/Purgator.jpg,data/raw/pages/raid_shadow_legends_purgator_skill_mastery_equip_guide.html,data/raw/images/purgator_ada355014a.jpg,data/processed/icons/purgator.png,data/processed/debug/purgator_crop_debug.jpg,"14,378,197,532",48,64
pythion,Pythion,S,LZ-LSF,LZ,Lizardmen,L,Legendary,S,Support,F,Force,86,https://ayumilove.net/raid-shadow-legends-list-of-champions-by-ranking/,https://ayumilove.net/raid-shadow-legends-pythion-skill-mastery-equip-guide/,https://ayumilove.net/files/games/raid_shadow_legends/champion/Pythion.jpg,data/raw/pages/raid_shadow_legends_pythion_skill_mastery_equip_guide.html,data/raw/images/pythion_230efec226.jpg,data/processed/icons/pythion.png,data/processed/debug/pythion_crop_debug.jpg,"14,378,197,532",48,64
pyxniel,Pyxniel,B,HE-LSM,HE,High Elves,L,Legendary,S,Support,M,Magic,364,https://ayumilove.net/raid-shadow-legends-list-of-champions-by-ranking/,https://ayumilove.net/raid-shadow-legends-pyxniel-skill-mastery-equip-guide/,https://ayumilove.net/files/games/raid_shadow_legends/champion/Pyxniel.jpg,data/raw/pages/raid_shadow_legends_pyxniel_skill_mastery_equip_guide.html,data/raw/images/pyxniel_fa3cd91c72.jpg,data/processed/icons/pyxniel.png,data/processed/debug/pyxniel_crop_debug.jpg,"14,378,197,532",48,64
quaestor,Quaestor,F,BL-RAF,BL,Banner Lords,R,Rare,A,Attack,F,Force,911,https://ayumilove.net/raid-shadow-legends-list-of-champions-by-ranking/,https://ayumilove.net/raid-shadow-legends-quaestor-skill-mastery-equip-guide/,https://ayumilove.net/files/games/raid_shadow_legends/champion/Quaestor.jpg,data/raw/pages/raid_shadow_legends_quaestor_skill_mastery_equip_guide.html,data/raw/images/quaestor_a1b15c4d1b.jpg,data/processed/icons/quaestor.png,data/processed/debug/quaestor_crop_debug.jpg,"14,378,197,532",48,64
quargan_the_crowned,Quargan the Crowned,A,LZ-ESS,LZ,Lizardmen,E,Epic,S,Support,S,Spirit,463,https://ayumilove.net/raid-shadow-legends-list-of-champions-by-ranking/,https://ayumilove.net/raid-shadow-legends-quargan-the-crowned-skill-mastery-equip-guide/,https://ayumilove.net/files/games/raid_shadow_legends/champion/Quargan_the_Crowned.jpg,data/raw/pages/raid_shadow_legends_quargan_the_crowned_skill_mastery_equip_guide.html,data/raw/images/quargan_the_crowned_63d942caac.jpg,data/processed/icons/quargan_the_crowned.png,data/processed/debug/quargan_the_crowned_crop_debug.jpg,"14,378,197,532",48,64
queen_eva,Queen Eva,A,DE-LAS,DE,Dark Elves,L,Legendary,A,Attack,S,Spirit,234,https://ayumilove.net/raid-shadow-legends-list-of-champions-by-ranking/,https://ayumilove.net/raid-shadow-legends-queen-eva-skill-mastery-equip-guide/,https://ayumilove.net/files/games/raid_shadow_legends/champion/Queen_Eva.jpg,data/raw/pages/raid_shadow_legends_queen_eva_skill_mastery_equip_guide.html,data/raw/images/queen_eva_ed32cdd393.jpg,data/processed/icons/queen_eva.png,data/processed/debug/queen_eva_crop_debug.jpg,"14,378,197,532",48,64
queen_of_hearts,Queen of Hearts,S,KR-LSV,KR,Knights Revenant,L,Legendary,S,Support,V,Void,87,https://ayumilove.net/raid-shadow-legends-list-of-champions-by-ranking/,https://ayumilove.net/raid-shadow-legends-queen-of-hearts-skill-mastery-equip-guide/,https://ayumilove.net/files/games/raid_shadow_legends/champion/Queen_of_Hearts.jpg,data/raw/pages/raid_shadow_legends_queen_of_hearts_skill_mastery_equip_guide.html,data/raw/images/queen_of_hearts_fbfd204def.jpg,data/processed/icons/queen_of_hearts.png,data/processed/debug/queen_of_hearts_crop_debug.jpg,"14,378,197,532",48,64
quintus_the_triumphant,Quintus the Triumphant,A,BL-LAV,BL,Banner Lords,L,Legendary,A,Attack,V,Void,235,https://ayumilove.net/raid-shadow-legends-list-of-champions-by-ranking/,https://ayumilove.net/raid-shadow-legends-quintus-the-triumphant-skill-mastery-equip-guide/,https://ayumilove.net/files/games/raid_shadow_legends/champion/Quintus_the_Triumphant.jpg,data/raw/pages/raid_shadow_legends_quintus_the_triumphant_skill_mastery_equip_guide.html,data/raw/images/quintus_the_triumphant_b502f37a76.jpg,data/processed/icons/quintus_the_triumphant.png,data/processed/debug/quintus_the_triumphant_crop_debug.jpg,"14,378,197,532",48,64
rae,Rae,A,DE-LAM,DE,Dark Elves,L,Legendary,A,Attack,M,Magic,236,https://ayumilove.net/raid-shadow-legends-list-of-champions-by-ranking/,https://ayumilove.net/raid-shadow-legends-rae-skill-mastery-equip-guide/,https://ayumilove.net/files/games/raid_shadow_legends/champion/Rae.jpg,data/raw/pages/raid_shadow_legends_rae_skill_mastery_equip_guide.html,data/raw/images/rae_7de86af361.jpg,data/processed/icons/rae.png,data/processed/debug/rae_crop_debug.jpg,"14,378,197,532",48,64
raf_matab,Raf-Matab,C,BA-LHS,BA,Barbarians,L,Legendary,H,HP,S,Spirit,406,https://ayumilove.net/raid-shadow-legends-list-of-champions-by-ranking/,https://ayumilove.net/raid-shadow-legends-raf-matab-skill-mastery-equip-guide/,https://ayumilove.net/files/games/raid_shadow_legends/champion/Raf_Matab.jpg,data/raw/pages/raid_shadow_legends_raf_matab_skill_mastery_equip_guide.html,data/raw/images/raf_matab_3adf7b77df.jpg,data/processed/icons/raf_matab.png,data/processed/debug/raf_matab_crop_debug.jpg,"14,378,197,532",48,64
ragash,Ragash,A,SW-LDS,SW,Skinwalkers,L,Legendary,D,Defense,S,Spirit,237,https://ayumilove.net/raid-shadow-legends-list-of-champions-by-ranking/,https://ayumilove.net/raid-shadow-legends-ragash-skill-mastery-equip-guide/,https://ayumilove.net/files/games/raid_shadow_legends/champion/Ragash.jpg,data/raw/pages/raid_shadow_legends_ragash_skill_mastery_equip_guide.html,data/raw/images/ragash_e5f394cda1.jpg,data/processed/icons/ragash.png,data/processed/debug/ragash_crop_debug.jpg,"14,378,197,532",48,64
ragemonger,Ragemonger,F,BA-RAV,BA,Barbarians,R,Rare,A,Attack,V,Void,912,https://ayumilove.net/raid-shadow-legends-list-of-champions-by-ranking/,https://ayumilove.net/raid-shadow-legends-ragemonger-skill-mastery-equip-guide/,https://ayumilove.net/files/games/raid_shadow_legends/champion/Ragemonger.jpg,data/raw/pages/raid_shadow_legends_ragemonger_skill_mastery_equip_guide.html,data/raw/images/ragemonger_a0c45acd5b.jpg,data/processed/icons/ragemonger.png,data/processed/debug/ragemonger_crop_debug.jpg,"14,378,197,532",48,64
raglin,Raglin,A,BL-LSV,BL,Banner Lords,L,Legendary,S,Support,V,Void,238,https://ayumilove.net/raid-shadow-legends-list-of-champions-by-ranking/,https://ayumilove.net/raid-shadow-legends-raglin-skill-mastery-equip-guide/,https://ayumilove.net/files/games/raid_shadow_legends/champion/Raglin.jpg,data/raw/pages/raid_shadow_legends_raglin_skill_mastery_equip_guide.html,data/raw/images/raglin_9be197729e.jpg,data/processed/icons/raglin.png,data/processed/debug/raglin_crop_debug.jpg,"14,378,197,532",48,64
raider,Raider,C,OR-RAS,OR,Orcs,R,Rare,A,Attack,S,Spirit,848,https://ayumilove.net/raid-shadow-legends-list-of-champions-by-ranking/,https://ayumilove.net/raid-shadow-legends-raider-skill-mastery-equip-guide/,https://ayumilove.net/files/games/raid_shadow_legends/champion/Raider.jpg,data/raw/pages/raid_shadow_legends_raider_skill_mastery_equip_guide.html,data/raw/images/raider_4aea80c0c6.jpg,data/processed/icons/raider.png,data/processed/debug/raider_crop_debug.jpg,"14,378,197,532",48,64
rakka_viletide,Rakka Viletide,B,OR-LSV,OR,Orcs,L,Legendary,S,Support,V,Void,365,https://ayumilove.net/raid-shadow-legends-list-of-champions-by-ranking/,https://ayumilove.net/raid-shadow-legends-rakka-viletide-skill-mastery-equip-guide/,https://ayumilove.net/files/games/raid_shadow_legends/champion/Rakka_Viletide.jpg,data/raw/pages/raid_shadow_legends_rakka_viletide_skill_mastery_equip_guide.html,data/raw/images/rakka_viletide_d7d7f2d07d.jpg,data/processed/icons/rakka_viletide.png,data/processed/debug/rakka_viletide_crop_debug.jpg,"14,378,197,532",48,64
ramantu_drakesblood,Ramantu Drakesblood,A,LZ-LAV,LZ,Lizardmen,L,Legendary,A,Attack,V,Void,239,https://ayumilove.net/raid-shadow-legends-list-of-champions-by-ranking/,https://ayumilove.net/raid-shadow-legends-ramantu-drakesblood-skill-mastery-equip-guide/,https://ayumilove.net/files/games/raid_shadow_legends/champion/Ramantu_Drakesblood.jpg,data/raw/pages/raid_shadow_legends_ramantu_drakesblood_skill_mastery_equip_guide.html,data/raw/images/ramantu_drakesblood_5eb1cbcb28.jpg,data/processed/icons/ramantu_drakesblood.png,data/processed/debug/ramantu_drakesblood_crop_debug.jpg,"14,378,197,532",48,64
ranger,Ranger,F,DE-CAF,DE,Dark Elves,C,Common,A,Attack,F,Force,1017,https://ayumilove.net/raid-shadow-legends-list-of-champions-by-ranking/,https://ayumilove.net/raid-shadow-legends-ranger-skill-mastery-equip-guide/,https://ayumilove.net/files/games/raid_shadow_legends/champion/Ranger.jpg,data/raw/pages/raid_shadow_legends_ranger_skill_mastery_equip_guide.html,data/raw/images/ranger_6603e8a6e1.jpg,data/processed/icons/ranger.png,data/processed/debug/ranger_crop_debug.jpg,"14,378,197,532",48,64
raphael,Raphael,A,BA-LAF,BA,Barbarians,L,Legendary,A,Attack,F,Force,240,https://ayumilove.net/raid-shadow-legends-list-of-champions-by-ranking/,https://ayumilove.net/raid-shadow-legends-raphael-skill-mastery-equip-guide/,https://ayumilove.net/files/games/raid_shadow_legends/champion/Raphael.jpg,data/raw/pages/raid_shadow_legends_raphael_skill_mastery_equip_guide.html,data/raw/images/raphael_c1e5341865.jpg,data/processed/icons/raphael.png,data/processed/debug/raphael_crop_debug.jpg,"14,378,197,532",48,64
rathalos_blademaster,Rathalos Blademaster,S,BL-LAF,BL,Banner Lords,L,Legendary,A,Attack,F,Force,89,https://ayumilove.net/raid-shadow-legends-list-of-champions-by-ranking/,https://ayumilove.net/raid-shadow-legends-rathalos-blademaster-skill-mastery-equip-guide/,https://ayumilove.net/files/games/raid_shadow_legends/champion/Rathalos_Blademaster.jpg,data/raw/pages/raid_shadow_legends_rathalos_blademaster_skill_mastery_equip_guide.html,data/raw/images/rathalos_blademaster_c2d662002d.jpg,data/processed/icons/rathalos_blademaster.png,data/processed/debug/rathalos_blademaster_crop_debug.jpg,"14,378,197,532",48,64
razelvarg,Razelvarg,A,SW-LAM,SW,Skinwalkers,L,Legendary,A,Attack,M,Magic,241,https://ayumilove.net/raid-shadow-legends-list-of-champions-by-ranking/,https://ayumilove.net/raid-shadow-legends-razelvarg-skill-mastery-equip-guide/,https://ayumilove.net/files/games/raid_shadow_legends/champion/Razelvarg.jpg,data/raw/pages/raid_shadow_legends_razelvarg_skill_mastery_equip_guide.html,data/raw/images/razelvarg_05b781c21f.jpg,data/processed/icons/razelvarg.png,data/processed/debug/razelvarg_crop_debug.jpg,"14,378,197,532",48,64
rearguard_sergeant,Rearguard Sergeant,A,DW-EDF,DW,Dwarves,E,Epic,D,Defense,F,Force,464,https://ayumilove.net/raid-shadow-legends-list-of-champions-by-ranking/,https://ayumilove.net/raid-shadow-legends-rearguard-sergeant-skill-mastery-equip-guide/,https://ayumilove.net/files/games/raid_shadow_legends/champion/Rearguard_Sergeant.jpg,data/raw/pages/raid_shadow_legends_rearguard_sergeant_skill_mastery_equip_guide.html,data/raw/images/rearguard_sergeant_4f01f995cf.jpg,data/processed/icons/rearguard_sergeant.png,data/processed/debug/rearguard_sergeant_crop_debug.jpg,"14,378,197,532",48,64
rector_drath,Rector Drath,S,KR-ESF,KR,Knights Revenant,E,Epic,S,Support,F,Force,425,https://ayumilove.net/raid-shadow-legends-list-of-champions-by-ranking/,https://ayumilove.net/raid-shadow-legends-rector-drath-skill-mastery-equip-guide/,https://ayumilove.net/files/games/raid_shadow_legends/champion/Rector_Drath.jpg,data/raw/pages/raid_shadow_legends_rector_drath_skill_mastery_equip_guide.html,data/raw/images/rector_drath_23658163f3.jpg,data/processed/icons/rector_drath.png,data/processed/debug/rector_drath_crop_debug.jpg,"14,378,197,532",48,64
redcloak_taneko,Redcloak Taneko,C,SK-RDM,SK,Shadowkin,R,Rare,D,Defense,M,Magic,849,https://ayumilove.net/raid-shadow-legends-list-of-champions-by-ranking/,https://ayumilove.net/raid-shadow-legends-redcloak-taneko-skill-mastery-equip-guide/,https://ayumilove.net/files/games/raid_shadow_legends/champion/Redcloak_Taneko.jpg,data/raw/pages/raid_shadow_legends_redcloak_taneko_skill_mastery_equip_guide.html,data/raw/images/redcloak_taneko_5d0fe66cb7.jpg,data/processed/icons/redcloak_taneko.png,data/processed/debug/redcloak_taneko_crop_debug.jpg,"14,378,197,532",48,64
redeemer,Redeemer,C,DE-UAF,DE,Dark Elves,U,Uncommon,A,Attack,F,Force,979,https://ayumilove.net/raid-shadow-legends-list-of-champions-by-ranking/,https://ayumilove.net/raid-shadow-legends-redeemer-skill-mastery-equip-guide/,https://ayumilove.net/files/games/raid_shadow_legends/champion/Redeemer.jpg,data/raw/pages/raid_shadow_legends_redeemer_skill_mastery_equip_guide.html,data/raw/images/redeemer_948dd667a0.jpg,data/processed/icons/redeemer.png,data/processed/debug/redeemer_crop_debug.jpg,"14,378,197,532",48,64
reinbeast,Reinbeast,B,SW-EDF,SW,Skinwalkers,E,Epic,D,Defense,F,Force,594,https://ayumilove.net/raid-shadow-legends-list-of-champions-by-ranking/,https://ayumilove.net/raid-shadow-legends-reinbeast-skill-mastery-equip-guide/,https://ayumilove.net/files/games/raid_shadow_legends/champion/Reinbeast.jpg,data/raw/pages/raid_shadow_legends_reinbeast_skill_mastery_equip_guide.html,data/raw/images/reinbeast_d6ba61e40a.jpg,data/processed/icons/reinbeast.png,data/processed/debug/reinbeast_crop_debug.jpg,"14,378,197,532",48,64
relickeeper,Relickeeper,B,SO-EAF,SO,The Sacred Order,E,Epic,A,Attack,F,Force,595,https://ayumilove.net/raid-shadow-legends-list-of-champions-by-ranking/,https://ayumilove.net/raid-shadow-legends-relickeeper-skill-mastery-equip-guide/,https://ayumilove.net/files/games/raid_shadow_legends/champion/Relickeeper.jpg,data/raw/pages/raid_shadow_legends_relickeeper_skill_mastery_equip_guide.html,data/raw/images/relickeeper_885ff125b5.jpg,data/processed/icons/relickeeper.png,data/processed/debug/relickeeper_crop_debug.jpg,"14,378,197,532",48,64
reliquary_tender,Reliquary Tender,B,HE-RSV,HE,High Elves,R,Rare,S,Support,V,Void,762,https://ayumilove.net/raid-shadow-legends-list-of-champions-by-ranking/,https://ayumilove.net/raid-shadow-legends-reliquary-tender-skill-mastery-equip-guide/,https://ayumilove.net/files/games/raid_shadow_legends/champion/Reliquary_Tender.jpg,data/raw/pages/raid_shadow_legends_reliquary_tender_skill_mastery_equip_guide.html,data/raw/images/reliquary_tender_93451bd73d.jpg,data/processed/icons/reliquary_tender.png,data/processed/debug/reliquary_tender_crop_debug.jpg,"14,378,197,532",48,64
renegade,Renegade,B,KR-RSV,KR,Knights Revenant,R,Rare,S,Support,V,Void,763,https://ayumilove.net/raid-shadow-legends-list-of-champions-by-ranking/,https://ayumilove.net/raid-shadow-legends-renegade-skill-mastery-equip-guide/,https://ayumilove.net/files/games/raid_shadow_legends/champion/Renegade.jpg,data/raw/pages/raid_shadow_legends_renegade_skill_mastery_equip_guide.html,data/raw/images/renegade_11a31b90e2.jpg,data/processed/icons/renegade.png,data/processed/debug/renegade_crop_debug.jpg,"14,378,197,532",48,64
renouncer,Renouncer,F,SO-RAF,SO,The Sacred Order,R,Rare,A,Attack,F,Force,913,https://ayumilove.net/raid-shadow-legends-list-of-champions-by-ranking/,https://ayumilove.net/raid-shadow-legends-renouncer-skill-mastery-equip-guide/,https://ayumilove.net/files/games/raid_shadow_legends/champion/Renouncer.jpg,data/raw/pages/raid_shadow_legends_renouncer_skill_mastery_equip_guide.html,data/raw/images/renouncer_5a5e3485ed.jpg,data/processed/icons/renouncer.png,data/processed/debug/renouncer_crop_debug.jpg,"14,378,197,532",48,64
retainer,Retainer,C,DE-RDV,DE,Dark Elves,R,Rare,D,Defense,V,Void,850,https://ayumilove.net/raid-shadow-legends-list-of-champions-by-ranking/,https://ayumilove.net/raid-shadow-legends-retainer-skill-mastery-equip-guide/,https://ayumilove.net/files/games/raid_shadow_legends/champion/Retainer.jpg,data/raw/pages/raid_shadow_legends_retainer_skill_mastery_equip_guide.html,data/raw/images/retainer_093b6981ea.jpg,data/processed/icons/retainer.png,data/processed/debug/retainer_crop_debug.jpg,"14,378,197,532",48,64
rhazin_scarhide,Rhazin Scarhide,B,LZ-LDF,LZ,Lizardmen,L,Legendary,D,Defense,F,Force,366,https://ayumilove.net/raid-shadow-legends-list-of-champions-by-ranking/,https://ayumilove.net/raid-shadow-legends-rhazin-scarhide-skill-mastery-equip-guide/,https://ayumilove.net/files/games/raid_shadow_legends/champion/Rhazin_Scarhide.jpg,data/raw/pages/raid_shadow_legends_rhazin_scarhide_skill_mastery_equip_guide.html,data/raw/images/rhazin_scarhide_313fbb5e66.jpg,data/processed/icons/rhazin_scarhide.png,data/processed/debug/rhazin_scarhide_crop_debug.jpg,"14,378,197,532",48,64
rian_the_conjurer,Rian the Conjurer,A,DE-ESF,DE,Dark Elves,E,Epic,S,Support,F,Force,465,https://ayumilove.net/raid-shadow-legends-list-of-champions-by-ranking/,https://ayumilove.net/raid-shadow-legends-rian-the-conjurer-skill-mastery-equip-guide/,https://ayumilove.net/files/games/raid_shadow_legends/champion/Rian_the_Conjurer.jpg,data/raw/pages/raid_shadow_legends_rian_the_conjurer_skill_mastery_equip_guide.html,data/raw/images/rian_the_conjurer_27d3e7d7d2.jpg,data/processed/icons/rian_the_conjurer.png,data/processed/debug/rian_the_conjurer_crop_debug.jpg,"14,378,197,532",48,64
richtoff_the_bold,Richtoff the Bold,A,BL-LAS,BL,Banner Lords,L,Legendary,A,Attack,S,Spirit,242,https://ayumilove.net/raid-shadow-legends-list-of-champions-by-ranking/,https://ayumilove.net/raid-shadow-legends-richtoff-the-bold-skill-mastery-equip-guide/,https://ayumilove.net/files/games/raid_shadow_legends/champion/Richtoff_the_Bold.jpg,data/raw/pages/raid_shadow_legends_richtoff_the_bold_skill_mastery_equip_guide.html,data/raw/images/richtoff_the_bold_240d6444af.jpg,data/processed/icons/richtoff_the_bold.png,data/processed/debug/richtoff_the_bold_crop_debug.jpg,"14,378,197,532",48,64
riho_bonespear,Riho Bonespear,S,SK-LSV,SK,Shadowkin,L,Legendary,S,Support,V,Void,90,https://ayumilove.net/raid-shadow-legends-list-of-champions-by-ranking/,https://ayumilove.net/raid-shadow-legends-riho-bonespear-skill-mastery-equip-guide/,https://ayumilove.net/files/games/raid_shadow_legends/champion/Riho_Bonespear.jpg,data/raw/pages/raid_shadow_legends_riho_bonespear_skill_mastery_equip_guide.html,data/raw/images/riho_bonespear_ac2d2e7281.jpg,data/processed/icons/riho_bonespear.png,data/processed/debug/riho_bonespear_crop_debug.jpg,"14,378,197,532",48,64
ripper,Ripper,F,SW-EAF,SW,Skinwalkers,E,Epic,A,Attack,F,Force,699,https://ayumilove.net/raid-shadow-legends-list-of-champions-by-ranking/,https://ayumilove.net/raid-shadow-legends-ripper-skill-mastery-equip-guide/,https://ayumilove.net/files/games/raid_shadow_legends/champion/Ripper.jpg,data/raw/pages/raid_shadow_legends_ripper_skill_mastery_equip_guide.html,data/raw/images/ripper_e24cd05222.jpg,data/processed/icons/ripper.png,data/processed/debug/ripper_crop_debug.jpg,"14,378,197,532",48,64
ripperfist,Ripperfist,C,OR-RAV,OR,Orcs,R,Rare,A,Attack,V,Void,851,https://ayumilove.net/raid-shadow-legends-list-of-champions-by-ranking/,https://ayumilove.net/raid-shadow-legends-ripperfist-skill-mastery-equip-guide/,https://ayumilove.net/files/games/raid_shadow_legends/champion/Ripperfist.jpg,data/raw/pages/raid_shadow_legends_ripperfist_skill_mastery_equip_guide.html,data/raw/images/ripperfist_f7aff5cdad.jpg,data/processed/icons/ripperfist.png,data/processed/debug/ripperfist_crop_debug.jpg,"14,378,197,532",48,64
riscarm,Riscarm,F,BL-RDS,BL,Banner Lords,R,Rare,D,Defense,S,Spirit,914,https://ayumilove.net/raid-shadow-legends-list-of-champions-by-ranking/,https://ayumilove.net/raid-shadow-legends-riscarm-skill-mastery-equip-guide/,https://ayumilove.net/files/games/raid_shadow_legends/champion/Riscarm.jpg,data/raw/pages/raid_shadow_legends_riscarm_skill_mastery_equip_guide.html,data/raw/images/riscarm_a00fe9bbb3.jpg,data/processed/icons/riscarm.png,data/processed/debug/riscarm_crop_debug.jpg,"14,378,197,532",48,64
ritualist,Ritualist,B,BA-UAM,BA,Barbarians,U,Uncommon,A,Attack,M,Magic,956,https://ayumilove.net/raid-shadow-legends-list-of-champions-by-ranking/,https://ayumilove.net/raid-shadow-legends-ritualist-skill-mastery-equip-guide/,https://ayumilove.net/files/games/raid_shadow_legends/champion/Ritualist.jpg,data/raw/pages/raid_shadow_legends_ritualist_skill_mastery_equip_guide.html,data/raw/images/ritualist_5703d44e7d.jpg,data/processed/icons/ritualist.png,data/processed/debug/ritualist_crop_debug.jpg,"14,378,197,532",48,64
robar,Robar,B,OR-LAF,OR,Orcs,L,Legendary,A,Attack,F,Force,367,https://ayumilove.net/raid-shadow-legends-list-of-champions-by-ranking/,https://ayumilove.net/raid-shadow-legends-robar-skill-mastery-equip-guide/,https://ayumilove.net/files/games/raid_shadow_legends/champion/Robar.jpg,data/raw/pages/raid_shadow_legends_robar_skill_mastery_equip_guide.html,data/raw/images/robar_c66114a835.jpg,data/processed/icons/robar.png,data/processed/debug/robar_crop_debug.jpg,"14,378,197,532",48,64
rock_breaker,Rock Breaker,B,DW-EDS,DW,Dwarves,E,Epic,D,Defense,S,Spirit,596,https://ayumilove.net/raid-shadow-legends-list-of-champions-by-ranking/,https://ayumilove.net/raid-shadow-legends-rock-breaker-skill-mastery-equip-guide/,https://ayumilove.net/files/games/raid_shadow_legends/champion/Rock_Breaker.jpg,data/raw/pages/raid_shadow_legends_rock_breaker_skill_mastery_equip_guide.html,data/raw/images/rock_breaker_4d197f378d.jpg,data/processed/icons/rock_breaker.png,data/processed/debug/rock_breaker_crop_debug.jpg,"14,378,197,532",48,64
rockbeast,Rockbeast,F,OT-RHV,OT,Ogryn Tribes,R,Rare,H,HP,V,Void,915,https://ayumilove.net/raid-shadow-legends-list-of-champions-by-ranking/,https://ayumilove.net/raid-shadow-legends-rockbeast-skill-mastery-equip-guide/,https://ayumilove.net/files/games/raid_shadow_legends/champion/Rockbeast.jpg,data/raw/pages/raid_shadow_legends_rockbeast_skill_mastery_equip_guide.html,data/raw/images/rockbeast_1cc570db65.jpg,data/processed/icons/rockbeast.png,data/processed/debug/rockbeast_crop_debug.jpg,"14,378,197,532",48,64
rocktooth,Rocktooth,C,OT-RAM,OT,Ogryn Tribes,R,Rare,A,Attack,M,Magic,852,https://ayumilove.net/raid-shadow-legends-list-of-champions-by-ranking/,https://ayumilove.net/raid-shadow-legends-rocktooth-skill-mastery-equip-guide/,https://ayumilove.net/files/games/raid_shadow_legends/champion/Rocktooth.jpg,data/raw/pages/raid_shadow_legends_rocktooth_skill_mastery_equip_guide.html,data/raw/images/rocktooth_4a417fe6f0.jpg,data/processed/icons/rocktooth.png,data/processed/debug/rocktooth_crop_debug.jpg,"14,378,197,532",48,64
romero,Romero,B,SO-EDF,SO,The Sacred Order,E,Epic,D,Defense,F,Force,597,https://ayumilove.net/raid-shadow-legends-list-of-champions-by-ranking/,https://ayumilove.net/raid-shadow-legends-romero-skill-mastery-equip-guide/,https://ayumilove.net/files/games/raid_shadow_legends/champion/Romero.jpg,data/raw/pages/raid_shadow_legends_romero_skill_mastery_equip_guide.html,data/raw/images/romero_54e5379468.jpg,data/processed/icons/romero.png,data/processed/debug/romero_crop_debug.jpg,"14,378,197,532",48,64
ronda,Ronda,B,BL-LAM,BL,Banner Lords,L,Legendary,A,Attack,M,Magic,368,https://ayumilove.net/raid-shadow-legends-list-of-champions-by-ranking/,https://ayumilove.net/raid-shadow-legends-ronda-skill-mastery-equip-guide/,https://ayumilove.net/files/games/raid_shadow_legends/champion/Ronda.jpg,data/raw/pages/raid_shadow_legends_ronda_skill_mastery_equip_guide.html,data/raw/images/ronda_07814d5ba8.jpg,data/processed/icons/ronda.png,data/processed/debug/ronda_crop_debug.jpg,"14,378,197,532",48,64
roric_wyrmbane,Roric Wyrmbane,A,BA-LAS,BA,Barbarians,L,Legendary,A,Attack,S,Spirit,243,https://ayumilove.net/raid-shadow-legends-list-of-champions-by-ranking/,https://ayumilove.net/raid-shadow-legends-roric-wyrmbane-skill-mastery-equip-guide/,https://ayumilove.net/files/games/raid_shadow_legends/champion/Roric_Wyrmbane.jpg,data/raw/pages/raid_shadow_legends_roric_wyrmbane_skill_mastery_equip_guide.html,data/raw/images/roric_wyrmbane_ead2af0f8d.jpg,data/processed/icons/roric_wyrmbane.png,data/processed/debug/roric_wyrmbane_crop_debug.jpg,"14,378,197,532",48,64
roshcard_the_tower,Roshcard the Tower,B,SO-LHM,SO,The Sacred Order,L,Legendary,H,HP,M,Magic,369,https://ayumilove.net/raid-shadow-legends-list-of-champions-by-ranking/,https://ayumilove.net/raid-shadow-legends-roshcard-the-tower-skill-mastery-equip-guide/,https://ayumilove.net/files/games/raid_shadow_legends/champion/Roshcard_the_Tower.jpg,data/raw/pages/raid_shadow_legends_roshcard_the_tower_skill_mastery_equip_guide.html,data/raw/images/roshcard_the_tower_ee42ee1f9d.jpg,data/processed/icons/roshcard_the_tower.png,data/processed/debug/roshcard_the_tower_crop_debug.jpg,"14,378,197,532",48,64
rotos_the_lost_groom,Rotos the Lost Groom,A,UH-LAM,UH,Undead Hordes,L,Legendary,A,Attack,M,Magic,244,https://ayumilove.net/raid-shadow-legends-list-of-champions-by-ranking/,https://ayumilove.net/raid-shadow-legends-rotos-the-lost-groom-skill-mastery-equip-guide/,https://ayumilove.net/files/games/raid_shadow_legends/champion/Rotos_the_Lost_Groom.jpg,data/raw/pages/raid_shadow_legends_rotos_the_lost_groom_skill_mastery_equip_guide.html,data/raw/images/rotos_the_lost_groom_4a7c9ce7d0.jpg,data/processed/icons/rotos_the_lost_groom.png,data/processed/debug/rotos_the_lost_groom_crop_debug.jpg,"14,378,197,532",48,64
rotting_mage,Rotting Mage,C,UH-RSS,UH,Undead Hordes,R,Rare,S,Support,S,Spirit,853,https://ayumilove.net/raid-shadow-legends-list-of-champions-by-ranking/,https://ayumilove.net/raid-shadow-legends-rotting-mage-skill-mastery-equip-guide/,https://ayumilove.net/files/games/raid_shadow_legends/champion/Rotting_Mage.jpg,data/raw/pages/raid_shadow_legends_rotting_mage_skill_mastery_equip_guide.html,data/raw/images/rotting_mage_d655c72f4e.jpg,data/processed/icons/rotting_mage.png,data/processed/debug/rotting_mage_crop_debug.jpg,"14,378,197,532",48,64
rowan,Rowan,B,BL-EAV,BL,Banner Lords,E,Epic,A,Attack,V,Void,598,https://ayumilove.net/raid-shadow-legends-list-of-champions-by-ranking/,https://ayumilove.net/raid-shadow-legends-rowan-skill-mastery-equip-guide/,https://ayumilove.net/files/games/raid_shadow_legends/champion/Rowan.jpg,data/raw/pages/raid_shadow_legends_rowan_skill_mastery_equip_guide.html,data/raw/images/rowan_a3e9628233.jpg,data/processed/icons/rowan.png,data/processed/debug/rowan_crop_debug.jpg,"14,378,197,532",48,64
roxam,Roxam,A,LZ-LAM,LZ,Lizardmen,L,Legendary,A,Attack,M,Magic,245,https://ayumilove.net/raid-shadow-legends-list-of-champions-by-ranking/,https://ayumilove.net/raid-shadow-legends-roxam-skill-mastery-equip-guide/,https://ayumilove.net/files/games/raid_shadow_legends/champion/Roxam.jpg,data/raw/pages/raid_shadow_legends_roxam_skill_mastery_equip_guide.html,data/raw/images/roxam_645255df7c.jpg,data/processed/icons/roxam.png,data/processed/debug/roxam_crop_debug.jpg,"14,378,197,532",48,64
royal_guard,Royal Guard,A,HE-EAM,HE,High Elves,E,Epic,A,Attack,M,Magic,466,https://ayumilove.net/raid-shadow-legends-list-of-champions-by-ranking/,https://ayumilove.net/raid-shadow-legends-royal-guard-skill-mastery-equip-guide/,https://ayumilove.net/files/games/raid_shadow_legends/champion/Royal_Guard.jpg,data/raw/pages/raid_shadow_legends_royal_guard_skill_mastery_equip_guide.html,data/raw/images/royal_guard_6caf9ab435.jpg,data/processed/icons/royal_guard.png,data/processed/debug/royal_guard_crop_debug.jpg,"14,378,197,532",48,64
royal_huntsman,Royal Huntsman,A,HE-LAS,HE,High Elves,L,Legendary,A,Attack,S,Spirit,246,https://ayumilove.net/raid-shadow-legends-list-of-champions-by-ranking/,https://ayumilove.net/raid-shadow-legends-royal-huntsman-skill-mastery-equip-guide/,https://ayumilove.net/files/games/raid_shadow_legends/champion/Royal_Huntsman.jpg,data/raw/pages/raid_shadow_legends_royal_huntsman_skill_mastery_equip_guide.html,data/raw/images/royal_huntsman_5d579cdee1.jpg,data/processed/icons/royal_huntsman.png,data/processed/debug/royal_huntsman_crop_debug.jpg,"14,378,197,532",48,64
ruel_the_huntmaster,Ruel the Huntmaster,C,DE-LAS,DE,Dark Elves,L,Legendary,A,Attack,S,Spirit,407,https://ayumilove.net/raid-shadow-legends-list-of-champions-by-ranking/,https://ayumilove.net/raid-shadow-legends-ruel-the-huntmaster-skill-mastery-equip-guide/,https://ayumilove.net/files/games/raid_shadow_legends/champion/Ruel_the_Huntmaster.jpg,data/raw/pages/raid_shadow_legends_ruel_the_huntmaster_skill_mastery_equip_guide.html,data/raw/images/ruel_the_huntmaster_726a7c72cd.jpg,data/processed/icons/ruel_the_huntmaster.png,data/processed/debug/ruel_the_huntmaster_crop_debug.jpg,"14,378,197,532",48,64
ruella,Ruella,A,SY-EAS,SY,Sylvan Watchers,E,Epic,A,Attack,S,Spirit,467,https://ayumilove.net/raid-shadow-legends-list-of-champions-by-ranking/,https://ayumilove.net/raid-shadow-legends-ruella-skill-mastery-equip-guide/,https://ayumilove.net/files/games/raid_shadow_legends/champion/Ruella.jpg,data/raw/pages/raid_shadow_legends_ruella_skill_mastery_equip_guide.html,data/raw/images/ruella_5291cd1e85.jpg,data/processed/icons/ruella.png,data/processed/debug/ruella_crop_debug.jpg,"14,378,197,532",48,64
ruffstone,Ruffstone,C,OT-RAF,OT,Ogryn Tribes,R,Rare,A,Attack,F,Force,854,https://ayumilove.net/raid-shadow-legends-list-of-champions-by-ranking/,https://ayumilove.net/raid-shadow-legends-ruffstone-skill-mastery-equip-guide/,https://ayumilove.net/files/games/raid_shadow_legends/champion/Ruffstone.jpg,data/raw/pages/raid_shadow_legends_ruffstone_skill_mastery_equip_guide.html,data/raw/images/ruffstone_e76160c09a.jpg,data/processed/icons/ruffstone.png,data/processed/debug/ruffstone_crop_debug.jpg,"14,378,197,532",48,64
rugnor_goldgleam,Rugnor Goldgleam,S,DW-EAV,DW,Dwarves,E,Epic,A,Attack,V,Void,426,https://ayumilove.net/raid-shadow-legends-list-of-champions-by-ranking/,https://ayumilove.net/raid-shadow-legends-rugnor-goldgleam-skill-mastery-equip-guide/,https://ayumilove.net/files/games/raid_shadow_legends/champion/Rugnor_Goldgleam.jpg,data/raw/pages/raid_shadow_legends_rugnor_goldgleam_skill_mastery_equip_guide.html,data/raw/images/rugnor_goldgleam_1c45ecaccf.jpg,data/processed/icons/rugnor_goldgleam.png,data/processed/debug/rugnor_goldgleam_crop_debug.jpg,"14,378,197,532",48,64
runekeeper_dazdurk,Runekeeper Dazdurk,S,DW-ESV,DW,Dwarves,E,Epic,S,Support,V,Void,427,https://ayumilove.net/raid-shadow-legends-list-of-champions-by-ranking/,https://ayumilove.net/raid-shadow-legends-runekeeper-dazdurk-skill-mastery-equip-guide/,https://ayumilove.net/files/games/raid_shadow_legends/champion/Runekeeper_Dazdurk.jpg,data/raw/pages/raid_shadow_legends_runekeeper_dazdurk_skill_mastery_equip_guide.html,data/raw/images/runekeeper_dazdurk_cab7a505c1.jpg,data/processed/icons/runekeeper_dazdurk.png,data/processed/debug/runekeeper_dazdurk_crop_debug.jpg,"14,378,197,532",48,64
runic_warder,Runic Warder,B,DW-RHM,DW,Dwarves,R,Rare,H,HP,M,Magic,764,https://ayumilove.net/raid-shadow-legends-list-of-champions-by-ranking/,https://ayumilove.net/raid-shadow-legends-runic-warder-skill-mastery-equip-guide/,https://ayumilove.net/files/games/raid_shadow_legends/champion/Runic_Warder.jpg,data/raw/pages/raid_shadow_legends_runic_warder_skill_mastery_equip_guide.html,data/raw/images/runic_warder_7ea05057eb.jpg,data/processed/icons/runic_warder.png,data/processed/debug/runic_warder_crop_debug.jpg,"14,378,197,532",48,64
sabrael_the_distant,Sabrael the Distant,S,HE-MSS,HE,High Elves,M,Mythical,S,Support,S,Spirit,17,https://ayumilove.net/raid-shadow-legends-list-of-champions-by-ranking/,https://ayumilove.net/raid-shadow-legends-sabrael-the-distant-skill-mastery-equip-guide/,https://ayumilove.net/files/games/raid_shadow_legends/champion/Sabrael_the_Distant.jpg,data/raw/pages/raid_shadow_legends_sabrael_the_distant_skill_mastery_equip_guide.html,data/raw/images/sabrael_the_distant_679ecfcd94.jpg,data/processed/icons/sabrael_the_distant.png,data/processed/debug/sabrael_the_distant_crop_debug.jpg,"14,378,197,532",48,64
sachi,Sachi,A,SK-ESF,SK,Shadowkin,E,Epic,S,Support,F,Force,468,https://ayumilove.net/raid-shadow-legends-list-of-champions-by-ranking/,https://ayumilove.net/raid-shadow-legends-sachi-skill-mastery-equip-guide/,https://ayumilove.net/files/games/raid_shadow_legends/champion/Sachi.jpg,data/raw/pages/raid_shadow_legends_sachi_skill_mastery_equip_guide.html,data/raw/images/sachi_8344416366.jpg,data/processed/icons/sachi.png,data/processed/debug/sachi_crop_debug.jpg,"14,378,197,532",48,64
saito,Saito,A,UH-LAM,UH,Undead Hordes,L,Legendary,A,Attack,M,Magic,247,https://ayumilove.net/raid-shadow-legends-list-of-champions-by-ranking/,https://ayumilove.net/raid-shadow-legends-saito-skill-mastery-equip-guide/,https://ayumilove.net/files/games/raid_shadow_legends/champion/Saito.jpg,data/raw/pages/raid_shadow_legends_saito_skill_mastery_equip_guide.html,data/raw/images/saito_eb604f53cf.jpg,data/processed/icons/saito.png,data/processed/debug/saito_crop_debug.jpg,"14,378,197,532",48,64
samar_gemcursed,Samar Gemcursed,B,DW-LHS,DW,Dwarves,L,Legendary,H,HP,S,Spirit,370,https://ayumilove.net/raid-shadow-legends-list-of-champions-by-ranking/,https://ayumilove.net/raid-shadow-legends-samar-gemcursed-skill-mastery-equip-guide/,https://ayumilove.net/files/games/raid_shadow_legends/champion/Samar_Gemcursed.jpg,data/raw/pages/raid_shadow_legends_samar_gemcursed_skill_mastery_equip_guide.html,data/raw/images/samar_gemcursed_e67df8b1f7.jpg,data/processed/icons/samar_gemcursed.png,data/processed/debug/samar_gemcursed_crop_debug.jpg,"14,378,197,532",48,64
samson_the_masher,Samson the Masher,B,SW-LHS,SW,Skinwalkers,L,Legendary,H,HP,S,Spirit,371,https://ayumilove.net/raid-shadow-legends-list-of-champions-by-ranking/,https://ayumilove.net/raid-shadow-legends-samson-the-masher-skill-mastery-equip-guide/,https://ayumilove.net/files/games/raid_shadow_legends/champion/Samson_the_Masher.jpg,data/raw/pages/raid_shadow_legends_samson_the_masher_skill_mastery_equip_guide.html,data/raw/images/samson_the_masher_d0e6b0850b.jpg,data/processed/icons/samson_the_masher.png,data/processed/debug/samson_the_masher_crop_debug.jpg,"14,378,197,532",48,64
sanctum_protector,Sanctum Protector,F,SO-RDS,SO,The Sacred Order,R,Rare,D,Defense,S,Spirit,916,https://ayumilove.net/raid-shadow-legends-list-of-champions-by-ranking/,https://ayumilove.net/raid-shadow-legends-sanctum-protector-skill-mastery-equip-guide/,https://ayumilove.net/files/games/raid_shadow_legends/champion/Sanctum_Protector.jpg,data/raw/pages/raid_shadow_legends_sanctum_protector_skill_mastery_equip_guide.html,data/raw/images/sanctum_protector_d037f7c592.jpg,data/processed/icons/sanctum_protector.png,data/processed/debug/sanctum_protector_crop_debug.jpg,"14,378,197,532",48,64
sandbow,Sandbow,F,BA-UAS,BA,Barbarians,U,Uncommon,A,Attack,S,Spirit,995,https://ayumilove.net/raid-shadow-legends-list-of-champions-by-ranking/,https://ayumilove.net/raid-shadow-legends-sandbow-skill-mastery-equip-guide/,https://ayumilove.net/files/games/raid_shadow_legends/champion/Sandbow.jpg,data/raw/pages/raid_shadow_legends_sandbow_skill_mastery_equip_guide.html,data/raw/images/sandbow_471517b4d1.jpg,data/processed/icons/sandbow.png,data/processed/debug/sandbow_crop_debug.jpg,"14,378,197,532",48,64
sandlashed_survivor,Sandlashed Survivor,A,OR-EDS,OR,Orcs,E,Epic,D,Defense,S,Spirit,469,https://ayumilove.net/raid-shadow-legends-list-of-champions-by-ranking/,https://ayumilove.net/raid-shadow-legends-sandlashed-survivor-skill-mastery-equip-guide/,https://ayumilove.net/files/games/raid_shadow_legends/champion/Sandlashed_Survivor.jpg,data/raw/pages/raid_shadow_legends_sandlashed_survivor_skill_mastery_equip_guide.html,data/raw/images/sandlashed_survivor_fa658bce18.jpg,data/processed/icons/sandlashed_survivor.png,data/processed/debug/sandlashed_survivor_crop_debug.jpg,"14,378,197,532",48,64
sanguine_maria,Sanguine Maria,A,UH-LAF,UH,Undead Hordes,L,Legendary,A,Attack,F,Force,248,https://ayumilove.net/raid-shadow-legends-list-of-champions-by-ranking/,https://ayumilove.net/raid-shadow-legends-sanguine-maria-skill-mastery-equip-guide/,https://ayumilove.net/files/games/raid_shadow_legends/champion/Sanguine_Maria.jpg,data/raw/pages/raid_shadow_legends_sanguine_maria_skill_mastery_equip_guide.html,data/raw/images/sanguine_maria_026d2fa523.jpg,data/processed/icons/sanguine_maria.png,data/processed/debug/sanguine_maria_crop_debug.jpg,"14,378,197,532",48,64
sanguinia,Sanguinia,A,SO-ESM,SO,The Sacred Order,E,Epic,S,Support,M,Magic,470,https://ayumilove.net/raid-shadow-legends-list-of-champions-by-ranking/,https://ayumilove.net/raid-shadow-legends-sanguinia-skill-mastery-equip-guide/,https://ayumilove.net/files/games/raid_shadow_legends/champion/Sanguinia.jpg,data/raw/pages/raid_shadow_legends_sanguinia_skill_mastery_equip_guide.html,data/raw/images/sanguinia_c3891fc2b7.jpg,data/processed/icons/sanguinia.png,data/processed/debug/sanguinia_crop_debug.jpg,"14,378,197,532",48,64
satyr,Satyr,S,SW-UHS,SW,Skinwalkers,U,Uncommon,H,HP,S,Spirit,935,https://ayumilove.net/raid-shadow-legends-list-of-champions-by-ranking/,https://ayumilove.net/raid-shadow-legends-satyr-skill-mastery-equip-guide/,https://ayumilove.net/files/games/raid_shadow_legends/champion/Satyr.jpg,data/raw/pages/raid_shadow_legends_satyr_skill_mastery_equip_guide.html,data/raw/images/satyr_7720a66edc.jpg,data/processed/icons/satyr.png,data/processed/debug/satyr_crop_debug.jpg,"14,378,197,532",48,64
saurus,Saurus,S,LZ-UAS,LZ,Lizardmen,U,Uncommon,A,Attack,S,Spirit,936,https://ayumilove.net/raid-shadow-legends-list-of-champions-by-ranking/,https://ayumilove.net/raid-shadow-legends-saurus-skill-mastery-equip-guide/,https://ayumilove.net/files/games/raid_shadow_legends/champion/Saurus.jpg,data/raw/pages/raid_shadow_legends_saurus_skill_mastery_equip_guide.html,data/raw/images/saurus_092c618e36.jpg,data/processed/icons/saurus.png,data/processed/debug/saurus_crop_debug.jpg,"14,378,197,532",48,64
scabrius,Scabrius,B,SW-EAM,SW,Skinwalkers,E,Epic,A,Attack,M,Magic,599,https://ayumilove.net/raid-shadow-legends-list-of-champions-by-ranking/,https://ayumilove.net/raid-shadow-legends-scabrius-skill-mastery-equip-guide/,https://ayumilove.net/files/games/raid_shadow_legends/champion/Scabrius.jpg,data/raw/pages/raid_shadow_legends_scabrius_skill_mastery_equip_guide.html,data/raw/images/scabrius_ab7ecbf6f8.jpg,data/processed/icons/scabrius.png,data/processed/debug/scabrius_crop_debug.jpg,"14,378,197,532",48,64
scion,Scion,C,DS-EAM,DS,Demonspawn,E,Epic,A,Attack,M,Magic,678,https://ayumilove.net/raid-shadow-legends-list-of-champions-by-ranking/,https://ayumilove.net/raid-shadow-legends-scion-skill-mastery-equip-guide/,https://ayumilove.net/files/games/raid_shadow_legends/champion/Scion.jpg,data/raw/pages/raid_shadow_legends_scion_skill_mastery_equip_guide.html,data/raw/images/scion_90653cbcbe.jpg,data/processed/icons/scion.png,data/processed/debug/scion_crop_debug.jpg,"14,378,197,532",48,64
scrapper,Scrapper,B,BA-RAV,BA,Barbarians,R,Rare,A,Attack,V,Void,765,https://ayumilove.net/raid-shadow-legends-list-of-champions-by-ranking/,https://ayumilove.net/raid-shadow-legends-scrapper-skill-mastery-equip-guide/,https://ayumilove.net/files/games/raid_shadow_legends/champion/Scrapper.jpg,data/raw/pages/raid_shadow_legends_scrapper_skill_mastery_equip_guide.html,data/raw/images/scrapper_d53a6cab7f.jpg,data/processed/icons/scrapper.png,data/processed/debug/scrapper_crop_debug.jpg,"14,378,197,532",48,64
scyl_of_the_drakes,Scyl of the Drakes,A,BA-LDM,BA,Barbarians,L,Legendary,D,Defense,M,Magic,249,https://ayumilove.net/raid-shadow-legends-list-of-champions-by-ranking/,https://ayumilove.net/raid-shadow-legends-scyl-of-the-drakes-skill-mastery-equip-guide/,https://ayumilove.net/files/games/raid_shadow_legends/champion/Scyl_of_the_Drakes.jpg,data/raw/pages/raid_shadow_legends_scyl_of_the_drakes_skill_mastery_equip_guide.html,data/raw/images/scyl_of_the_drakes_44471b5a02.jpg,data/processed/icons/scyl_of_the_drakes.png,data/processed/debug/scyl_of_the_drakes_crop_debug.jpg,"14,378,197,532",48,64
searsha_the_charred,Searsha the Charred,A,SY-LSF,SY,Sylvan Watchers,L,Legendary,S,Support,F,Force,250,https://ayumilove.net/raid-shadow-legends-list-of-champions-by-ranking/,https://ayumilove.net/raid-shadow-legends-searsha-the-charred-skill-mastery-equip-guide/,https://ayumilove.net/files/games/raid_shadow_legends/champion/Searsha_the_Charred.jpg,data/raw/pages/raid_shadow_legends_searsha_the_charred_skill_mastery_equip_guide.html,data/raw/images/searsha_the_charred_13ab08e0db.jpg,data/processed/icons/searsha_the_charred.png,data/processed/debug/searsha_the_charred_crop_debug.jpg,"14,378,197,532",48,64
seducer,Seducer,B,UH-RDV,UH,Undead Hordes,R,Rare,D,Defense,V,Void,766,https://ayumilove.net/raid-shadow-legends-list-of-champions-by-ranking/,https://ayumilove.net/raid-shadow-legends-seducer-skill-mastery-equip-guide/,https://ayumilove.net/files/games/raid_shadow_legends/champion/Seducer.jpg,data/raw/pages/raid_shadow_legends_seducer_skill_mastery_equip_guide.html,data/raw/images/seducer_ff66007cb7.jpg,data/processed/icons/seducer.png,data/processed/debug/seducer_crop_debug.jpg,"14,378,197,532",48,64
seeker,Seeker,S,UH-EDM,UH,Undead Hordes,E,Epic,D,Defense,M,Magic,428,https://ayumilove.net/raid-shadow-legends-list-of-champions-by-ranking/,https://ayumilove.net/raid-shadow-legends-seeker-skill-mastery-equip-guide/,https://ayumilove.net/files/games/raid_shadow_legends/champion/Seeker.jpg,data/raw/pages/raid_shadow_legends_seeker_skill_mastery_equip_guide.html,data/raw/images/seeker_1f6b2629e2.jpg,data/processed/icons/seeker.png,data/processed/debug/seeker_crop_debug.jpg,"14,378,197,532",48,64
seer,Seer,SS,OR-ESV,OR,Orcs,E,Epic,S,Support,V,Void,409,https://ayumilove.net/raid-shadow-legends-list-of-champions-by-ranking/,https://ayumilove.net/raid-shadow-legends-seer-skill-mastery-equip-guide/,https://ayumilove.net/files/games/raid_shadow_legends/champion/Seer.jpg,data/raw/pages/raid_shadow_legends_seer_skill_mastery_equip_guide.html,data/raw/images/seer_d4a422e82a.jpg,data/processed/icons/seer.png,data/processed/debug/seer_crop_debug.jpg,"14,378,197,532",48,64
selinia_nightcloak,Selinia Nightcloak,B,HE-RAV,HE,High Elves,R,Rare,A,Attack,V,Void,767,https://ayumilove.net/raid-shadow-legends-list-of-champions-by-ranking/,https://ayumilove.net/raid-shadow-legends-selinia-nightcloak-skill-mastery-equip-guide/,https://ayumilove.net/files/games/raid_shadow_legends/champion/Selinia_Nightcloak.jpg,data/raw/pages/raid_shadow_legends_selinia_nightcloak_skill_mastery_equip_guide.html,data/raw/images/selinia_nightcloak_09cc559694.jpg,data/processed/icons/selinia_nightcloak.png,data/processed/debug/selinia_nightcloak_crop_debug.jpg,"14,378,197,532",48,64
seneschal,Seneschal,B,BL-EDF,BL,Banner Lords,E,Epic,D,Defense,F,Force,600,https://ayumilove.net/raid-shadow-legends-list-of-champions-by-ranking/,https://ayumilove.net/raid-shadow-legends-seneschal-skill-mastery-equip-guide/,https://ayumilove.net/files/games/raid_shadow_legends/champion/Seneschal.jpg,data/raw/pages/raid_shadow_legends_seneschal_skill_mastery_equip_guide.html,data/raw/images/seneschal_2dbf278b24.jpg,data/processed/icons/seneschal.png,data/processed/debug/seneschal_crop_debug.jpg,"14,378,197,532",48,64
senna_amberheart,Senna Amberheart,S,DW-LSV,DW,Dwarves,L,Legendary,S,Support,V,Void,91,https://ayumilove.net/raid-shadow-legends-list-of-champions-by-ranking/,https://ayumilove.net/raid-shadow-legends-senna-amberheart-skill-mastery-equip-guide/,https://ayumilove.net/files/games/raid_shadow_legends/champion/Senna_Amberheart.jpg,data/raw/pages/raid_shadow_legends_senna_amberheart_skill_mastery_equip_guide.html,data/raw/images/senna_amberheart_a63380b12b.jpg,data/processed/icons/senna_amberheart.png,data/processed/debug/senna_amberheart_crop_debug.jpg,"14,378,197,532",48,64
sentinel,Sentinel,B,BA-RHF,BA,Barbarians,R,Rare,H,HP,F,Force,768,https://ayumilove.net/raid-shadow-legends-list-of-champions-by-ranking/,https://ayumilove.net/raid-shadow-legends-sentinel-skill-mastery-equip-guide/,https://ayumilove.net/files/games/raid_shadow_legends/champion/Sentinel.jpg,data/raw/pages/raid_shadow_legends_sentinel_skill_mastery_equip_guide.html,data/raw/images/sentinel_ac5665acdb.jpg,data/processed/icons/sentinel.png,data/processed/debug/sentinel_crop_debug.jpg,"14,378,197,532",48,64
septimus,Septimus,A,BL-LAS,BL,Banner Lords,L,Legendary,A,Attack,S,Spirit,251,https://ayumilove.net/raid-shadow-legends-list-of-champions-by-ranking/,https://ayumilove.net/raid-shadow-legends-septimus-skill-mastery-equip-guide/,https://ayumilove.net/files/games/raid_shadow_legends/champion/Septimus.jpg,data/raw/pages/raid_shadow_legends_septimus_skill_mastery_equip_guide.html,data/raw/images/septimus_f0c9ec0364.jpg,data/processed/icons/septimus.png,data/processed/debug/septimus_crop_debug.jpg,"14,378,197,532",48,64
sepulcher_sentinel,Sepulcher Sentinel,A,KR-EDF,KR,Knights Revenant,E,Epic,D,Defense,F,Force,471,https://ayumilove.net/raid-shadow-legends-list-of-champions-by-ranking/,https://ayumilove.net/raid-shadow-legends-sepulcher-sentinel-skill-mastery-equip-guide/,https://ayumilove.net/files/games/raid_shadow_legends/champion/Sepulcher_Sentinel.jpg,data/raw/pages/raid_shadow_legends_sepulcher_sentinel_skill_mastery_equip_guide.html,data/raw/images/sepulcher_sentinel_c3aa02d5f8.jpg,data/processed/icons/sepulcher_sentinel.png,data/processed/debug/sepulcher_sentinel_crop_debug.jpg,"14,378,197,532",48,64
sergeant,Sergeant,B,SO-UAF,SO,The Sacred Order,U,Uncommon,A,Attack,F,Force,957,https://ayumilove.net/raid-shadow-legends-list-of-champions-by-ranking/,https://ayumilove.net/raid-shadow-legends-sergeant-skill-mastery-equip-guide/,https://ayumilove.net/files/games/raid_shadow_legends/champion/Sergeant.jpg,data/raw/pages/raid_shadow_legends_sergeant_skill_mastery_equip_guide.html,data/raw/images/sergeant_b9f98163f2.jpg,data/processed/icons/sergeant.png,data/processed/debug/sergeant_crop_debug.jpg,"14,378,197,532",48,64
sethallia,Sethallia,A,BL-LSM,BL,Banner Lords,L,Legendary,S,Support,M,Magic,252,https://ayumilove.net/raid-shadow-legends-list-of-champions-by-ranking/,https://ayumilove.net/raid-shadow-legends-sethallia-skill-mastery-equip-guide/,https://ayumilove.net/files/games/raid_shadow_legends/champion/Sethallia.jpg,data/raw/pages/raid_shadow_legends_sethallia_skill_mastery_equip_guide.html,data/raw/images/sethallia_38de86f0d6.jpg,data/processed/icons/sethallia.png,data/processed/debug/sethallia_crop_debug.jpg,"14,378,197,532",48,64
shadowbow_tirlac,Shadowbow Tirlac,B,SY-RDS,SY,Sylvan Watchers,R,Rare,D,Defense,S,Spirit,769,https://ayumilove.net/raid-shadow-legends-list-of-champions-by-ranking/,https://ayumilove.net/raid-shadow-legends-shadowbow-tirlac-skill-mastery-equip-guide/,https://ayumilove.net/files/games/raid_shadow_legends/champion/Shadowbow_Tirlac.jpg,data/raw/pages/raid_shadow_legends_shadowbow_tirlac_skill_mastery_equip_guide.html,data/raw/images/shadowbow_tirlac_2d4a56bded.jpg,data/processed/icons/shadowbow_tirlac.png,data/processed/debug/shadowbow_tirlac_crop_debug.jpg,"14,378,197,532",48,64
shaman,Shaman,B,OR-ESF,OR,Orcs,E,Epic,S,Support,F,Force,601,https://ayumilove.net/raid-shadow-legends-list-of-champions-by-ranking/,https://ayumilove.net/raid-shadow-legends-shaman-skill-mastery-equip-guide/,https://ayumilove.net/files/games/raid_shadow_legends/champion/Shaman.jpg,data/raw/pages/raid_shadow_legends_shaman_skill_mastery_equip_guide.html,data/raw/images/shaman_7d54e588e7.jpg,data/processed/icons/shaman.png,data/processed/debug/shaman_crop_debug.jpg,"14,378,197,532",48,64
shamrock,Shamrock,A,OT-LSS,OT,Ogryn Tribes,L,Legendary,S,Support,S,Spirit,253,https://ayumilove.net/raid-shadow-legends-list-of-champions-by-ranking/,https://ayumilove.net/raid-shadow-legends-shamrock-skill-mastery-equip-guide/,https://ayumilove.net/files/games/raid_shadow_legends/champion/Shamrock.jpg,data/raw/pages/raid_shadow_legends_shamrock_skill_mastery_equip_guide.html,data/raw/images/shamrock_37128cf650.jpg,data/processed/icons/shamrock.png,data/processed/debug/shamrock_crop_debug.jpg,"14,378,197,532",48,64
shatterbones,Shatterbones,B,OT-EAF,OT,Ogryn Tribes,E,Epic,A,Attack,F,Force,602,https://ayumilove.net/raid-shadow-legends-list-of-champions-by-ranking/,https://ayumilove.net/raid-shadow-legends-shatterbones-skill-mastery-equip-guide/,https://ayumilove.net/files/games/raid_shadow_legends/champion/Shatterbones.jpg,data/raw/pages/raid_shadow_legends_shatterbones_skill_mastery_equip_guide.html,data/raw/images/shatterbones_41f8ff7103.jpg,data/processed/icons/shatterbones.png,data/processed/debug/shatterbones_crop_debug.jpg,"14,378,197,532",48,64
shemnath,Shemnath,A,KR-LAM,KR,Knights Revenant,L,Legendary,A,Attack,M,Magic,254,https://ayumilove.net/raid-shadow-legends-list-of-champions-by-ranking/,https://ayumilove.net/raid-shadow-legends-shemnath-skill-mastery-equip-guide/,https://ayumilove.net/files/games/raid_shadow_legends/champion/Shemnath.jpg,data/raw/pages/raid_shadow_legends_shemnath_skill_mastery_equip_guide.html,data/raw/images/shemnath_21cc113329.jpg,data/processed/icons/shemnath.png,data/processed/debug/shemnath_crop_debug.jpg,"14,378,197,532",48,64
shieldguard,Shieldguard,S,BA-UDS,BA,Barbarians,U,Uncommon,D,Defense,S,Spirit,937,https://ayumilove.net/raid-shadow-legends-list-of-champions-by-ranking/,https://ayumilove.net/raid-shadow-legends-shieldguard-skill-mastery-equip-guide/,https://ayumilove.net/files/games/raid_shadow_legends/champion/Shieldguard.jpg,data/raw/pages/raid_shadow_legends_shieldguard_skill_mastery_equip_guide.html,data/raw/images/shieldguard_80bf627e54.jpg,data/processed/icons/shieldguard.png,data/processed/debug/shieldguard_crop_debug.jpg,"14,378,197,532",48,64
shirimani,Shirimani,B,HE-LSF,HE,High Elves,L,Legendary,S,Support,F,Force,372,https://ayumilove.net/raid-shadow-legends-list-of-champions-by-ranking/,https://ayumilove.net/raid-shadow-legends-shirimani-skill-mastery-equip-guide/,https://ayumilove.net/files/games/raid_shadow_legends/champion/Shirimani.jpg,data/raw/pages/raid_shadow_legends_shirimani_skill_mastery_equip_guide.html,data/raw/images/shirimani_bd39693cc4.jpg,data/processed/icons/shirimani.png,data/processed/debug/shirimani_crop_debug.jpg,"14,378,197,532",48,64
shredder,Shredder,A,SK-LHV,SK,Shadowkin,L,Legendary,H,HP,V,Void,255,https://ayumilove.net/raid-shadow-legends-list-of-champions-by-ranking/,https://ayumilove.net/raid-shadow-legends-shredder-skill-mastery-equip-guide/,https://ayumilove.net/files/games/raid_shadow_legends/champion/Shredder.jpg,data/raw/pages/raid_shadow_legends_shredder_skill_mastery_equip_guide.html,data/raw/images/shredder_a85745732f.jpg,data/processed/icons/shredder.png,data/processed/debug/shredder_crop_debug.jpg,"14,378,197,532",48,64
shu_zhen_the_valorous,Shu-Zhen the Valorous,A,SK-LSV,SK,Shadowkin,L,Legendary,S,Support,V,Void,256,https://ayumilove.net/raid-shadow-legends-list-of-champions-by-ranking/,https://ayumilove.net/raid-shadow-legends-shu-zhen-the-valorous-skill-mastery-equip-guide/,https://ayumilove.net/files/games/raid_shadow_legends/champion/Shu_Zhen_the_Valorous.jpg,data/raw/pages/raid_shadow_legends_shu_zhen_the_valorous_skill_mastery_equip_guide.html,data/raw/images/shu_zhen_the_valorous_43047edc86.jpg,data/processed/icons/shu_zhen_the_valorous.png,data/processed/debug/shu_zhen_the_valorous_crop_debug.jpg,"14,378,197,532",48,64
sicia_flametongue,Sicia Flametongue,A,DS-LAF,DS,Demonspawn,L,Legendary,A,Attack,F,Force,257,https://ayumilove.net/raid-shadow-legends-list-of-champions-by-ranking/,https://ayumilove.net/raid-shadow-legends-sicia-flametongue-skill-mastery-equip-guide/,https://ayumilove.net/files/games/raid_shadow_legends/champion/Sicia_Flametongue.jpg,data/raw/pages/raid_shadow_legends_sicia_flametongue_skill_mastery_equip_guide.html,data/raw/images/sicia_flametongue_c535bb9078.jpg,data/processed/icons/sicia_flametongue.png,data/processed/debug/sicia_flametongue_crop_debug.jpg,"14,378,197,532",48,64
siegebreaker,Siegebreaker,F,OT-RAS,OT,Ogryn Tribes,R,Rare,A,Attack,S,Spirit,917,https://ayumilove.net/raid-shadow-legends-list-of-champions-by-ranking/,https://ayumilove.net/raid-shadow-legends-siegebreaker-skill-mastery-equip-guide/,https://ayumilove.net/files/games/raid_shadow_legends/champion/Siegebreaker.jpg,data/raw/pages/raid_shadow_legends_siegebreaker_skill_mastery_equip_guide.html,data/raw/images/siegebreaker_247a8c9d83.jpg,data/processed/icons/siegebreaker.png,data/processed/debug/siegebreaker_crop_debug.jpg,"14,378,197,532",48,64
siegehulk,Siegehulk,A,OT-EAM,OT,Ogryn Tribes,E,Epic,A,Attack,M,Magic,472,https://ayumilove.net/raid-shadow-legends-list-of-champions-by-ranking/,https://ayumilove.net/raid-shadow-legends-siegehulk-skill-mastery-equip-guide/,https://ayumilove.net/files/games/raid_shadow_legends/champion/Siegehulk.jpg,data/raw/pages/raid_shadow_legends_siegehulk_skill_mastery_equip_guide.html,data/raw/images/siegehulk_f12769feed.jpg,data/processed/icons/siegehulk.png,data/processed/debug/siegehulk_crop_debug.jpg,"14,378,197,532",48,64
siegfrund_the_nephilim,Siegfrund the Nephilim,S,SO-MAM,SO,The Sacred Order,M,Mythical,A,Attack,M,Magic,18,https://ayumilove.net/raid-shadow-legends-list-of-champions-by-ranking/,https://ayumilove.net/raid-shadow-legends-siegfrund-the-nephilim-skill-mastery-equip-guide/,https://ayumilove.net/files/games/raid_shadow_legends/champion/Siegfrund_the_Nephilim.jpg,data/raw/pages/raid_shadow_legends_siegfrund_the_nephilim_skill_mastery_equip_guide.html,data/raw/images/siegfrund_the_nephilim_088cabaeb9.jpg,data/processed/icons/siegfrund_the_nephilim.png,data/processed/debug/siegfrund_the_nephilim_crop_debug.jpg,"14,378,197,532",48,64
sigmund_the_highshield,Sigmund the Highshield,B,BL-LDM,BL,Banner Lords,L,Legendary,D,Defense,M,Magic,373,https://ayumilove.net/raid-shadow-legends-list-of-champions-by-ranking/,https://ayumilove.net/raid-shadow-legends-sigmund-the-highshield-skill-mastery-equip-guide/,https://ayumilove.net/files/games/raid_shadow_legends/champion/Sigmund_the_Highshield.jpg,data/raw/pages/raid_shadow_legends_sigmund_the_highshield_skill_mastery_equip_guide.html,data/raw/images/sigmund_the_highshield_c4ed46e39c.jpg,data/processed/icons/sigmund_the_highshield.png,data/processed/debug/sigmund_the_highshield_crop_debug.jpg,"14,378,197,532",48,64
signy_of_highshield,Signy of Highshield,C,BL-EHM,BL,Banner Lords,E,Epic,H,HP,M,Magic,679,https://ayumilove.net/raid-shadow-legends-list-of-champions-by-ranking/,https://ayumilove.net/raid-shadow-legends-signy-of-highshield-skill-mastery-equip-guide/,https://ayumilove.net/files/games/raid_shadow_legends/champion/Signy_of_Highshield.jpg,data/raw/pages/raid_shadow_legends_signy_of_highshield_skill_mastery_equip_guide.html,data/raw/images/signy_of_highshield_a0d8219be3.jpg,data/processed/icons/signy_of_highshield.png,data/processed/debug/signy_of_highshield_crop_debug.jpg,"14,378,197,532",48,64
sikara,Sikara,B,BA-ESM,BA,Barbarians,E,Epic,S,Support,M,Magic,603,https://ayumilove.net/raid-shadow-legends-list-of-champions-by-ranking/,https://ayumilove.net/raid-shadow-legends-sikara-skill-mastery-equip-guide/,https://ayumilove.net/files/games/raid_shadow_legends/champion/Sikara.jpg,data/raw/pages/raid_shadow_legends_sikara_skill_mastery_equip_guide.html,data/raw/images/sikara_4c82250cd7.jpg,data/processed/icons/sikara.png,data/processed/debug/sikara_crop_debug.jpg,"14,378,197,532",48,64
silvain_the_paramour,Silvain the Paramour,C,BL-RAV,BL,Banner Lords,R,Rare,A,Attack,V,Void,855,https://ayumilove.net/raid-shadow-legends-list-of-champions-by-ranking/,https://ayumilove.net/raid-shadow-legends-silvain-the-paramour-skill-mastery-equip-guide/,https://ayumilove.net/files/games/raid_shadow_legends/champion/Silvain_the_Paramour.jpg,data/raw/pages/raid_shadow_legends_silvain_the_paramour_skill_mastery_equip_guide.html,data/raw/images/silvain_the_paramour_f1958ac445.jpg,data/processed/icons/silvain_the_paramour.png,data/processed/debug/silvain_the_paramour_crop_debug.jpg,"14,378,197,532",48,64
sinesha,Sinesha,S,KR-ESF,KR,Knights Revenant,E,Epic,S,Support,F,Force,429,https://ayumilove.net/raid-shadow-legends-list-of-champions-by-ranking/,https://ayumilove.net/raid-shadow-legends-sinesha-skill-mastery-equip-guide/,https://ayumilove.net/files/games/raid_shadow_legends/champion/Sinesha.jpg,data/raw/pages/raid_shadow_legends_sinesha_skill_mastery_equip_guide.html,data/raw/images/sinesha_20c4d445da.jpg,data/processed/icons/sinesha.png,data/processed/debug/sinesha_crop_debug.jpg,"14,378,197,532",48,64
siphi_the_lost_bride,Siphi the Lost Bride,S,UH-LSV,UH,Undead Hordes,L,Legendary,S,Support,V,Void,92,https://ayumilove.net/raid-shadow-legends-list-of-champions-by-ranking/,https://ayumilove.net/raid-shadow-legends-siphi-the-lost-bride-skill-mastery-equip-guide/,https://ayumilove.net/files/games/raid_shadow_legends/champion/Siphi_the_Lost_Bride.jpg,data/raw/pages/raid_shadow_legends_siphi_the_lost_bride_skill_mastery_equip_guide.html,data/raw/images/siphi_the_lost_bride_663249ee10.jpg,data/processed/icons/siphi_the_lost_bride.png,data/processed/debug/siphi_the_lost_bride_crop_debug.jpg,"14,378,197,532",48,64
sir_artimage,Sir Artimage,B,BL-EAF,BL,Banner Lords,E,Epic,A,Attack,F,Force,604,https://ayumilove.net/raid-shadow-legends-list-of-champions-by-ranking/,https://ayumilove.net/raid-shadow-legends-sir-artimage-skill-mastery-equip-guide/,https://ayumilove.net/files/games/raid_shadow_legends/champion/Sir_Artimage.jpg,data/raw/pages/raid_shadow_legends_sir_artimage_skill_mastery_equip_guide.html,data/raw/images/sir_artimage_dcda6627e7.jpg,data/processed/icons/sir_artimage.png,data/processed/debug/sir_artimage_crop_debug.jpg,"14,378,197,532",48,64
sir_nicholas,Sir Nicholas,S,SO-LHV,SO,The Sacred Order,L,Legendary,H,HP,V,Void,93,https://ayumilove.net/raid-shadow-legends-list-of-champions-by-ranking/,https://ayumilove.net/raid-shadow-legends-sir-nicholas-skill-mastery-equip-guide/,https://ayumilove.net/files/games/raid_shadow_legends/champion/Sir_Nicholas.jpg,data/raw/pages/raid_shadow_legends_sir_nicholas_skill_mastery_equip_guide.html,data/raw/images/sir_nicholas_08e1b07b19.jpg,data/processed/icons/sir_nicholas.png,data/processed/debug/sir_nicholas_crop_debug.jpg,"14,378,197,532",48,64
sister_militant,Sister Militant,S,SO-CAF,SO,The Sacred Order,C,Common,A,Attack,F,Force,1004,https://ayumilove.net/raid-shadow-legends-list-of-champions-by-ranking/,https://ayumilove.net/raid-shadow-legends-sister-militant-skill-mastery-equip-guide/,https://ayumilove.net/files/games/raid_shadow_legends/champion/Sister_Militant.jpg,data/raw/pages/raid_shadow_legends_sister_militant_skill_mastery_equip_guide.html,data/raw/images/sister_militant_065824fb81.jpg,data/processed/icons/sister_militant.png,data/processed/debug/sister_militant_crop_debug.jpg,"14,378,197,532",48,64
skartorsis,Skartorsis,A,UH-LSF,UH,Undead Hordes,L,Legendary,S,Support,F,Force,258,https://ayumilove.net/raid-shadow-legends-list-of-champions-by-ranking/,https://ayumilove.net/raid-shadow-legends-skartorsis-skill-mastery-equip-guide/,https://ayumilove.net/files/games/raid_shadow_legends/champion/Skartorsis.jpg,data/raw/pages/raid_shadow_legends_skartorsis_skill_mastery_equip_guide.html,data/raw/images/skartorsis_5ce8c1606e.jpg,data/processed/icons/skartorsis.png,data/processed/debug/skartorsis_crop_debug.jpg,"14,378,197,532",48,64
skathix,Skathix,B,LZ-ESV,LZ,Lizardmen,E,Epic,S,Support,V,Void,605,https://ayumilove.net/raid-shadow-legends-list-of-champions-by-ranking/,https://ayumilove.net/raid-shadow-legends-skathix-skill-mastery-equip-guide/,https://ayumilove.net/files/games/raid_shadow_legends/champion/Skathix.jpg,data/raw/pages/raid_shadow_legends_skathix_skill_mastery_equip_guide.html,data/raw/images/skathix_47de409012.jpg,data/processed/icons/skathix.png,data/processed/debug/skathix_crop_debug.jpg,"14,378,197,532",48,64
skeletor,Skeletor,B,KR-LSS,KR,Knights Revenant,L,Legendary,S,Support,S,Spirit,374,https://ayumilove.net/raid-shadow-legends-list-of-champions-by-ranking/,https://ayumilove.net/raid-shadow-legends-skeletor-skill-mastery-equip-guide/,https://ayumilove.net/files/games/raid_shadow_legends/champion/Skeletor.jpg,data/raw/pages/raid_shadow_legends_skeletor_skill_mastery_equip_guide.html,data/raw/images/skeletor_2c9e394370.jpg,data/processed/icons/skeletor.png,data/processed/debug/skeletor_crop_debug.jpg,"14,378,197,532",48,64
skellag,Skellag,B,UH-UDF,UH,Undead Hordes,U,Uncommon,D,Defense,F,Force,958,https://ayumilove.net/raid-shadow-legends-list-of-champions-by-ranking/,https://ayumilove.net/raid-shadow-legends-skellag-skill-mastery-equip-guide/,https://ayumilove.net/files/games/raid_shadow_legends/champion/Skellag.jpg,data/raw/pages/raid_shadow_legends_skellag_skill_mastery_equip_guide.html,data/raw/images/skellag_7ead1f15fa.jpg,data/processed/icons/skellag.png,data/processed/debug/skellag_crop_debug.jpg,"14,378,197,532",48,64
skeuramis,Skeuramis,B,HE-EHM,HE,High Elves,E,Epic,H,HP,M,Magic,606,https://ayumilove.net/raid-shadow-legends-list-of-champions-by-ranking/,https://ayumilove.net/raid-shadow-legends-skeuramis-skill-mastery-equip-guide/,https://ayumilove.net/files/games/raid_shadow_legends/champion/Skeuramis.jpg,data/raw/pages/raid_shadow_legends_skeuramis_skill_mastery_equip_guide.html,data/raw/images/skeuramis_c1bb0cc234.jpg,data/processed/icons/skeuramis.png,data/processed/debug/skeuramis_crop_debug.jpg,"14,378,197,532",48,64
skimfos_the_consumed,Skimfos the Consumed,A,DS-EAV,DS,Demonspawn,E,Epic,A,Attack,V,Void,473,https://ayumilove.net/raid-shadow-legends-list-of-champions-by-ranking/,https://ayumilove.net/raid-shadow-legends-skimfos-the-consumed-skill-mastery-equip-guide/,https://ayumilove.net/files/games/raid_shadow_legends/champion/Skimfos_the_Consumed.jpg,data/raw/pages/raid_shadow_legends_skimfos_the_consumed_skill_mastery_equip_guide.html,data/raw/images/skimfos_the_consumed_8e5a1b1532.jpg,data/processed/icons/skimfos_the_consumed.png,data/processed/debug/skimfos_the_consumed_crop_debug.jpg,"14,378,197,532",48,64
skink,Skink,C,LZ-RAM,LZ,Lizardmen,R,Rare,A,Attack,M,Magic,856,https://ayumilove.net/raid-shadow-legends-list-of-champions-by-ranking/,https://ayumilove.net/raid-shadow-legends-skink-skill-mastery-equip-guide/,https://ayumilove.net/files/games/raid_shadow_legends/champion/Skink.jpg,data/raw/pages/raid_shadow_legends_skink_skill_mastery_equip_guide.html,data/raw/images/skink_ece85dfd31.jpg,data/processed/icons/skink.png,data/processed/debug/skink_crop_debug.jpg,"14,378,197,532",48,64
skinner,Skinner,S,LZ-UAM,LZ,Lizardmen,U,Uncommon,A,Attack,M,Magic,938,https://ayumilove.net/raid-shadow-legends-list-of-champions-by-ranking/,https://ayumilove.net/raid-shadow-legends-skinner-skill-mastery-equip-guide/,https://ayumilove.net/files/games/raid_shadow_legends/champion/Skinner.jpg,data/raw/pages/raid_shadow_legends_skinner_skill_mastery_equip_guide.html,data/raw/images/skinner_c2dd439b40.jpg,data/processed/icons/skinner.png,data/processed/debug/skinner_crop_debug.jpg,"14,378,197,532",48,64
skirmisher,Skirmisher,B,BA-RAV,BA,Barbarians,R,Rare,A,Attack,V,Void,770,https://ayumilove.net/raid-shadow-legends-list-of-champions-by-ranking/,https://ayumilove.net/raid-shadow-legends-skirmisher-skill-mastery-equip-guide/,https://ayumilove.net/files/games/raid_shadow_legends/champion/Skirmisher.jpg,data/raw/pages/raid_shadow_legends_skirmisher_skill_mastery_equip_guide.html,data/raw/images/skirmisher_39b323debb.jpg,data/processed/icons/skirmisher.png,data/processed/debug/skirmisher_crop_debug.jpg,"14,378,197,532",48,64
skorid_the_halfspawn,Skorid the Halfspawn,B,DS-LAM,DS,Demonspawn,L,Legendary,A,Attack,M,Magic,375,https://ayumilove.net/raid-shadow-legends-list-of-champions-by-ranking/,https://ayumilove.net/raid-shadow-legends-skorid-the-halfspawn-skill-mastery-equip-guide/,https://ayumilove.net/files/games/raid_shadow_legends/champion/Skorid_the_Halfspawn.jpg,data/raw/pages/raid_shadow_legends_skorid_the_halfspawn_skill_mastery_equip_guide.html,data/raw/images/skorid_the_halfspawn_694b946af5.jpg,data/processed/icons/skorid_the_halfspawn.png,data/processed/debug/skorid_the_halfspawn_crop_debug.jpg,"14,378,197,532",48,64
skraank,Skraank,A,OT-EAV,OT,Ogryn Tribes,E,Epic,A,Attack,V,Void,474,https://ayumilove.net/raid-shadow-legends-list-of-champions-by-ranking/,https://ayumilove.net/raid-shadow-legends-skraank-skill-mastery-equip-guide/,https://ayumilove.net/files/games/raid_shadow_legends/champion/Skraank.jpg,data/raw/pages/raid_shadow_legends_skraank_skill_mastery_equip_guide.html,data/raw/images/skraank_b27d08e7fc.jpg,data/processed/icons/skraank.png,data/processed/debug/skraank_crop_debug.jpg,"14,378,197,532",48,64
skull_lord_var_gall,Skull Lord Var-Gall,B,LZ-LDF,LZ,Lizardmen,L,Legendary,D,Defense,F,Force,376,https://ayumilove.net/raid-shadow-legends-list-of-champions-by-ranking/,https://ayumilove.net/raid-shadow-legends-skull-lord-var-gall-skill-mastery-equip-guide/,https://ayumilove.net/files/games/raid_shadow_legends/champion/Skull_Lord_Var_Gall.jpg,data/raw/pages/raid_shadow_legends_skull_lord_var_gall_skill_mastery_equip_guide.html,data/raw/images/skull_lord_var_gall_c26b8f76a5.jpg,data/processed/icons/skull_lord_var_gall.png,data/processed/debug/skull_lord_var_gall_crop_debug.jpg,"14,378,197,532",48,64
skullcrown,Skullcrown,A,KR-EAV,KR,Knights Revenant,E,Epic,A,Attack,V,Void,475,https://ayumilove.net/raid-shadow-legends-list-of-champions-by-ranking/,https://ayumilove.net/raid-shadow-legends-skullcrown-skill-mastery-equip-guide/,https://ayumilove.net/files/games/raid_shadow_legends/champion/Skullcrown.jpg,data/raw/pages/raid_shadow_legends_skullcrown_skill_mastery_equip_guide.html,data/raw/images/skullcrown_8062b5cbaf.jpg,data/processed/icons/skullcrown.png,data/processed/debug/skullcrown_crop_debug.jpg,"14,378,197,532",48,64
skullcrusher,Skullcrusher,A,OT-EDF,OT,Ogryn Tribes,E,Epic,D,Defense,F,Force,476,https://ayumilove.net/raid-shadow-legends-list-of-champions-by-ranking/,https://ayumilove.net/raid-shadow-legends-skullcrusher-skill-mastery-equip-guide/,https://ayumilove.net/files/games/raid_shadow_legends/champion/Skullcrusher.jpg,data/raw/pages/raid_shadow_legends_skullcrusher_skill_mastery_equip_guide.html,data/raw/images/skullcrusher_3e54ff45d9.jpg,data/processed/icons/skullcrusher.png,data/processed/debug/skullcrusher_crop_debug.jpg,"14,378,197,532",48,64
skullsquire,Skullsquire,B,UH-UAF,UH,Undead Hordes,U,Uncommon,A,Attack,F,Force,959,https://ayumilove.net/raid-shadow-legends-list-of-champions-by-ranking/,https://ayumilove.net/raid-shadow-legends-skullsquire-skill-mastery-equip-guide/,https://ayumilove.net/files/games/raid_shadow_legends/champion/Skullsquire.jpg,data/raw/pages/raid_shadow_legends_skullsquire_skill_mastery_equip_guide.html,data/raw/images/skullsquire_ca30b86458.jpg,data/processed/icons/skullsquire.png,data/processed/debug/skullsquire_crop_debug.jpg,"14,378,197,532",48,64
skullsworn,Skullsworn,C,LZ-RAF,LZ,Lizardmen,R,Rare,A,Attack,F,Force,857,https://ayumilove.net/raid-shadow-legends-list-of-champions-by-ranking/,https://ayumilove.net/raid-shadow-legends-skullsworn-skill-mastery-equip-guide/,https://ayumilove.net/files/games/raid_shadow_legends/champion/Skullsworn.jpg,data/raw/pages/raid_shadow_legends_skullsworn_skill_mastery_equip_guide.html,data/raw/images/skullsworn_a0d242da44.jpg,data/processed/icons/skullsworn.png,data/processed/debug/skullsworn_crop_debug.jpg,"14,378,197,532",48,64
skytouched_shaman,Skytouched Shaman,B,BA-ESV,BA,Barbarians,E,Epic,S,Support,V,Void,607,https://ayumilove.net/raid-shadow-legends-list-of-champions-by-ranking/,https://ayumilove.net/raid-shadow-legends-skytouched-shaman-skill-mastery-equip-guide/,https://ayumilove.net/files/games/raid_shadow_legends/champion/Skytouched_Shaman.jpg,data/raw/pages/raid_shadow_legends_skytouched_shaman_skill_mastery_equip_guide.html,data/raw/images/skytouched_shaman_d622602728.jpg,data/processed/icons/skytouched_shaman.png,data/processed/debug/skytouched_shaman_crop_debug.jpg,"14,378,197,532",48,64
slasher,Slasher,F,LZ-RAS,LZ,Lizardmen,R,Rare,A,Attack,S,Spirit,918,https://ayumilove.net/raid-shadow-legends-list-of-champions-by-ranking/,https://ayumilove.net/raid-shadow-legends-slasher-skill-mastery-equip-guide/,https://ayumilove.net/files/games/raid_shadow_legends/champion/Slasher.jpg,data/raw/pages/raid_shadow_legends_slasher_skill_mastery_equip_guide.html,data/raw/images/slasher_405eb15991.jpg,data/processed/icons/slasher.png,data/processed/debug/slasher_crop_debug.jpg,"14,378,197,532",48,64
slayer,Slayer,F,BA-RAF,BA,Barbarians,R,Rare,A,Attack,F,Force,919,https://ayumilove.net/raid-shadow-legends-list-of-champions-by-ranking/,https://ayumilove.net/raid-shadow-legends-slayer-skill-mastery-equip-guide/,https://ayumilove.net/files/games/raid_shadow_legends/champion/Slayer.jpg,data/raw/pages/raid_shadow_legends_slayer_skill_mastery_equip_guide.html,data/raw/images/slayer_4808ab2fe7.jpg,data/processed/icons/slayer.png,data/processed/debug/slayer_crop_debug.jpg,"14,378,197,532",48,64
slicer,Slicer,F,DW-UAS,DW,Dwarves,U,Uncommon,A,Attack,S,Spirit,996,https://ayumilove.net/raid-shadow-legends-list-of-champions-by-ranking/,https://ayumilove.net/raid-shadow-legends-slicer-skill-mastery-equip-guide/,https://ayumilove.net/files/games/raid_shadow_legends/champion/Slicer.jpg,data/raw/pages/raid_shadow_legends_slicer_skill_mastery_equip_guide.html,data/raw/images/slicer_d4e32fbfe7.jpg,data/processed/icons/slicer.png,data/processed/debug/slicer_crop_debug.jpg,"14,378,197,532",48,64
slitherbrute,Slitherbrute,C,LZ-RAM,LZ,Lizardmen,R,Rare,A,Attack,M,Magic,858,https://ayumilove.net/raid-shadow-legends-list-of-champions-by-ranking/,https://ayumilove.net/raid-shadow-legends-slitherbrute-skill-mastery-equip-guide/,https://ayumilove.net/files/games/raid_shadow_legends/champion/Slitherbrute.jpg,data/raw/pages/raid_shadow_legends_slitherbrute_skill_mastery_equip_guide.html,data/raw/images/slitherbrute_6185abbb97.jpg,data/processed/icons/slitherbrute.png,data/processed/debug/slitherbrute_crop_debug.jpg,"14,378,197,532",48,64
slixus_stripehide,Slixus Stripehide,B,LZ-EAV,LZ,Lizardmen,E,Epic,A,Attack,V,Void,608,https://ayumilove.net/raid-shadow-legends-list-of-champions-by-ranking/,https://ayumilove.net/raid-shadow-legends-slixus-stripehide-skill-mastery-equip-guide/,https://ayumilove.net/files/games/raid_shadow_legends/champion/Slixus_Stripehide.jpg,data/raw/pages/raid_shadow_legends_slixus_stripehide_skill_mastery_equip_guide.html,data/raw/images/slixus_stripehide_f76bfbc82f.jpg,data/processed/icons/slixus_stripehide.png,data/processed/debug/slixus_stripehide_crop_debug.jpg,"14,378,197,532",48,64
sniktraak,Sniktraak,A,SW-LHS,SW,Skinwalkers,L,Legendary,H,HP,S,Spirit,259,https://ayumilove.net/raid-shadow-legends-list-of-champions-by-ranking/,https://ayumilove.net/raid-shadow-legends-sniktraak-skill-mastery-equip-guide/,https://ayumilove.net/files/games/raid_shadow_legends/champion/Sniktraak.jpg,data/raw/pages/raid_shadow_legends_sniktraak_skill_mastery_equip_guide.html,data/raw/images/sniktraak_becb8a4ee4.jpg,data/processed/icons/sniktraak.png,data/processed/debug/sniktraak_crop_debug.jpg,"14,378,197,532",48,64
sniper,Sniper,A,DE-UAM,DE,Dark Elves,U,Uncommon,A,Attack,M,Magic,946,https://ayumilove.net/raid-shadow-legends-list-of-champions-by-ranking/,https://ayumilove.net/raid-shadow-legends-sniper-skill-mastery-equip-guide/,https://ayumilove.net/files/games/raid_shadow_legends/champion/Sniper.jpg,data/raw/pages/raid_shadow_legends_sniper_skill_mastery_equip_guide.html,data/raw/images/sniper_a97e722223.jpg,data/processed/icons/sniper.png,data/processed/debug/sniper_crop_debug.jpg,"14,378,197,532",48,64
snorting_thug,Snorting Thug,B,SW-EHF,SW,Skinwalkers,E,Epic,H,HP,F,Force,609,https://ayumilove.net/raid-shadow-legends-list-of-champions-by-ranking/,https://ayumilove.net/raid-shadow-legends-snorting-thug-skill-mastery-equip-guide/,https://ayumilove.net/files/games/raid_shadow_legends/champion/Snorting_Thug.jpg,data/raw/pages/raid_shadow_legends_snorting_thug_skill_mastery_equip_guide.html,data/raw/images/snorting_thug_b0a6ed0f20.jpg,data/processed/icons/snorting_thug.png,data/processed/debug/snorting_thug_crop_debug.jpg,"14,378,197,532",48,64
solanar_the_gleaming,Solanar the Gleaming,S,HE-LAV,HE,High Elves,L,Legendary,A,Attack,V,Void,94,https://ayumilove.net/raid-shadow-legends-list-of-champions-by-ranking/,https://ayumilove.net/raid-shadow-legends-solanar-the-gleaming-skill-mastery-equip-guide/,https://ayumilove.net/files/games/raid_shadow_legends/champion/Solanar_the_Gleaming.jpg,data/raw/pages/raid_shadow_legends_solanar_the_gleaming_skill_mastery_equip_guide.html,data/raw/images/solanar_the_gleaming_0f490a183d.jpg,data/processed/icons/solanar_the_gleaming.png,data/processed/debug/solanar_the_gleaming_crop_debug.jpg,"14,378,197,532",48,64
solaris,Solaris,F,SO-RAF,SO,The Sacred Order,R,Rare,A,Attack,F,Force,920,https://ayumilove.net/raid-shadow-legends-list-of-champions-by-ranking/,https://ayumilove.net/raid-shadow-legends-solaris-skill-mastery-equip-guide/,https://ayumilove.net/files/games/raid_shadow_legends/champion/Solaris.jpg,data/raw/pages/raid_shadow_legends_solaris_skill_mastery_equip_guide.html,data/raw/images/solaris_9e426c22ba.jpg,data/processed/icons/solaris.png,data/processed/debug/solaris_crop_debug.jpg,"14,378,197,532",48,64
sorceress,Sorceress,C,UH-RAF,UH,Undead Hordes,R,Rare,A,Attack,F,Force,859,https://ayumilove.net/raid-shadow-legends-list-of-champions-by-ranking/,https://ayumilove.net/raid-shadow-legends-sorceress-skill-mastery-equip-guide/,https://ayumilove.net/files/games/raid_shadow_legends/champion/Sorceress.jpg,data/raw/pages/raid_shadow_legends_sorceress_skill_mastery_equip_guide.html,data/raw/images/sorceress_bd5a9be90a.jpg,data/processed/icons/sorceress.png,data/processed/debug/sorceress_crop_debug.jpg,"14,378,197,532",48,64
soulbond_bowyer,Soulbond Bowyer,A,BA-RAS,BA,Barbarians,R,Rare,A,Attack,S,Spirit,715,https://ayumilove.net/raid-shadow-legends-list-of-champions-by-ranking/,https://ayumilove.net/raid-shadow-legends-soulbond-bowyer-skill-mastery-equip-guide/,https://ayumilove.net/files/games/raid_shadow_legends/champion/Soulbond_Bowyer.jpg,data/raw/pages/raid_shadow_legends_soulbond_bowyer_skill_mastery_equip_guide.html,data/raw/images/soulbond_bowyer_f0c3cdd15e.jpg,data/processed/icons/soulbond_bowyer.png,data/processed/debug/soulbond_bowyer_crop_debug.jpg,"14,378,197,532",48,64
souldrinker,Souldrinker,C,DS-EAF,DS,Demonspawn,E,Epic,A,Attack,F,Force,680,https://ayumilove.net/raid-shadow-legends-list-of-champions-by-ranking/,https://ayumilove.net/raid-shadow-legends-souldrinker-skill-mastery-equip-guide/,https://ayumilove.net/files/games/raid_shadow_legends/champion/Souldrinker.jpg,data/raw/pages/raid_shadow_legends_souldrinker_skill_mastery_equip_guide.html,data/raw/images/souldrinker_9b9cada564.jpg,data/processed/icons/souldrinker.png,data/processed/debug/souldrinker_crop_debug.jpg,"14,378,197,532",48,64
soulless,Soulless,A,KR-LDV,KR,Knights Revenant,L,Legendary,D,Defense,V,Void,260,https://ayumilove.net/raid-shadow-legends-list-of-champions-by-ranking/,https://ayumilove.net/raid-shadow-legends-soulless-skill-mastery-equip-guide/,https://ayumilove.net/files/games/raid_shadow_legends/champion/Soulless.jpg,data/raw/pages/raid_shadow_legends_soulless_skill_mastery_equip_guide.html,data/raw/images/soulless_41af95579f.jpg,data/processed/icons/soulless.png,data/processed/debug/soulless_crop_debug.jpg,"14,378,197,532",48,64
spider,Spider,B,DE-ESF,DE,Dark Elves,E,Epic,S,Support,F,Force,610,https://ayumilove.net/raid-shadow-legends-list-of-champions-by-ranking/,https://ayumilove.net/raid-shadow-legends-spider-skill-mastery-equip-guide/,https://ayumilove.net/files/games/raid_shadow_legends/champion/Spider.jpg,data/raw/pages/raid_shadow_legends_spider_skill_mastery_equip_guide.html,data/raw/images/spider_33dd48a2c9.jpg,data/processed/icons/spider.png,data/processed/debug/spider_crop_debug.jpg,"14,378,197,532",48,64
spikehead,Spikehead,F,OR-RAM,OR,Orcs,R,Rare,A,Attack,M,Magic,921,https://ayumilove.net/raid-shadow-legends-list-of-champions-by-ranking/,https://ayumilove.net/raid-shadow-legends-spikehead-skill-mastery-equip-guide/,https://ayumilove.net/files/games/raid_shadow_legends/champion/Spikehead.jpg,data/raw/pages/raid_shadow_legends_spikehead_skill_mastery_equip_guide.html,data/raw/images/spikehead_15322bb894.jpg,data/processed/icons/spikehead.png,data/processed/debug/spikehead_crop_debug.jpg,"14,378,197,532",48,64
spirithost,Spirithost,B,DE-RSS,DE,Dark Elves,R,Rare,S,Support,S,Spirit,771,https://ayumilove.net/raid-shadow-legends-list-of-champions-by-ranking/,https://ayumilove.net/raid-shadow-legends-spirithost-skill-mastery-equip-guide/,https://ayumilove.net/files/games/raid_shadow_legends/champion/Spirithost.jpg,data/raw/pages/raid_shadow_legends_spirithost_skill_mastery_equip_guide.html,data/raw/images/spirithost_7276c081b0.jpg,data/processed/icons/spirithost.png,data/processed/debug/spirithost_crop_debug.jpg,"14,378,197,532",48,64
spiritwalker,Spiritwalker,A,BA-USF,BA,Barbarians,U,Uncommon,S,Support,F,Force,947,https://ayumilove.net/raid-shadow-legends-list-of-champions-by-ranking/,https://ayumilove.net/raid-shadow-legends-spiritwalker-skill-mastery-equip-guide/,https://ayumilove.net/files/games/raid_shadow_legends/champion/Spiritwalker.jpg,data/raw/pages/raid_shadow_legends_spiritwalker_skill_mastery_equip_guide.html,data/raw/images/spiritwalker_146b36ee79.jpg,data/processed/icons/spiritwalker.png,data/processed/debug/spiritwalker_crop_debug.jpg,"14,378,197,532",48,64
spymaster,Spymaster,F,BL-RHF,BL,Banner Lords,R,Rare,H,HP,F,Force,922,https://ayumilove.net/raid-shadow-legends-list-of-champions-by-ranking/,https://ayumilove.net/raid-shadow-legends-spymaster-skill-mastery-equip-guide/,https://ayumilove.net/files/games/raid_shadow_legends/champion/Spymaster.jpg,data/raw/pages/raid_shadow_legends_spymaster_skill_mastery_equip_guide.html,data/raw/images/spymaster_f03a7a4df0.jpg,data/processed/icons/spymaster.png,data/processed/debug/spymaster_crop_debug.jpg,"14,378,197,532",48,64
squire,Squire,C,BL-UDF,BL,Banner Lords,U,Uncommon,D,Defense,F,Force,980,https://ayumilove.net/raid-shadow-legends-list-of-champions-by-ranking/,https://ayumilove.net/raid-shadow-legends-squire-skill-mastery-equip-guide/,https://ayumilove.net/files/games/raid_shadow_legends/champion/Squire.jpg,data/raw/pages/raid_shadow_legends_squire_skill_mastery_equip_guide.html,data/raw/images/squire_848216391d.jpg,data/processed/icons/squire.png,data/processed/debug/squire_crop_debug.jpg,"14,378,197,532",48,64
stag_knight,Stag Knight,S,BL-ESS,BL,Banner Lords,E,Epic,S,Support,S,Spirit,430,https://ayumilove.net/raid-shadow-legends-list-of-champions-by-ranking/,https://ayumilove.net/raid-shadow-legends-stag-knight-skill-mastery-equip-guide/,https://ayumilove.net/files/games/raid_shadow_legends/champion/Stag_Knight.jpg,data/raw/pages/raid_shadow_legends_stag_knight_skill_mastery_equip_guide.html,data/raw/images/stag_knight_c035b27a95.jpg,data/processed/icons/stag_knight.png,data/processed/debug/stag_knight_crop_debug.jpg,"14,378,197,532",48,64
stalker,Stalker,F,LZ-UHM,LZ,Lizardmen,U,Uncommon,H,HP,M,Magic,997,https://ayumilove.net/raid-shadow-legends-list-of-champions-by-ranking/,https://ayumilove.net/raid-shadow-legends-stalker-skill-mastery-equip-guide/,https://ayumilove.net/files/games/raid_shadow_legends/champion/Stalker.jpg,data/raw/pages/raid_shadow_legends_stalker_skill_mastery_equip_guide.html,data/raw/images/stalker_b070db09b5.jpg,data/processed/icons/stalker.png,data/processed/debug/stalker_crop_debug.jpg,"14,378,197,532",48,64
staltus_dragonbane,Staltus Dragonbane,A,BL-LDF,BL,Banner Lords,L,Legendary,D,Defense,F,Force,261,https://ayumilove.net/raid-shadow-legends-list-of-champions-by-ranking/,https://ayumilove.net/raid-shadow-legends-staltus-dragonbane-skill-mastery-equip-guide/,https://ayumilove.net/files/games/raid_shadow_legends/champion/Staltus_Dragonbane.jpg,data/raw/pages/raid_shadow_legends_staltus_dragonbane_skill_mastery_equip_guide.html,data/raw/images/staltus_dragonbane_c1eaa03a57.jpg,data/processed/icons/staltus_dragonbane.png,data/processed/debug/staltus_dragonbane_crop_debug.jpg,"14,378,197,532",48,64
stalwart,Stalwart,F,BL-UHM,BL,Banner Lords,U,Uncommon,H,HP,M,Magic,998,https://ayumilove.net/raid-shadow-legends-list-of-champions-by-ranking/,https://ayumilove.net/raid-shadow-legends-stalwart-skill-mastery-equip-guide/,https://ayumilove.net/files/games/raid_shadow_legends/champion/Stalwart.jpg,data/raw/pages/raid_shadow_legends_stalwart_skill_mastery_equip_guide.html,data/raw/images/stalwart_2b534af592.jpg,data/processed/icons/stalwart.png,data/processed/debug/stalwart_crop_debug.jpg,"14,378,197,532",48,64
starsage_galathir,Starsage Galathir,SS,HE-MSF,HE,High Elves,M,Mythical,S,Support,F,Force,5,https://ayumilove.net/raid-shadow-legends-list-of-champions-by-ranking/,https://ayumilove.net/raid-shadow-legends-starsage-galathir-skill-mastery-equip-guide/,https://ayumilove.net/files/games/raid_shadow_legends/champion/Starsage_Galathir.jpg,data/raw/pages/raid_shadow_legends_starsage_galathir_skill_mastery_equip_guide.html,data/raw/images/starsage_galathir_33f5464d65.jpg,data/processed/icons/starsage_galathir.png,data/processed/debug/starsage_galathir_crop_debug.jpg,"14,378,197,532",48,64
steadfast_marshal,Steadfast Marshal,C,BL-RHV,BL,Banner Lords,R,Rare,H,HP,V,Void,860,https://ayumilove.net/raid-shadow-legends-list-of-champions-by-ranking/,https://ayumilove.net/raid-shadow-legends-steadfast-marshal-skill-mastery-equip-guide/,https://ayumilove.net/files/games/raid_shadow_legends/champion/Steadfast_Marshal.jpg,data/raw/pages/raid_shadow_legends_steadfast_marshal_skill_mastery_equip_guide.html,data/raw/images/steadfast_marshal_20e5bf381b.jpg,data/processed/icons/steadfast_marshal.png,data/processed/debug/steadfast_marshal_crop_debug.jpg,"14,378,197,532",48,64
steel_bowyer,Steel Bowyer,F,DE-RAF,DE,Dark Elves,R,Rare,A,Attack,F,Force,923,https://ayumilove.net/raid-shadow-legends-list-of-champions-by-ranking/,https://ayumilove.net/raid-shadow-legends-steel-bowyer-skill-mastery-equip-guide/,https://ayumilove.net/files/games/raid_shadow_legends/champion/Steel_Bowyer.jpg,data/raw/pages/raid_shadow_legends_steel_bowyer_skill_mastery_equip_guide.html,data/raw/images/steel_bowyer_f51f228cf4.jpg,data/processed/icons/steel_bowyer.png,data/processed/debug/steel_bowyer_crop_debug.jpg,"14,378,197,532",48,64
steelskull,Steelskull,A,SW-ESS,SW,Skinwalkers,E,Epic,S,Support,S,Spirit,477,https://ayumilove.net/raid-shadow-legends-list-of-champions-by-ranking/,https://ayumilove.net/raid-shadow-legends-steelskull-skill-mastery-equip-guide/,https://ayumilove.net/files/games/raid_shadow_legends/champion/Steelskull.jpg,data/raw/pages/raid_shadow_legends_steelskull_skill_mastery_equip_guide.html,data/raw/images/steelskull_d772312389.jpg,data/processed/icons/steelskull.png,data/processed/debug/steelskull_crop_debug.jpg,"14,378,197,532",48,64
stitched_beast,Stitched Beast,C,UH-RAV,UH,Undead Hordes,R,Rare,A,Attack,V,Void,861,https://ayumilove.net/raid-shadow-legends-list-of-champions-by-ranking/,https://ayumilove.net/raid-shadow-legends-stitched-beast-skill-mastery-equip-guide/,https://ayumilove.net/files/games/raid_shadow_legends/champion/Stitched_Beast.jpg,data/raw/pages/raid_shadow_legends_stitched_beast_skill_mastery_equip_guide.html,data/raw/images/stitched_beast_ceb96b8983.jpg,data/processed/icons/stitched_beast.png,data/processed/debug/stitched_beast_crop_debug.jpg,"14,378,197,532",48,64
stokk_the_broken,Stokk the Broken,A,OT-LSS,OT,Ogryn Tribes,L,Legendary,S,Support,S,Spirit,262,https://ayumilove.net/raid-shadow-legends-list-of-champions-by-ranking/,https://ayumilove.net/raid-shadow-legends-stokk-the-broken-skill-mastery-equip-guide/,https://ayumilove.net/files/games/raid_shadow_legends/champion/Stokk_the_Broken.jpg,data/raw/pages/raid_shadow_legends_stokk_the_broken_skill_mastery_equip_guide.html,data/raw/images/stokk_the_broken_a2a7da3de0.jpg,data/processed/icons/stokk_the_broken.png,data/processed/debug/stokk_the_broken_crop_debug.jpg,"14,378,197,532",48,64
stonebound_thisbe,Stonebound Thisbe,B,AR-EAM,AR,Argonites,E,Epic,A,Attack,M,Magic,611,https://ayumilove.net/raid-shadow-legends-list-of-champions-by-ranking/,https://ayumilove.net/raid-shadow-legends-stonebound-thisbe-skill-mastery-equip-guide/,https://ayumilove.net/files/games/raid_shadow_legends/champion/Stonebound_Thisbe.jpg,data/raw/pages/raid_shadow_legends_stonebound_thisbe_skill_mastery_equip_guide.html,data/raw/images/stonebound_thisbe_a42cbff780.jpg,data/processed/icons/stonebound_thisbe.png,data/processed/debug/stonebound_thisbe_crop_debug.jpg,"14,378,197,532",48,64
storm_herald_hekaton,Storm Herald Hekaton,S,AR-LDV,AR,Argonites,L,Legendary,D,Defense,V,Void,95,https://ayumilove.net/raid-shadow-legends-list-of-champions-by-ranking/,https://ayumilove.net/raid-shadow-legends-storm-herald-hekaton-skill-mastery-equip-guide/,https://ayumilove.net/files/games/raid_shadow_legends/champion/Storm_Herald_Hekaton.jpg,data/raw/pages/raid_shadow_legends_storm_herald_hekaton_skill_mastery_equip_guide.html,data/raw/images/storm_herald_hekaton_dd44034999.jpg,data/processed/icons/storm_herald_hekaton.png,data/processed/debug/storm_herald_hekaton_crop_debug.jpg,"14,378,197,532",48,64
stout_axeman,Stout Axeman,C,DW-RHM,DW,Dwarves,R,Rare,H,HP,M,Magic,862,https://ayumilove.net/raid-shadow-legends-list-of-champions-by-ranking/,https://ayumilove.net/raid-shadow-legends-stout-axeman-skill-mastery-equip-guide/,https://ayumilove.net/files/games/raid_shadow_legends/champion/Stout_Axeman.jpg,data/raw/pages/raid_shadow_legends_stout_axeman_skill_mastery_equip_guide.html,data/raw/images/stout_axeman_9b88613707.jpg,data/processed/icons/stout_axeman.png,data/processed/debug/stout_axeman_crop_debug.jpg,"14,378,197,532",48,64
strategos_islin,Strategos Islin,B,HE-LDM,HE,High Elves,L,Legendary,D,Defense,M,Magic,377,https://ayumilove.net/raid-shadow-legends-list-of-champions-by-ranking/,https://ayumilove.net/raid-shadow-legends-strategos-islin-skill-mastery-equip-guide/,https://ayumilove.net/files/games/raid_shadow_legends/champion/Strategos_Islin.jpg,data/raw/pages/raid_shadow_legends_strategos_islin_skill_mastery_equip_guide.html,data/raw/images/strategos_islin_209cca317d.jpg,data/processed/icons/strategos_islin.png,data/processed/debug/strategos_islin_crop_debug.jpg,"14,378,197,532",48,64
suiren,Suiren,C,SK-EAF,SK,Shadowkin,E,Epic,A,Attack,F,Force,681,https://ayumilove.net/raid-shadow-legends-list-of-champions-by-ranking/,https://ayumilove.net/raid-shadow-legends-suiren-skill-mastery-equip-guide/,https://ayumilove.net/files/games/raid_shadow_legends/champion/Suiren.jpg,data/raw/pages/raid_shadow_legends_suiren_skill_mastery_equip_guide.html,data/raw/images/suiren_0b83308b83.jpg,data/processed/icons/suiren.png,data/processed/debug/suiren_crop_debug.jpg,"14,378,197,532",48,64
sulfuryion,Sulfuryion,S,LZ-LSV,LZ,Lizardmen,L,Legendary,S,Support,V,Void,96,https://ayumilove.net/raid-shadow-legends-list-of-champions-by-ranking/,https://ayumilove.net/raid-shadow-legends-sulfuryion-skill-mastery-equip-guide/,https://ayumilove.net/files/games/raid_shadow_legends/champion/Sulfuryion.jpg,data/raw/pages/raid_shadow_legends_sulfuryion_skill_mastery_equip_guide.html,data/raw/images/sulfuryion_d6cd544fc1.jpg,data/processed/icons/sulfuryion.png,data/processed/debug/sulfuryion_crop_debug.jpg,"14,378,197,532",48,64
sun_wukong,Sun Wukong,A,SW-LAS,SW,Skinwalkers,L,Legendary,A,Attack,S,Spirit,263,https://ayumilove.net/raid-shadow-legends-list-of-champions-by-ranking/,https://ayumilove.net/raid-shadow-legends-sun-wukong-skill-mastery-equip-guide/,https://ayumilove.net/files/games/raid_shadow_legends/champion/Sun_Wukong.jpg,data/raw/pages/raid_shadow_legends_sun_wukong_skill_mastery_equip_guide.html,data/raw/images/sun_wukong_0130e34aaa.jpg,data/processed/icons/sun_wukong.png,data/processed/debug/sun_wukong_crop_debug.jpg,"14,378,197,532",48,64
sunken_sentinel,Sunken Sentinel,C,AR-RAV,AR,Argonites,R,Rare,A,Attack,V,Void,863,https://ayumilove.net/raid-shadow-legends-list-of-champions-by-ranking/,https://ayumilove.net/raid-shadow-legends-sunken-sentinel-skill-mastery-equip-guide/,https://ayumilove.net/files/games/raid_shadow_legends/champion/Sunken_Sentinel.jpg,data/raw/pages/raid_shadow_legends_sunken_sentinel_skill_mastery_equip_guide.html,data/raw/images/sunken_sentinel_a413589075.jpg,data/processed/icons/sunken_sentinel.png,data/processed/debug/sunken_sentinel_crop_debug.jpg,"14,378,197,532",48,64
suntribe,Suntribe,A,OR-USM,OR,Orcs,U,Uncommon,S,Support,M,Magic,948,https://ayumilove.net/raid-shadow-legends-list-of-champions-by-ranking/,https://ayumilove.net/raid-shadow-legends-suntribe-skill-mastery-equip-guide/,https://ayumilove.net/files/games/raid_shadow_legends/champion/Suntribe.jpg,data/raw/pages/raid_shadow_legends_suntribe_skill_mastery_equip_guide.html,data/raw/images/suntribe_9e969c71a6.jpg,data/processed/icons/suntribe.png,data/processed/debug/suntribe_crop_debug.jpg,"14,378,197,532",48,64
supreme_athel,Supreme Athel,A,SO-LAV,SO,The Sacred Order,L,Legendary,A,Attack,V,Void,264,https://ayumilove.net/raid-shadow-legends-list-of-champions-by-ranking/,https://ayumilove.net/raid-shadow-legends-supreme-athel-skill-mastery-equip-guide/,https://ayumilove.net/files/games/raid_shadow_legends/champion/Supreme_Athel.jpg,data/raw/pages/raid_shadow_legends_supreme_athel_skill_mastery_equip_guide.html,data/raw/images/supreme_athel_771707ff4e.jpg,data/processed/icons/supreme_athel.png,data/processed/debug/supreme_athel_crop_debug.jpg,"14,378,197,532",48,64
supreme_elhain,Supreme Elhain,B,HE-LAV,HE,High Elves,L,Legendary,A,Attack,V,Void,378,https://ayumilove.net/raid-shadow-legends-list-of-champions-by-ranking/,https://ayumilove.net/raid-shadow-legends-supreme-elhain-skill-mastery-equip-guide/,https://ayumilove.net/files/games/raid_shadow_legends/champion/Supreme_Elhain.jpg,data/raw/pages/raid_shadow_legends_supreme_elhain_skill_mastery_equip_guide.html,data/raw/images/supreme_elhain_498be62d5a.jpg,data/processed/icons/supreme_elhain.png,data/processed/debug/supreme_elhain_crop_debug.jpg,"14,378,197,532",48,64
supreme_galek,Supreme Galek,B,OR-LAV,OR,Orcs,L,Legendary,A,Attack,V,Void,379,https://ayumilove.net/raid-shadow-legends-list-of-champions-by-ranking/,https://ayumilove.net/raid-shadow-legends-supreme-galek-skill-mastery-equip-guide/,https://ayumilove.net/files/games/raid_shadow_legends/champion/Supreme_Galek.jpg,data/raw/pages/raid_shadow_legends_supreme_galek_skill_mastery_equip_guide.html,data/raw/images/supreme_galek_000463f772.jpg,data/processed/icons/supreme_galek.png,data/processed/debug/supreme_galek_crop_debug.jpg,"14,378,197,532",48,64
supreme_kael,Supreme Kael,S,DE-LAV,DE,Dark Elves,L,Legendary,A,Attack,V,Void,97,https://ayumilove.net/raid-shadow-legends-list-of-champions-by-ranking/,https://ayumilove.net/raid-shadow-legends-supreme-kael-skill-mastery-equip-guide/,https://ayumilove.net/files/games/raid_shadow_legends/champion/Supreme_Kael.jpg,data/raw/pages/raid_shadow_legends_supreme_kael_skill_mastery_equip_guide.html,data/raw/images/supreme_kael_e111fa4486.jpg,data/processed/icons/supreme_kael.png,data/processed/debug/supreme_kael_crop_debug.jpg,"14,378,197,532",48,64
suwai_firstborn,Suwai Firstborn,B,BA-EAV,BA,Barbarians,E,Epic,A,Attack,V,Void,612,https://ayumilove.net/raid-shadow-legends-list-of-champions-by-ranking/,https://ayumilove.net/raid-shadow-legends-suwai-firstborn-skill-mastery-equip-guide/,https://ayumilove.net/files/games/raid_shadow_legends/champion/Suwai_Firstborn.jpg,data/raw/pages/raid_shadow_legends_suwai_firstborn_skill_mastery_equip_guide.html,data/raw/images/suwai_firstborn_b728b81104.jpg,data/processed/icons/suwai_firstborn.png,data/processed/debug/suwai_firstborn_crop_debug.jpg,"14,378,197,532",48,64
suzerain_katonn,Suzerain Katonn,A,UH-LAS,UH,Undead Hordes,L,Legendary,A,Attack,S,Spirit,265,https://ayumilove.net/raid-shadow-legends-list-of-champions-by-ranking/,https://ayumilove.net/raid-shadow-legends-suzerain-katonn-skill-mastery-equip-guide/,https://ayumilove.net/files/games/raid_shadow_legends/champion/Suzerain_Katonn.jpg,data/raw/pages/raid_shadow_legends_suzerain_katonn_skill_mastery_equip_guide.html,data/raw/images/suzerain_katonn_41ae6d9549.jpg,data/processed/icons/suzerain_katonn.png,data/processed/debug/suzerain_katonn_crop_debug.jpg,"14,378,197,532",48,64
swarmspeaker_zyclic,Swarmspeaker Zyclic,B,DE-LAF,DE,Dark Elves,L,Legendary,A,Attack,F,Force,380,https://ayumilove.net/raid-shadow-legends-list-of-champions-by-ranking/,https://ayumilove.net/raid-shadow-legends-swarmspeaker-zyclic-skill-mastery-equip-guide/,https://ayumilove.net/files/games/raid_shadow_legends/champion/Swarmspeaker_Zyclic.jpg,data/raw/pages/raid_shadow_legends_swarmspeaker_zyclic_skill_mastery_equip_guide.html,data/raw/images/swarmspeaker_zyclic_8da66f542c.jpg,data/processed/icons/swarmspeaker_zyclic.png,data/processed/debug/swarmspeaker_zyclic_crop_debug.jpg,"14,378,197,532",48,64
swordsman,Swordsman,B,BL-CAM,BL,Banner Lords,C,Common,A,Attack,M,Magic,1007,https://ayumilove.net/raid-shadow-legends-list-of-champions-by-ranking/,https://ayumilove.net/raid-shadow-legends-swordsman-skill-mastery-equip-guide/,https://ayumilove.net/files/games/raid_shadow_legends/champion/Swordsman.jpg,data/raw/pages/raid_shadow_legends_swordsman_skill_mastery_equip_guide.html,data/raw/images/swordsman_9cc393bb65.jpg,data/processed/icons/swordsman.png,data/processed/debug/swordsman_crop_debug.jpg,"14,378,197,532",48,64
sydax_king_killer,Sydax King Killer,S,DE-LSS,DE,Dark Elves,L,Legendary,S,Support,S,Spirit,98,https://ayumilove.net/raid-shadow-legends-list-of-champions-by-ranking/,https://ayumilove.net/raid-shadow-legends-sydax-king-killer-skill-mastery-equip-guide/,https://ayumilove.net/files/games/raid_shadow_legends/champion/Sydax_King_Killer.jpg,data/raw/pages/raid_shadow_legends_sydax_king_killer_skill_mastery_equip_guide.html,data/raw/images/sydax_king_killer_1d53293925.jpg,data/processed/icons/sydax_king_killer.png,data/processed/debug/sydax_king_killer_crop_debug.jpg,"14,378,197,532",48,64
tagoar,Tagoar,A,OR-ESM,OR,Orcs,E,Epic,S,Support,M,Magic,478,https://ayumilove.net/raid-shadow-legends-list-of-champions-by-ranking/,https://ayumilove.net/raid-shadow-legends-tagoar-skill-mastery-equip-guide/,https://ayumilove.net/files/games/raid_shadow_legends/champion/Tagoar.jpg,data/raw/pages/raid_shadow_legends_tagoar_skill_mastery_equip_guide.html,data/raw/images/tagoar_937c8c9836.jpg,data/processed/icons/tagoar.png,data/processed/debug/tagoar_crop_debug.jpg,"14,378,197,532",48,64
tainix_hateflower,Tainix Hateflower,B,DS-ESF,DS,Demonspawn,E,Epic,S,Support,F,Force,613,https://ayumilove.net/raid-shadow-legends-list-of-champions-by-ranking/,https://ayumilove.net/raid-shadow-legends-tainix-hateflower-skill-mastery-equip-guide/,https://ayumilove.net/files/games/raid_shadow_legends/champion/Tainix_Hateflower.jpg,data/raw/pages/raid_shadow_legends_tainix_hateflower_skill_mastery_equip_guide.html,data/raw/images/tainix_hateflower_d627775a93.jpg,data/processed/icons/tainix_hateflower.png,data/processed/debug/tainix_hateflower_crop_debug.jpg,"14,378,197,532",48,64
tallia,Tallia,C,SO-EAM,SO,The Sacred Order,E,Epic,A,Attack,M,Magic,682,https://ayumilove.net/raid-shadow-legends-list-of-champions-by-ranking/,https://ayumilove.net/raid-shadow-legends-tallia-skill-mastery-equip-guide/,https://ayumilove.net/files/games/raid_shadow_legends/champion/Tallia.jpg,data/raw/pages/raid_shadow_legends_tallia_skill_mastery_equip_guide.html,data/raw/images/tallia_fdc01c8670.jpg,data/processed/icons/tallia.png,data/processed/debug/tallia_crop_debug.jpg,"14,378,197,532",48,64
taras_the_fierce,Taras the Fierce,S,BL-LHV,BL,Banner Lords,L,Legendary,H,HP,V,Void,99,https://ayumilove.net/raid-shadow-legends-list-of-champions-by-ranking/,https://ayumilove.net/raid-shadow-legends-taras-the-fierce-skill-mastery-equip-guide/,https://ayumilove.net/files/games/raid_shadow_legends/champion/Taras_the_Fierce.jpg,data/raw/pages/raid_shadow_legends_taras_the_fierce_skill_mastery_equip_guide.html,data/raw/images/taras_the_fierce_262249863f.jpg,data/processed/icons/taras_the_fierce.png,data/processed/debug/taras_the_fierce_crop_debug.jpg,"14,378,197,532",48,64
tarshon,Tarshon,C,DS-EDS,DS,Demonspawn,E,Epic,D,Defense,S,Spirit,683,https://ayumilove.net/raid-shadow-legends-list-of-champions-by-ranking/,https://ayumilove.net/raid-shadow-legends-tarshon-skill-mastery-equip-guide/,https://ayumilove.net/files/games/raid_shadow_legends/champion/Tarshon.jpg,data/raw/pages/raid_shadow_legends_tarshon_skill_mastery_equip_guide.html,data/raw/images/tarshon_398f35710a.jpg,data/processed/icons/tarshon.png,data/processed/debug/tarshon_crop_debug.jpg,"14,378,197,532",48,64
tatsu,Tatsu,B,SK-LAF,SK,Shadowkin,L,Legendary,A,Attack,F,Force,381,https://ayumilove.net/raid-shadow-legends-list-of-champions-by-ranking/,https://ayumilove.net/raid-shadow-legends-tatsu-skill-mastery-equip-guide/,https://ayumilove.net/files/games/raid_shadow_legends/champion/Tatsu.jpg,data/raw/pages/raid_shadow_legends_tatsu_skill_mastery_equip_guide.html,data/raw/images/tatsu_7b0e7ee7af.jpg,data/processed/icons/tatsu.png,data/processed/debug/tatsu_crop_debug.jpg,"14,378,197,532",48,64
tatura_rimehide,Tatura Rimehide,B,HE-LDS,HE,High Elves,L,Legendary,D,Defense,S,Spirit,382,https://ayumilove.net/raid-shadow-legends-list-of-champions-by-ranking/,https://ayumilove.net/raid-shadow-legends-tatura-rimehide-skill-mastery-equip-guide/,https://ayumilove.net/files/games/raid_shadow_legends/champion/Tatura_Rimehide.jpg,data/raw/pages/raid_shadow_legends_tatura_rimehide_skill_mastery_equip_guide.html,data/raw/images/tatura_rimehide_c50e318581.jpg,data/processed/icons/tatura_rimehide.png,data/processed/debug/tatura_rimehide_crop_debug.jpg,"14,378,197,532",48,64
taurus,Taurus,B,SW-EAM,SW,Skinwalkers,E,Epic,A,Attack,M,Magic,614,https://ayumilove.net/raid-shadow-legends-list-of-champions-by-ranking/,https://ayumilove.net/raid-shadow-legends-taurus-skill-mastery-equip-guide/,https://ayumilove.net/files/games/raid_shadow_legends/champion/Taurus.jpg,data/raw/pages/raid_shadow_legends_taurus_skill_mastery_equip_guide.html,data/raw/images/taurus_f3b8b78d18.jpg,data/processed/icons/taurus.png,data/processed/debug/taurus_crop_debug.jpg,"14,378,197,532",48,64
taya,Taya,B,SK-EAV,SK,Shadowkin,E,Epic,A,Attack,V,Void,615,https://ayumilove.net/raid-shadow-legends-list-of-champions-by-ranking/,https://ayumilove.net/raid-shadow-legends-taya-skill-mastery-equip-guide/,https://ayumilove.net/files/games/raid_shadow_legends/champion/Taya.jpg,data/raw/pages/raid_shadow_legends_taya_skill_mastery_equip_guide.html,data/raw/images/taya_ac5d840cea.jpg,data/processed/icons/taya.png,data/processed/debug/taya_crop_debug.jpg,"14,378,197,532",48,64
tayrel,Tayrel,S,HE-EDM,HE,High Elves,E,Epic,D,Defense,M,Magic,431,https://ayumilove.net/raid-shadow-legends-list-of-champions-by-ranking/,https://ayumilove.net/raid-shadow-legends-tayrel-skill-mastery-equip-guide/,https://ayumilove.net/files/games/raid_shadow_legends/champion/Tayrel.jpg,data/raw/pages/raid_shadow_legends_tayrel_skill_mastery_equip_guide.html,data/raw/images/tayrel_d706c24c5d.jpg,data/processed/icons/tayrel.png,data/processed/debug/tayrel_crop_debug.jpg,"14,378,197,532",48,64
teela_goremane,Teela Goremane,B,OR-LSM,OR,Orcs,L,Legendary,S,Support,M,Magic,383,https://ayumilove.net/raid-shadow-legends-list-of-champions-by-ranking/,https://ayumilove.net/raid-shadow-legends-teela-goremane-skill-mastery-equip-guide/,https://ayumilove.net/files/games/raid_shadow_legends/champion/Teela_Goremane.jpg,data/raw/pages/raid_shadow_legends_teela_goremane_skill_mastery_equip_guide.html,data/raw/images/teela_goremane_2c5d617724.jpg,data/processed/icons/teela_goremane.png,data/processed/debug/teela_goremane_crop_debug.jpg,"14,378,197,532",48,64
tekteon_fissureflesh,Tekteon Fissureflesh,S,AR-LHV,AR,Argonites,L,Legendary,H,HP,V,Void,100,https://ayumilove.net/raid-shadow-legends-list-of-champions-by-ranking/,https://ayumilove.net/raid-shadow-legends-tekteon-fissureflesh-skill-mastery-equip-guide/,https://ayumilove.net/files/games/raid_shadow_legends/champion/Tekteon_Fissureflesh.jpg,data/raw/pages/raid_shadow_legends_tekteon_fissureflesh_skill_mastery_equip_guide.html,data/raw/images/tekteon_fissureflesh_c3afaf5249.jpg,data/processed/icons/tekteon_fissureflesh.png,data/processed/debug/tekteon_fissureflesh_crop_debug.jpg,"14,378,197,532",48,64
templar,Templar,B,SO-RDS,SO,The Sacred Order,R,Rare,D,Defense,S,Spirit,772,https://ayumilove.net/raid-shadow-legends-list-of-champions-by-ranking/,https://ayumilove.net/raid-shadow-legends-templar-skill-mastery-equip-guide/,https://ayumilove.net/files/games/raid_shadow_legends/champion/Templar.jpg,data/raw/pages/raid_shadow_legends_templar_skill_mastery_equip_guide.html,data/raw/images/templar_e42bb6bcdf.jpg,data/processed/icons/templar.png,data/processed/debug/templar_crop_debug.jpg,"14,378,197,532",48,64
temptress,Temptress,C,UH-RAM,UH,Undead Hordes,R,Rare,A,Attack,M,Magic,864,https://ayumilove.net/raid-shadow-legends-list-of-champions-by-ranking/,https://ayumilove.net/raid-shadow-legends-temptress-skill-mastery-equip-guide/,https://ayumilove.net/files/games/raid_shadow_legends/champion/Temptress.jpg,data/raw/pages/raid_shadow_legends_temptress_skill_mastery_equip_guide.html,data/raw/images/temptress_01df098ad9.jpg,data/processed/icons/temptress.png,data/processed/debug/temptress_crop_debug.jpg,"14,378,197,532",48,64
teodor_the_savant,Teodor the Savant,S,KR-LSS,KR,Knights Revenant,L,Legendary,S,Support,S,Spirit,101,https://ayumilove.net/raid-shadow-legends-list-of-champions-by-ranking/,https://ayumilove.net/raid-shadow-legends-teodor-the-savant-skill-mastery-equip-guide/,https://ayumilove.net/files/games/raid_shadow_legends/champion/Teodor_the_Savant.jpg,data/raw/pages/raid_shadow_legends_teodor_the_savant_skill_mastery_equip_guide.html,data/raw/images/teodor_the_savant_9c4f8822f7.jpg,data/processed/icons/teodor_the_savant.png,data/processed/debug/teodor_the_savant_crop_debug.jpg,"14,378,197,532",48,64
terrorbeast,Terrorbeast,C,OR-EHS,OR,Orcs,E,Epic,H,HP,S,Spirit,684,https://ayumilove.net/raid-shadow-legends-list-of-champions-by-ranking/,https://ayumilove.net/raid-shadow-legends-terrorbeast-skill-mastery-equip-guide/,https://ayumilove.net/files/games/raid_shadow_legends/champion/Terrorbeast.jpg,data/raw/pages/raid_shadow_legends_terrorbeast_skill_mastery_equip_guide.html,data/raw/images/terrorbeast_91be13e076.jpg,data/processed/icons/terrorbeast.png,data/processed/debug/terrorbeast_crop_debug.jpg,"14,378,197,532",48,64
teryx_the_restless,Teryx the Restless,C,LZ-RDV,LZ,Lizardmen,R,Rare,D,Defense,V,Void,865,https://ayumilove.net/raid-shadow-legends-list-of-champions-by-ranking/,https://ayumilove.net/raid-shadow-legends-teryx-the-restless-skill-mastery-equip-guide/,https://ayumilove.net/files/games/raid_shadow_legends/champion/Teryx_the_Restless.jpg,data/raw/pages/raid_shadow_legends_teryx_the_restless_skill_mastery_equip_guide.html,data/raw/images/teryx_the_restless_d29e91e24a.jpg,data/processed/icons/teryx_the_restless.png,data/processed/debug/teryx_the_restless_crop_debug.jpg,"14,378,197,532",48,64
teshada,Teshada,C,BA-EDF,BA,Barbarians,E,Epic,D,Defense,F,Force,685,https://ayumilove.net/raid-shadow-legends-list-of-champions-by-ranking/,https://ayumilove.net/raid-shadow-legends-teshada-skill-mastery-equip-guide/,https://ayumilove.net/files/games/raid_shadow_legends/champion/Teshada.jpg,data/raw/pages/raid_shadow_legends_teshada_skill_mastery_equip_guide.html,data/raw/images/teshada_0f709bc08a.jpg,data/processed/icons/teshada.png,data/processed/debug/teshada_crop_debug.jpg,"14,378,197,532",48,64
tetsuya_the_deliverer,Tetsuya the Deliverer,S,SK-LAM,SK,Shadowkin,L,Legendary,A,Attack,M,Magic,102,https://ayumilove.net/raid-shadow-legends-list-of-champions-by-ranking/,https://ayumilove.net/raid-shadow-legends-tetsuya-the-deliverer-skill-mastery-equip-guide/,https://ayumilove.net/files/games/raid_shadow_legends/champion/Tetsuya_the_Deliverer.jpg,data/raw/pages/raid_shadow_legends_tetsuya_the_deliverer_skill_mastery_equip_guide.html,data/raw/images/tetsuya_the_deliverer_c8e70a4b27.jpg,data/processed/icons/tetsuya_the_deliverer.png,data/processed/debug/tetsuya_the_deliverer_crop_debug.jpg,"14,378,197,532",48,64
teumesia,Teumesia,A,SW-LAV,SW,Skinwalkers,L,Legendary,A,Attack,V,Void,266,https://ayumilove.net/raid-shadow-legends-list-of-champions-by-ranking/,https://ayumilove.net/raid-shadow-legends-teumesia-skill-mastery-equip-guide/,https://ayumilove.net/files/games/raid_shadow_legends/champion/Teumesia.jpg,data/raw/pages/raid_shadow_legends_teumesia_skill_mastery_equip_guide.html,data/raw/images/teumesia_5a9cfb89fc.jpg,data/processed/icons/teumesia.png,data/processed/debug/teumesia_crop_debug.jpg,"14,378,197,532",48,64
the_calamitus,The Calamitus,B,UH-MAS,UH,Undead Hordes,M,Mythical,A,Attack,S,Spirit,29,https://ayumilove.net/raid-shadow-legends-list-of-champions-by-ranking/,https://ayumilove.net/raid-shadow-legends-the-calamitus-skill-mastery-equip-guide/,https://ayumilove.net/files/games/raid_shadow_legends/champion/The_Calamitus.jpg,data/raw/pages/raid_shadow_legends_the_calamitus_skill_mastery_equip_guide.html,data/raw/images/the_calamitus_659f393731.jpg,data/processed/icons/the_calamitus.png,data/processed/debug/the_calamitus_crop_debug.jpg,"14,378,197,532",48,64
the_incarnate,The Incarnate,A,HE-LDF,HE,High Elves,L,Legendary,D,Defense,F,Force,267,https://ayumilove.net/raid-shadow-legends-list-of-champions-by-ranking/,https://ayumilove.net/raid-shadow-legends-the-incarnate-skill-mastery-equip-guide/,https://ayumilove.net/files/games/raid_shadow_legends/champion/The_Incarnate.jpg,data/raw/pages/raid_shadow_legends_the_incarnate_skill_mastery_equip_guide.html,data/raw/images/the_incarnate_fd865f09f3.jpg,data/processed/icons/the_incarnate.png,data/processed/debug/the_incarnate_crop_debug.jpg,"14,378,197,532",48,64
thea_the_tomb_angel,Thea the Tomb Angel,B,KR-LAF,KR,Knights Revenant,L,Legendary,A,Attack,F,Force,384,https://ayumilove.net/raid-shadow-legends-list-of-champions-by-ranking/,https://ayumilove.net/raid-shadow-legends-thea-the-tomb-angel-skill-mastery-equip-guide/,https://ayumilove.net/files/games/raid_shadow_legends/champion/Thea_the_Tomb_Angel.jpg,data/raw/pages/raid_shadow_legends_thea_the_tomb_angel_skill_mastery_equip_guide.html,data/raw/images/thea_the_tomb_angel_dec6437382.jpg,data/processed/icons/thea_the_tomb_angel.png,data/processed/debug/thea_the_tomb_angel_crop_debug.jpg,"14,378,197,532",48,64
thenasil,Thenasil,B,HE-ESF,HE,High Elves,E,Epic,S,Support,F,Force,616,https://ayumilove.net/raid-shadow-legends-list-of-champions-by-ranking/,https://ayumilove.net/raid-shadow-legends-thenasil-skill-mastery-equip-guide/,https://ayumilove.net/files/games/raid_shadow_legends/champion/Thenasil.jpg,data/raw/pages/raid_shadow_legends_thenasil_skill_mastery_equip_guide.html,data/raw/images/thenasil_ff259ce405.jpg,data/processed/icons/thenasil.png,data/processed/debug/thenasil_crop_debug.jpg,"14,378,197,532",48,64
theodosia_the_disgraced,Theodosia the Disgraced,SS,UH-MSF,UH,Undead Hordes,M,Mythical,S,Support,F,Force,6,https://ayumilove.net/raid-shadow-legends-list-of-champions-by-ranking/,https://ayumilove.net/raid-shadow-legends-theodosia-the-disgraced-skill-mastery-equip-guide/,https://ayumilove.net/files/games/raid_shadow_legends/champion/Theodosia_the_Disgraced.jpg,data/raw/pages/raid_shadow_legends_theodosia_the_disgraced_skill_mastery_equip_guide.html,data/raw/images/theodosia_the_disgraced_80532287ec.jpg,data/processed/icons/theodosia_the_disgraced.png,data/processed/debug/theodosia_the_disgraced_crop_debug.jpg,"14,378,197,532",48,64
theresc,Theresc,B,DE-EAF,DE,Dark Elves,E,Epic,A,Attack,F,Force,617,https://ayumilove.net/raid-shadow-legends-list-of-champions-by-ranking/,https://ayumilove.net/raid-shadow-legends-theresc-skill-mastery-equip-guide/,https://ayumilove.net/files/games/raid_shadow_legends/champion/Theresc.jpg,data/raw/pages/raid_shadow_legends_theresc_skill_mastery_equip_guide.html,data/raw/images/theresc_7503e911d4.jpg,data/processed/icons/theresc.png,data/processed/debug/theresc_crop_debug.jpg,"14,378,197,532",48,64
theurgist,Theurgist,B,KR-RSM,KR,Knights Revenant,R,Rare,S,Support,M,Magic,773,https://ayumilove.net/raid-shadow-legends-list-of-champions-by-ranking/,https://ayumilove.net/raid-shadow-legends-theurgist-skill-mastery-equip-guide/,https://ayumilove.net/files/games/raid_shadow_legends/champion/Theurgist.jpg,data/raw/pages/raid_shadow_legends_theurgist_skill_mastery_equip_guide.html,data/raw/images/theurgist_207900cad6.jpg,data/processed/icons/theurgist.png,data/processed/debug/theurgist_crop_debug.jpg,"14,378,197,532",48,64
tholin_foulbeard,Tholin Foulbeard,A,DW-LAF,DW,Dwarves,L,Legendary,A,Attack,F,Force,268,https://ayumilove.net/raid-shadow-legends-list-of-champions-by-ranking/,https://ayumilove.net/raid-shadow-legends-tholin-foulbeard-skill-mastery-equip-guide/,https://ayumilove.net/files/games/raid_shadow_legends/champion/Tholin_Foulbeard.jpg,data/raw/pages/raid_shadow_legends_tholin_foulbeard_skill_mastery_equip_guide.html,data/raw/images/tholin_foulbeard_48119fadc9.jpg,data/processed/icons/tholin_foulbeard.png,data/processed/debug/tholin_foulbeard_crop_debug.jpg,"14,378,197,532",48,64
thor_faehammer,Thor Faehammer,A,BA-LAM,BA,Barbarians,L,Legendary,A,Attack,M,Magic,269,https://ayumilove.net/raid-shadow-legends-list-of-champions-by-ranking/,https://ayumilove.net/raid-shadow-legends-thor-faehammer-skill-mastery-equip-guide/,https://ayumilove.net/files/games/raid_shadow_legends/champion/Thor_Faehammer.jpg,data/raw/pages/raid_shadow_legends_thor_faehammer_skill_mastery_equip_guide.html,data/raw/images/thor_faehammer_f8b868f4df.jpg,data/processed/icons/thor_faehammer.png,data/processed/debug/thor_faehammer_crop_debug.jpg,"14,378,197,532",48,64
thorn_golem,Thorn Golem,B,SY-EDV,SY,Sylvan Watchers,E,Epic,D,Defense,V,Void,618,https://ayumilove.net/raid-shadow-legends-list-of-champions-by-ranking/,https://ayumilove.net/raid-shadow-legends-thorn-golem-skill-mastery-equip-guide/,https://ayumilove.net/files/games/raid_shadow_legends/champion/Thorn_Golem.jpg,data/raw/pages/raid_shadow_legends_thorn_golem_skill_mastery_equip_guide.html,data/raw/images/thorn_golem_3bd0f7db73.jpg,data/processed/icons/thorn_golem.png,data/processed/debug/thorn_golem_crop_debug.jpg,"14,378,197,532",48,64
thrall,Thrall,F,KR-CAM,KR,Knights Revenant,C,Common,A,Attack,M,Magic,1018,https://ayumilove.net/raid-shadow-legends-list-of-champions-by-ranking/,https://ayumilove.net/raid-shadow-legends-thrall-skill-mastery-equip-guide/,https://ayumilove.net/files/games/raid_shadow_legends/champion/Thrall.jpg,data/raw/pages/raid_shadow_legends_thrall_skill_mastery_equip_guide.html,data/raw/images/thrall_95f6029b58.jpg,data/processed/icons/thrall.png,data/processed/debug/thrall_crop_debug.jpg,"14,378,197,532",48,64
thrasher,Thrasher,F,OT-UAS,OT,Ogryn Tribes,U,Uncommon,A,Attack,S,Spirit,999,https://ayumilove.net/raid-shadow-legends-list-of-champions-by-ranking/,https://ayumilove.net/raid-shadow-legends-thrasher-skill-mastery-equip-guide/,https://ayumilove.net/files/games/raid_shadow_legends/champion/Thrasher.jpg,data/raw/pages/raid_shadow_legends_thrasher_skill_mastery_equip_guide.html,data/raw/images/thrasher_7391ad7e8f.jpg,data/processed/icons/thrasher.png,data/processed/debug/thrasher_crop_debug.jpg,"14,378,197,532",48,64
throatcutter,Throatcutter,F,OR-UAS,OR,Orcs,U,Uncommon,A,Attack,S,Spirit,1000,https://ayumilove.net/raid-shadow-legends-list-of-champions-by-ranking/,https://ayumilove.net/raid-shadow-legends-throatcutter-skill-mastery-equip-guide/,https://ayumilove.net/files/games/raid_shadow_legends/champion/Throatcutter.jpg,data/raw/pages/raid_shadow_legends_throatcutter_skill_mastery_equip_guide.html,data/raw/images/throatcutter_eb79090469.jpg,data/processed/icons/throatcutter.png,data/processed/debug/throatcutter_crop_debug.jpg,"14,378,197,532",48,64
thylessia,Thylessia,B,KR-EAF,KR,Knights Revenant,E,Epic,A,Attack,F,Force,619,https://ayumilove.net/raid-shadow-legends-list-of-champions-by-ranking/,https://ayumilove.net/raid-shadow-legends-thylessia-skill-mastery-equip-guide/,https://ayumilove.net/files/games/raid_shadow_legends/champion/Thylessia.jpg,data/raw/pages/raid_shadow_legends_thylessia_skill_mastery_equip_guide.html,data/raw/images/thylessia_5a01bbefe7.jpg,data/processed/icons/thylessia.png,data/processed/debug/thylessia_crop_debug.jpg,"14,378,197,532",48,64
tidemaster_dexikos,Tidemaster Dexikos,B,AR-ESM,AR,Argonites,E,Epic,S,Support,M,Magic,620,https://ayumilove.net/raid-shadow-legends-list-of-champions-by-ranking/,https://ayumilove.net/raid-shadow-legends-tidemaster-dexikos-skill-mastery-equip-guide/,https://ayumilove.net/files/games/raid_shadow_legends/champion/Tidemaster_Dexikos.jpg,data/raw/pages/raid_shadow_legends_tidemaster_dexikos_skill_mastery_equip_guide.html,data/raw/images/tidemaster_dexikos_dc32b47de9.jpg,data/processed/icons/tidemaster_dexikos.png,data/processed/debug/tidemaster_dexikos_crop_debug.jpg,"14,378,197,532",48,64
tigersoul,Tigersoul,C,BA-RAS,BA,Barbarians,R,Rare,A,Attack,S,Spirit,866,https://ayumilove.net/raid-shadow-legends-list-of-champions-by-ranking/,https://ayumilove.net/raid-shadow-legends-tigersoul-skill-mastery-equip-guide/,https://ayumilove.net/files/games/raid_shadow_legends/champion/Tigersoul.jpg,data/raw/pages/raid_shadow_legends_tigersoul_skill_mastery_equip_guide.html,data/raw/images/tigersoul_417973a4bc.jpg,data/processed/icons/tigersoul.png,data/processed/debug/tigersoul_crop_debug.jpg,"14,378,197,532",48,64
timit_the_fool,Timit the Fool,B,BL-LHF,BL,Banner Lords,L,Legendary,H,HP,F,Force,385,https://ayumilove.net/raid-shadow-legends-list-of-champions-by-ranking/,https://ayumilove.net/raid-shadow-legends-timit-the-fool-skill-mastery-equip-guide/,https://ayumilove.net/files/games/raid_shadow_legends/champion/Timit_the_Fool.jpg,data/raw/pages/raid_shadow_legends_timit_the_fool_skill_mastery_equip_guide.html,data/raw/images/timit_the_fool_2913776bf6.jpg,data/processed/icons/timit_the_fool.png,data/processed/debug/timit_the_fool_crop_debug.jpg,"14,378,197,532",48,64
titus_blackplume,Titus Blackplume,S,BL-LDV,BL,Banner Lords,L,Legendary,D,Defense,V,Void,103,https://ayumilove.net/raid-shadow-legends-list-of-champions-by-ranking/,https://ayumilove.net/raid-shadow-legends-titus-blackplume-skill-mastery-equip-guide/,https://ayumilove.net/files/games/raid_shadow_legends/champion/Titus_Blackplume.jpg,data/raw/pages/raid_shadow_legends_titus_blackplume_skill_mastery_equip_guide.html,data/raw/images/titus_blackplume_74ace8f1c1.jpg,data/processed/icons/titus_blackplume.png,data/processed/debug/titus_blackplume_crop_debug.jpg,"14,378,197,532",48,64
togron_the_conjoined,Togron the Conjoined,S,OT-LSV,OT,Ogryn Tribes,L,Legendary,S,Support,V,Void,104,https://ayumilove.net/raid-shadow-legends-list-of-champions-by-ranking/,https://ayumilove.net/raid-shadow-legends-togron-the-conjoined-skill-mastery-equip-guide/,https://ayumilove.net/files/games/raid_shadow_legends/champion/Togron_the_Conjoined.jpg,data/raw/pages/raid_shadow_legends_togron_the_conjoined_skill_mastery_equip_guide.html,data/raw/images/togron_the_conjoined_6df6245b2b.jpg,data/processed/icons/togron_the_conjoined.png,data/processed/debug/togron_the_conjoined_crop_debug.jpg,"14,378,197,532",48,64
tolf_the_maimed,Tolf the Maimed,C,OR-EHV,OR,Orcs,E,Epic,H,HP,V,Void,686,https://ayumilove.net/raid-shadow-legends-list-of-champions-by-ranking/,https://ayumilove.net/raid-shadow-legends-tolf-the-maimed-skill-mastery-equip-guide/,https://ayumilove.net/files/games/raid_shadow_legends/champion/Tolf_the_Maimed.jpg,data/raw/pages/raid_shadow_legends_tolf_the_maimed_skill_mastery_equip_guide.html,data/raw/images/tolf_the_maimed_a2a762be60.jpg,data/processed/icons/tolf_the_maimed.png,data/processed/debug/tolf_the_maimed_crop_debug.jpg,"14,378,197,532",48,64
tomb_lord,Tomb Lord,A,KR-LSS,KR,Knights Revenant,L,Legendary,S,Support,S,Spirit,270,https://ayumilove.net/raid-shadow-legends-list-of-champions-by-ranking/,https://ayumilove.net/raid-shadow-legends-tomb-lord-skill-mastery-equip-guide/,https://ayumilove.net/files/games/raid_shadow_legends/champion/Tomb_Lord.jpg,data/raw/pages/raid_shadow_legends_tomb_lord_skill_mastery_equip_guide.html,data/raw/images/tomb_lord_8f2323c77b.jpg,data/processed/icons/tomb_lord.png,data/processed/debug/tomb_lord_crop_debug.jpg,"14,378,197,532",48,64
tomoe,Tomoe,C,SK-ESF,SK,Shadowkin,E,Epic,S,Support,F,Force,687,https://ayumilove.net/raid-shadow-legends-list-of-champions-by-ranking/,https://ayumilove.net/raid-shadow-legends-tomoe-skill-mastery-equip-guide/,https://ayumilove.net/files/games/raid_shadow_legends/champion/Tomoe.jpg,data/raw/pages/raid_shadow_legends_tomoe_skill_mastery_equip_guide.html,data/raw/images/tomoe_0c802e4fa9.jpg,data/processed/icons/tomoe.png,data/processed/debug/tomoe_crop_debug.jpg,"14,378,197,532",48,64
toragi_the_frog,Toragi the Frog,A,SK-EHM,SK,Shadowkin,E,Epic,H,HP,M,Magic,479,https://ayumilove.net/raid-shadow-legends-list-of-champions-by-ranking/,https://ayumilove.net/raid-shadow-legends-toragi-the-frog-skill-mastery-equip-guide/,https://ayumilove.net/files/games/raid_shadow_legends/champion/Toragi_the_Frog.jpg,data/raw/pages/raid_shadow_legends_toragi_the_frog_skill_mastery_equip_guide.html,data/raw/images/toragi_the_frog_e9453a489b.jpg,data/processed/icons/toragi_the_frog.png,data/processed/debug/toragi_the_frog_crop_debug.jpg,"14,378,197,532",48,64
tormentor,Tormentor,C,DS-RAM,DS,Demonspawn,R,Rare,A,Attack,M,Magic,867,https://ayumilove.net/raid-shadow-legends-list-of-champions-by-ranking/,https://ayumilove.net/raid-shadow-legends-tormentor-skill-mastery-equip-guide/,https://ayumilove.net/files/games/raid_shadow_legends/champion/Tormentor.jpg,data/raw/pages/raid_shadow_legends_tormentor_skill_mastery_equip_guide.html,data/raw/images/tormentor_ffdb663adb.jpg,data/processed/icons/tormentor.png,data/processed/debug/tormentor_crop_debug.jpg,"14,378,197,532",48,64
tormin_the_cold,Tormin the Cold,A,DW-LDV,DW,Dwarves,L,Legendary,D,Defense,V,Void,271,https://ayumilove.net/raid-shadow-legends-list-of-champions-by-ranking/,https://ayumilove.net/raid-shadow-legends-tormin-the-cold-skill-mastery-equip-guide/,https://ayumilove.net/files/games/raid_shadow_legends/champion/Tormin_the_Cold.jpg,data/raw/pages/raid_shadow_legends_tormin_the_cold_skill_mastery_equip_guide.html,data/raw/images/tormin_the_cold_87fad5d1fc.jpg,data/processed/icons/tormin_the_cold.png,data/processed/debug/tormin_the_cold_crop_debug.jpg,"14,378,197,532",48,64
torturehelm,Torturehelm,C,OR-EHF,OR,Orcs,E,Epic,H,HP,F,Force,688,https://ayumilove.net/raid-shadow-legends-list-of-champions-by-ranking/,https://ayumilove.net/raid-shadow-legends-torturehelm-skill-mastery-equip-guide/,https://ayumilove.net/files/games/raid_shadow_legends/champion/Torturehelm.jpg,data/raw/pages/raid_shadow_legends_torturehelm_skill_mastery_equip_guide.html,data/raw/images/torturehelm_56d320fbcb.jpg,data/processed/icons/torturehelm.png,data/processed/debug/torturehelm_crop_debug.jpg,"14,378,197,532",48,64
toshiro_the_bloody,Toshiro the Bloody,B,SK-MAM,SK,Shadowkin,M,Mythical,A,Attack,M,Magic,30,https://ayumilove.net/raid-shadow-legends-list-of-champions-by-ranking/,https://ayumilove.net/raid-shadow-legends-toshiro-the-bloody-skill-mastery-equip-guide/,https://ayumilove.net/files/games/raid_shadow_legends/champion/Toshiro_the_Bloody.jpg,data/raw/pages/raid_shadow_legends_toshiro_the_bloody_skill_mastery_equip_guide.html,data/raw/images/toshiro_the_bloody_299f087f9c.jpg,data/processed/icons/toshiro_the_bloody.png,data/processed/debug/toshiro_the_bloody_crop_debug.jpg,"14,378,197,532",48,64
totem,Totem,F,OR-RSS,OR,Orcs,R,Rare,S,Support,S,Spirit,924,https://ayumilove.net/raid-shadow-legends-list-of-champions-by-ranking/,https://ayumilove.net/raid-shadow-legends-totem-skill-mastery-equip-guide/,https://ayumilove.net/files/games/raid_shadow_legends/champion/Totem.jpg,data/raw/pages/raid_shadow_legends_totem_skill_mastery_equip_guide.html,data/raw/images/totem_2276bcb96a.jpg,data/processed/icons/totem.png,data/processed/debug/totem_crop_debug.jpg,"14,378,197,532",48,64
towering_titan,Towering Titan,B,OT-EHV,OT,Ogryn Tribes,E,Epic,H,HP,V,Void,621,https://ayumilove.net/raid-shadow-legends-list-of-champions-by-ranking/,https://ayumilove.net/raid-shadow-legends-towering-titan-skill-mastery-equip-guide/,https://ayumilove.net/files/games/raid_shadow_legends/champion/Towering_Titan.jpg,data/raw/pages/raid_shadow_legends_towering_titan_skill_mastery_equip_guide.html,data/raw/images/towering_titan_f37756618a.jpg,data/processed/icons/towering_titan.png,data/processed/debug/towering_titan_crop_debug.jpg,"14,378,197,532",48,64
tracker,Tracker,F,OR-UAF,OR,Orcs,U,Uncommon,A,Attack,F,Force,1001,https://ayumilove.net/raid-shadow-legends-list-of-champions-by-ranking/,https://ayumilove.net/raid-shadow-legends-tracker-skill-mastery-equip-guide/,https://ayumilove.net/files/games/raid_shadow_legends/champion/Tracker.jpg,data/raw/pages/raid_shadow_legends_tracker_skill_mastery_equip_guide.html,data/raw/images/tracker_7af40a766f.jpg,data/processed/icons/tracker.png,data/processed/debug/tracker_crop_debug.jpg,"14,378,197,532",48,64
tramaria,Tramaria,A,DE-LSV,DE,Dark Elves,L,Legendary,S,Support,V,Void,272,https://ayumilove.net/raid-shadow-legends-list-of-champions-by-ranking/,https://ayumilove.net/raid-shadow-legends-tramaria-skill-mastery-equip-guide/,https://ayumilove.net/files/games/raid_shadow_legends/champion/Tramaria.jpg,data/raw/pages/raid_shadow_legends_tramaria_skill_mastery_equip_guide.html,data/raw/images/tramaria_2c0b01cbae.jpg,data/processed/icons/tramaria.png,data/processed/debug/tramaria_crop_debug.jpg,"14,378,197,532",48,64
treefeller,Treefeller,F,OR-RAF,OR,Orcs,R,Rare,A,Attack,F,Force,925,https://ayumilove.net/raid-shadow-legends-list-of-champions-by-ranking/,https://ayumilove.net/raid-shadow-legends-treefeller-skill-mastery-equip-guide/,https://ayumilove.net/files/games/raid_shadow_legends/champion/Treefeller.jpg,data/raw/pages/raid_shadow_legends_treefeller_skill_mastery_equip_guide.html,data/raw/images/treefeller_4745285b15.jpg,data/processed/icons/treefeller.png,data/processed/debug/treefeller_crop_debug.jpg,"14,378,197,532",48,64
treeshield_knott,Treeshield Knott,B,SY-RSV,SY,Sylvan Watchers,R,Rare,S,Support,V,Void,774,https://ayumilove.net/raid-shadow-legends-list-of-champions-by-ranking/,https://ayumilove.net/raid-shadow-legends-treeshield-knott-skill-mastery-equip-guide/,https://ayumilove.net/files/games/raid_shadow_legends/champion/Treeshield_Knott.jpg,data/raw/pages/raid_shadow_legends_treeshield_knott_skill_mastery_equip_guide.html,data/raw/images/treeshield_knott_f8810f0a00.jpg,data/processed/icons/treeshield_knott.png,data/processed/debug/treeshield_knott_crop_debug.jpg,"14,378,197,532",48,64
tribuck_colwyn,Tribuck Colwyn,C,SY-RDM,SY,Sylvan Watchers,R,Rare,D,Defense,M,Magic,868,https://ayumilove.net/raid-shadow-legends-list-of-champions-by-ranking/,https://ayumilove.net/raid-shadow-legends-tribuck-colwyn-skill-mastery-equip-guide/,https://ayumilove.net/files/games/raid_shadow_legends/champion/Tribuck_Colwyn.jpg,data/raw/pages/raid_shadow_legends_tribuck_colwyn_skill_mastery_equip_guide.html,data/raw/images/tribuck_colwyn_85477d8dc2.jpg,data/processed/icons/tribuck_colwyn.png,data/processed/debug/tribuck_colwyn_crop_debug.jpg,"14,378,197,532",48,64
tribune_herakletes,Tribune Herakletes,A,UH-LDS,UH,Undead Hordes,L,Legendary,D,Defense,S,Spirit,273,https://ayumilove.net/raid-shadow-legends-list-of-champions-by-ranking/,https://ayumilove.net/raid-shadow-legends-tribune-herakletes-skill-mastery-equip-guide/,https://ayumilove.net/files/games/raid_shadow_legends/champion/Tribune_Herakletes.jpg,data/raw/pages/raid_shadow_legends_tribune_herakletes_skill_mastery_equip_guide.html,data/raw/images/tribune_herakletes_c6409acaf1.jpg,data/processed/icons/tribune_herakletes.png,data/processed/debug/tribune_herakletes_crop_debug.jpg,"14,378,197,532",48,64
troglodyte,Troglodyte,F,LZ-CDS,LZ,Lizardmen,C,Common,D,Defense,S,Spirit,1019,https://ayumilove.net/raid-shadow-legends-list-of-champions-by-ranking/,https://ayumilove.net/raid-shadow-legends-troglodyte-skill-mastery-equip-guide/,https://ayumilove.net/files/games/raid_shadow_legends/champion/Troglodyte.jpg,data/raw/pages/raid_shadow_legends_troglodyte_skill_mastery_equip_guide.html,data/raw/images/troglodyte_f85c36d3b2.jpg,data/processed/icons/troglodyte.png,data/processed/debug/troglodyte_crop_debug.jpg,"14,378,197,532",48,64
truath,Truath,B,DE-LHM,DE,Dark Elves,L,Legendary,H,HP,M,Magic,386,https://ayumilove.net/raid-shadow-legends-list-of-champions-by-ranking/,https://ayumilove.net/raid-shadow-legends-truath-skill-mastery-equip-guide/,https://ayumilove.net/files/games/raid_shadow_legends/champion/Truath.jpg,data/raw/pages/raid_shadow_legends_truath_skill_mastery_equip_guide.html,data/raw/images/truath_9984ad0c02.jpg,data/processed/icons/truath.png,data/processed/debug/truath_crop_debug.jpg,"14,378,197,532",48,64
trugorr,Trugorr,F,BA-RAM,BA,Barbarians,R,Rare,A,Attack,M,Magic,926,https://ayumilove.net/raid-shadow-legends-list-of-champions-by-ranking/,https://ayumilove.net/raid-shadow-legends-trugorr-skill-mastery-equip-guide/,https://ayumilove.net/files/games/raid_shadow_legends/champion/Trugorr.jpg,data/raw/pages/raid_shadow_legends_trugorr_skill_mastery_equip_guide.html,data/raw/images/trugorr_a9afb78223.jpg,data/processed/icons/trugorr.png,data/processed/debug/trugorr_crop_debug.jpg,"14,378,197,532",48,64
trumborr,Trumborr,B,OR-EDS,OR,Orcs,E,Epic,D,Defense,S,Spirit,622,https://ayumilove.net/raid-shadow-legends-list-of-champions-by-ranking/,https://ayumilove.net/raid-shadow-legends-trumborr-skill-mastery-equip-guide/,https://ayumilove.net/files/games/raid_shadow_legends/champion/Trumborr.jpg,data/raw/pages/raid_shadow_legends_trumborr_skill_mastery_equip_guide.html,data/raw/images/trumborr_c4a9c8b950.jpg,data/processed/icons/trumborr.png,data/processed/debug/trumborr_crop_debug.jpg,"14,378,197,532",48,64
trunda_giltmallet,Trunda Giltmallet,A,DW-LAM,DW,Dwarves,L,Legendary,A,Attack,M,Magic,274,https://ayumilove.net/raid-shadow-legends-list-of-champions-by-ranking/,https://ayumilove.net/raid-shadow-legends-trunda-giltmallet-skill-mastery-equip-guide/,https://ayumilove.net/files/games/raid_shadow_legends/champion/Trunda_Giltmallet.jpg,data/raw/pages/raid_shadow_legends_trunda_giltmallet_skill_mastery_equip_guide.html,data/raw/images/trunda_giltmallet_dbd56965c2.jpg,data/processed/icons/trunda_giltmallet.png,data/processed/debug/trunda_giltmallet_crop_debug.jpg,"14,378,197,532",48,64
tuhak_the_wanderer,Tuhak the Wanderer,A,OR-EAV,OR,Orcs,E,Epic,A,Attack,V,Void,480,https://ayumilove.net/raid-shadow-legends-list-of-champions-by-ranking/,https://ayumilove.net/raid-shadow-legends-tuhak-the-wanderer-skill-mastery-equip-guide/,https://ayumilove.net/files/games/raid_shadow_legends/champion/Tuhak_the_Wanderer.jpg,data/raw/pages/raid_shadow_legends_tuhak_the_wanderer_skill_mastery_equip_guide.html,data/raw/images/tuhak_the_wanderer_87afe91ec0.jpg,data/processed/icons/tuhak_the_wanderer.png,data/processed/debug/tuhak_the_wanderer_crop_debug.jpg,"14,378,197,532",48,64
tuhanarak,Tuhanarak,S,BA-LSV,BA,Barbarians,L,Legendary,S,Support,V,Void,105,https://ayumilove.net/raid-shadow-legends-list-of-champions-by-ranking/,https://ayumilove.net/raid-shadow-legends-tuhanarak-skill-mastery-equip-guide/,https://ayumilove.net/files/games/raid_shadow_legends/champion/Tuhanarak.jpg,data/raw/pages/raid_shadow_legends_tuhanarak_skill_mastery_equip_guide.html,data/raw/images/tuhanarak_f0cccd7cab.jpg,data/processed/icons/tuhanarak.png,data/processed/debug/tuhanarak_crop_debug.jpg,"14,378,197,532",48,64
tunnel_steward,Tunnel Steward,C,DW-UAS,DW,Dwarves,U,Uncommon,A,Attack,S,Spirit,981,https://ayumilove.net/raid-shadow-legends-list-of-champions-by-ranking/,https://ayumilove.net/raid-shadow-legends-tunnel-steward-skill-mastery-equip-guide/,https://ayumilove.net/files/games/raid_shadow_legends/champion/Tunnel_Steward.jpg,data/raw/pages/raid_shadow_legends_tunnel_steward_skill_mastery_equip_guide.html,data/raw/images/tunnel_steward_430389fa44.jpg,data/processed/icons/tunnel_steward.png,data/processed/debug/tunnel_steward_crop_debug.jpg,"14,378,197,532",48,64
turvold,Turvold,S,BA-LAV,BA,Barbarians,L,Legendary,A,Attack,V,Void,106,https://ayumilove.net/raid-shadow-legends-list-of-champions-by-ranking/,https://ayumilove.net/raid-shadow-legends-turvold-skill-mastery-equip-guide/,https://ayumilove.net/files/games/raid_shadow_legends/champion/Turvold.jpg,data/raw/pages/raid_shadow_legends_turvold_skill_mastery_equip_guide.html,data/raw/images/turvold_0ac6dd2beb.jpg,data/processed/icons/turvold.png,data/processed/debug/turvold_crop_debug.jpg,"14,378,197,532",48,64
twinclaw_disciple,Twinclaw Disciple,F,OR-RAF,OR,Orcs,R,Rare,A,Attack,F,Force,927,https://ayumilove.net/raid-shadow-legends-list-of-champions-by-ranking/,https://ayumilove.net/raid-shadow-legends-twinclaw-disciple-skill-mastery-equip-guide/,https://ayumilove.net/files/games/raid_shadow_legends/champion/Twinclaw_Disciple.jpg,data/raw/pages/raid_shadow_legends_twinclaw_disciple_skill_mastery_equip_guide.html,data/raw/images/twinclaw_disciple_954f1ebf96.jpg,data/processed/icons/twinclaw_disciple.png,data/processed/debug/twinclaw_disciple_crop_debug.jpg,"14,378,197,532",48,64
tyrant_ixlimor,Tyrant Ixlimor,A,DS-LHM,DS,Demonspawn,L,Legendary,H,HP,M,Magic,275,https://ayumilove.net/raid-shadow-legends-list-of-champions-by-ranking/,https://ayumilove.net/raid-shadow-legends-tyrant-ixlimor-skill-mastery-equip-guide/,https://ayumilove.net/files/games/raid_shadow_legends/champion/Tyrant_Ixlimor.jpg,data/raw/pages/raid_shadow_legends_tyrant_ixlimor_skill_mastery_equip_guide.html,data/raw/images/tyrant_ixlimor_25a1ce5d5b.jpg,data/processed/icons/tyrant_ixlimor.png,data/processed/debug/tyrant_ixlimor_crop_debug.jpg,"14,378,197,532",48,64
ugir_the_wyrmeater,Ugir the Wyrmeater,A,OT-LHS,OT,Ogryn Tribes,L,Legendary,H,HP,S,Spirit,276,https://ayumilove.net/raid-shadow-legends-list-of-champions-by-ranking/,https://ayumilove.net/raid-shadow-legends-ugir-the-wyrmeater-skill-mastery-equip-guide/,https://ayumilove.net/files/games/raid_shadow_legends/champion/Ugir_the_Wyrmeater.jpg,data/raw/pages/raid_shadow_legends_ugir_the_wyrmeater_skill_mastery_equip_guide.html,data/raw/images/ugir_the_wyrmeater_398808a747.jpg,data/processed/icons/ugir_the_wyrmeater.png,data/processed/debug/ugir_the_wyrmeater_crop_debug.jpg,"14,378,197,532",48,64
ultan_of_the_shell,Ultan of the Shell,B,DE-LAS,DE,Dark Elves,L,Legendary,A,Attack,S,Spirit,387,https://ayumilove.net/raid-shadow-legends-list-of-champions-by-ranking/,https://ayumilove.net/raid-shadow-legends-ultan-of-the-shell-skill-mastery-equip-guide/,https://ayumilove.net/files/games/raid_shadow_legends/champion/Ultan_of_the_Shell.jpg,data/raw/pages/raid_shadow_legends_ultan_of_the_shell_skill_mastery_equip_guide.html,data/raw/images/ultan_of_the_shell_de98210f07.jpg,data/processed/icons/ultan_of_the_shell.png,data/processed/debug/ultan_of_the_shell_crop_debug.jpg,"14,378,197,532",48,64
ultimate_deathknight,Ultimate Deathknight,S,UH-LDF,UH,Undead Hordes,L,Legendary,D,Defense,F,Force,107,https://ayumilove.net/raid-shadow-legends-list-of-champions-by-ranking/,https://ayumilove.net/raid-shadow-legends-ultimate-deathknight-skill-mastery-equip-guide/,https://ayumilove.net/files/games/raid_shadow_legends/champion/Ultimate_Deathknight.jpg,data/raw/pages/raid_shadow_legends_ultimate_deathknight_skill_mastery_equip_guide.html,data/raw/images/ultimate_deathknight_7326e5b661.jpg,data/processed/icons/ultimate_deathknight.png,data/processed/debug/ultimate_deathknight_crop_debug.jpg,"14,378,197,532",48,64
ultimate_galek,Ultimate Galek,B,OR-EAM,OR,Orcs,E,Epic,A,Attack,M,Magic,623,https://ayumilove.net/raid-shadow-legends-list-of-champions-by-ranking/,https://ayumilove.net/raid-shadow-legends-ultimate-galek-skill-mastery-equip-guide/,https://ayumilove.net/files/games/raid_shadow_legends/champion/Ultimate_Galek.jpg,data/raw/pages/raid_shadow_legends_ultimate_galek_skill_mastery_equip_guide.html,data/raw/images/ultimate_galek_d13639f184.jpg,data/processed/icons/ultimate_galek.png,data/processed/debug/ultimate_galek_crop_debug.jpg,"14,378,197,532",48,64
umbral_enchantress,Umbral Enchantress,B,DS-EDV,DS,Demonspawn,E,Epic,D,Defense,V,Void,624,https://ayumilove.net/raid-shadow-legends-list-of-champions-by-ranking/,https://ayumilove.net/raid-shadow-legends-umbral-enchantress-skill-mastery-equip-guide/,https://ayumilove.net/files/games/raid_shadow_legends/champion/Umbral_Enchantress.jpg,data/raw/pages/raid_shadow_legends_umbral_enchantress_skill_mastery_equip_guide.html,data/raw/images/umbral_enchantress_436aa5575f.jpg,data/processed/icons/umbral_enchantress.png,data/processed/debug/umbral_enchantress_crop_debug.jpg,"14,378,197,532",48,64
umetogi,Umetogi,F,SK-EAM,SK,Shadowkin,E,Epic,A,Attack,M,Magic,700,https://ayumilove.net/raid-shadow-legends-list-of-champions-by-ranking/,https://ayumilove.net/raid-shadow-legends-umetogi-skill-mastery-equip-guide/,https://ayumilove.net/files/games/raid_shadow_legends/champion/Umetogi.jpg,data/raw/pages/raid_shadow_legends_umetogi_skill_mastery_equip_guide.html,data/raw/images/umetogi_db105b3963.jpg,data/processed/icons/umetogi.png,data/processed/debug/umetogi_crop_debug.jpg,"14,378,197,532",48,64
underpriest_brogni,Underpriest Brogni,S,DW-LSM,DW,Dwarves,L,Legendary,S,Support,M,Magic,108,https://ayumilove.net/raid-shadow-legends-list-of-champions-by-ranking/,https://ayumilove.net/raid-shadow-legends-underpriest-brogni-skill-mastery-equip-guide/,https://ayumilove.net/files/games/raid_shadow_legends/champion/Underpriest_Brogni.jpg,data/raw/pages/raid_shadow_legends_underpriest_brogni_skill_mastery_equip_guide.html,data/raw/images/underpriest_brogni_c3e93ad0a3.jpg,data/processed/icons/underpriest_brogni.png,data/processed/debug/underpriest_brogni_crop_debug.jpg,"14,378,197,532",48,64
urogrim,Urogrim,A,OT-ESV,OT,Ogryn Tribes,E,Epic,S,Support,V,Void,481,https://ayumilove.net/raid-shadow-legends-list-of-champions-by-ranking/,https://ayumilove.net/raid-shadow-legends-urogrim-skill-mastery-equip-guide/,https://ayumilove.net/files/games/raid_shadow_legends/champion/Urogrim.jpg,data/raw/pages/raid_shadow_legends_urogrim_skill_mastery_equip_guide.html,data/raw/images/urogrim_065c9b022a.jpg,data/processed/icons/urogrim.png,data/processed/debug/urogrim_crop_debug.jpg,"14,378,197,532",48,64
urost_the_soulcage,Urost the Soulcage,A,UH-LHV,UH,Undead Hordes,L,Legendary,H,HP,V,Void,277,https://ayumilove.net/raid-shadow-legends-list-of-champions-by-ranking/,https://ayumilove.net/raid-shadow-legends-urost-the-soulcage-skill-mastery-equip-guide/,https://ayumilove.net/files/games/raid_shadow_legends/champion/Urost_the_Soulcage.jpg,data/raw/pages/raid_shadow_legends_urost_the_soulcage_skill_mastery_equip_guide.html,data/raw/images/urost_the_soulcage_ad3dd998de.jpg,data/processed/icons/urost_the_soulcage.png,data/processed/debug/urost_the_soulcage_crop_debug.jpg,"14,378,197,532",48,64
ursala_the_mourner,Ursala the Mourner,S,BL-ESV,BL,Banner Lords,E,Epic,S,Support,V,Void,432,https://ayumilove.net/raid-shadow-legends-list-of-champions-by-ranking/,https://ayumilove.net/raid-shadow-legends-ursala-the-mourner-skill-mastery-equip-guide/,https://ayumilove.net/files/games/raid_shadow_legends/champion/Ursala_the_Mourner.jpg,data/raw/pages/raid_shadow_legends_ursala_the_mourner_skill_mastery_equip_guide.html,data/raw/images/ursala_the_mourner_4aaf903fa9.jpg,data/processed/icons/ursala_the_mourner.png,data/processed/debug/ursala_the_mourner_crop_debug.jpg,"14,378,197,532",48,64
ursine_icecrusher,Ursine Icecrusher,C,SW-EDF,SW,Skinwalkers,E,Epic,D,Defense,F,Force,689,https://ayumilove.net/raid-shadow-legends-list-of-champions-by-ranking/,https://ayumilove.net/raid-shadow-legends-ursine-icecrusher-skill-mastery-equip-guide/,https://ayumilove.net/files/games/raid_shadow_legends/champion/Ursine_Icecrusher.jpg,data/raw/pages/raid_shadow_legends_ursine_icecrusher_skill_mastery_equip_guide.html,data/raw/images/ursine_icecrusher_5faabb6a8b.jpg,data/processed/icons/ursine_icecrusher.png,data/processed/debug/ursine_icecrusher_crop_debug.jpg,"14,378,197,532",48,64
ursine_ironhide,Ursine Ironhide,B,SW-EDF,SW,Skinwalkers,E,Epic,D,Defense,F,Force,625,https://ayumilove.net/raid-shadow-legends-list-of-champions-by-ranking/,https://ayumilove.net/raid-shadow-legends-ursine-ironhide-skill-mastery-equip-guide/,https://ayumilove.net/files/games/raid_shadow_legends/champion/Ursine_Ironhide.jpg,data/raw/pages/raid_shadow_legends_ursine_ironhide_skill_mastery_equip_guide.html,data/raw/images/ursine_ironhide_9a259af313.jpg,data/processed/icons/ursine_ironhide.png,data/processed/debug/ursine_ironhide_crop_debug.jpg,"14,378,197,532",48,64
ursuga_warcaller,Ursuga Warcaller,A,BA-LHV,BA,Barbarians,L,Legendary,H,HP,V,Void,278,https://ayumilove.net/raid-shadow-legends-list-of-champions-by-ranking/,https://ayumilove.net/raid-shadow-legends-ursuga-warcaller-skill-mastery-equip-guide/,https://ayumilove.net/files/games/raid_shadow_legends/champion/Ursuga_Warcaller.jpg,data/raw/pages/raid_shadow_legends_ursuga_warcaller_skill_mastery_equip_guide.html,data/raw/images/ursuga_warcaller_0544c17fce.jpg,data/processed/icons/ursuga_warcaller.png,data/processed/debug/ursuga_warcaller_crop_debug.jpg,"14,378,197,532",48,64
urticata,Urticata,C,DS-EAS,DS,Demonspawn,E,Epic,A,Attack,S,Spirit,690,https://ayumilove.net/raid-shadow-legends-list-of-champions-by-ranking/,https://ayumilove.net/raid-shadow-legends-urticata-skill-mastery-equip-guide/,https://ayumilove.net/files/games/raid_shadow_legends/champion/Urticata.jpg,data/raw/pages/raid_shadow_legends_urticata_skill_mastery_equip_guide.html,data/raw/images/urticata_46b64859d3.jpg,data/processed/icons/urticata.png,data/processed/debug/urticata_crop_debug.jpg,"14,378,197,532",48,64
uugo,Uugo,S,OT-ESM,OT,Ogryn Tribes,E,Epic,S,Support,M,Magic,433,https://ayumilove.net/raid-shadow-legends-list-of-champions-by-ranking/,https://ayumilove.net/raid-shadow-legends-uugo-skill-mastery-equip-guide/,https://ayumilove.net/files/games/raid_shadow_legends/champion/Uugo.jpg,data/raw/pages/raid_shadow_legends_uugo_skill_mastery_equip_guide.html,data/raw/images/uugo_1e05880216.jpg,data/processed/icons/uugo.png,data/processed/debug/uugo_crop_debug.jpg,"14,378,197,532",48,64
uzol_of_the_jade,Uzol of the Jade,A,DW-LAS,DW,Dwarves,L,Legendary,A,Attack,S,Spirit,279,https://ayumilove.net/raid-shadow-legends-list-of-champions-by-ranking/,https://ayumilove.net/raid-shadow-legends-uzol-of-the-jade-skill-mastery-equip-guide/,https://ayumilove.net/files/games/raid_shadow_legends/champion/Uzol_of_the_Jade.jpg,data/raw/pages/raid_shadow_legends_uzol_of_the_jade_skill_mastery_equip_guide.html,data/raw/images/uzol_of_the_jade_b818687339.jpg,data/processed/icons/uzol_of_the_jade.png,data/processed/debug/uzol_of_the_jade_crop_debug.jpg,"14,378,197,532",48,64
vagabond,Vagabond,F,SK-RSS,SK,Shadowkin,R,Rare,S,Support,S,Spirit,928,https://ayumilove.net/raid-shadow-legends-list-of-champions-by-ranking/,https://ayumilove.net/raid-shadow-legends-vagabond-skill-mastery-equip-guide/,https://ayumilove.net/files/games/raid_shadow_legends/champion/Vagabond.jpg,data/raw/pages/raid_shadow_legends_vagabond_skill_mastery_equip_guide.html,data/raw/images/vagabond_9cb1504e15.jpg,data/processed/icons/vagabond.png,data/processed/debug/vagabond_crop_debug.jpg,"14,378,197,532",48,64
valerie,Valerie,C,BL-RSM,BL,Banner Lords,R,Rare,S,Support,M,Magic,869,https://ayumilove.net/raid-shadow-legends-list-of-champions-by-ranking/,https://ayumilove.net/raid-shadow-legends-valerie-skill-mastery-equip-guide/,https://ayumilove.net/files/games/raid_shadow_legends/champion/Valerie.jpg,data/raw/pages/raid_shadow_legends_valerie_skill_mastery_equip_guide.html,data/raw/images/valerie_82fa780532.jpg,data/processed/icons/valerie.png,data/processed/debug/valerie_crop_debug.jpg,"14,378,197,532",48,64
valkanen,Valkanen,A,UH-LAV,UH,Undead Hordes,L,Legendary,A,Attack,V,Void,280,https://ayumilove.net/raid-shadow-legends-list-of-champions-by-ranking/,https://ayumilove.net/raid-shadow-legends-valkanen-skill-mastery-equip-guide/,https://ayumilove.net/files/games/raid_shadow_legends/champion/Valkanen.jpg,data/raw/pages/raid_shadow_legends_valkanen_skill_mastery_equip_guide.html,data/raw/images/valkanen_3abd9af53d.jpg,data/processed/icons/valkanen.png,data/processed/debug/valkanen_crop_debug.jpg,"14,378,197,532",48,64
valkyrie,Valkyrie,S,BA-LDS,BA,Barbarians,L,Legendary,D,Defense,S,Spirit,109,https://ayumilove.net/raid-shadow-legends-list-of-champions-by-ranking/,https://ayumilove.net/raid-shadow-legends-valkyrie-skill-mastery-equip-guide/,https://ayumilove.net/files/games/raid_shadow_legends/champion/Valkyrie.jpg,data/raw/pages/raid_shadow_legends_valkyrie_skill_mastery_equip_guide.html,data/raw/images/valkyrie_a582ad4006.jpg,data/processed/icons/valkyrie.png,data/processed/debug/valkyrie_crop_debug.jpg,"14,378,197,532",48,64
valla,Valla,C,BA-EDS,BA,Barbarians,E,Epic,D,Defense,S,Spirit,691,https://ayumilove.net/raid-shadow-legends-list-of-champions-by-ranking/,https://ayumilove.net/raid-shadow-legends-valla-skill-mastery-equip-guide/,https://ayumilove.net/files/games/raid_shadow_legends/champion/Valla.jpg,data/raw/pages/raid_shadow_legends_valla_skill_mastery_equip_guide.html,data/raw/images/valla_7f486978ab.jpg,data/processed/icons/valla.png,data/processed/debug/valla_crop_debug.jpg,"14,378,197,532",48,64
vanguard,Vanguard,C,BL-RDV,BL,Banner Lords,R,Rare,D,Defense,V,Void,870,https://ayumilove.net/raid-shadow-legends-list-of-champions-by-ranking/,https://ayumilove.net/raid-shadow-legends-vanguard-skill-mastery-equip-guide/,https://ayumilove.net/files/games/raid_shadow_legends/champion/Vanguard.jpg,data/raw/pages/raid_shadow_legends_vanguard_skill_mastery_equip_guide.html,data/raw/images/vanguard_884d2bb1ad.jpg,data/processed/icons/vanguard.png,data/processed/debug/vanguard_crop_debug.jpg,"14,378,197,532",48,64
varl_the_destroyer,Varl the Destroyer,A,OR-LAS,OR,Orcs,L,Legendary,A,Attack,S,Spirit,281,https://ayumilove.net/raid-shadow-legends-list-of-champions-by-ranking/,https://ayumilove.net/raid-shadow-legends-varl-the-destroyer-skill-mastery-equip-guide/,https://ayumilove.net/files/games/raid_shadow_legends/champion/Varl_the_Destroyer.jpg,data/raw/pages/raid_shadow_legends_varl_the_destroyer_skill_mastery_equip_guide.html,data/raw/images/varl_the_destroyer_ddfefaca70.jpg,data/processed/icons/varl_the_destroyer.png,data/processed/debug/varl_the_destroyer_crop_debug.jpg,"14,378,197,532",48,64
vasal_of_the_seal,Vasal of the Seal,B,DS-LHF,DS,Demonspawn,L,Legendary,H,HP,F,Force,388,https://ayumilove.net/raid-shadow-legends-list-of-champions-by-ranking/,https://ayumilove.net/raid-shadow-legends-vasal-of-the-seal-skill-mastery-equip-guide/,https://ayumilove.net/files/games/raid_shadow_legends/champion/Vasal_of_the_Seal.jpg,data/raw/pages/raid_shadow_legends_vasal_of_the_seal_skill_mastery_equip_guide.html,data/raw/images/vasal_of_the_seal_928885a892.jpg,data/processed/icons/vasal_of_the_seal.png,data/processed/debug/vasal_of_the_seal_crop_debug.jpg,"14,378,197,532",48,64
vault_keeper_wixwell,Vault Keeper Wixwell,A,SO-LDF,SO,The Sacred Order,L,Legendary,D,Defense,F,Force,282,https://ayumilove.net/raid-shadow-legends-list-of-champions-by-ranking/,https://ayumilove.net/raid-shadow-legends-vault-keeper-wixwell-skill-mastery-equip-guide/,https://ayumilove.net/files/games/raid_shadow_legends/champion/Vault_Keeper_Wixwell.jpg,data/raw/pages/raid_shadow_legends_vault_keeper_wixwell_skill_mastery_equip_guide.html,data/raw/images/vault_keeper_wixwell_e020551624.jpg,data/processed/icons/vault_keeper_wixwell.png,data/processed/debug/vault_keeper_wixwell_crop_debug.jpg,"14,378,197,532",48,64
venalicia_thrallmother,Venalicia Thrallmother,A,KR-LSF,KR,Knights Revenant,L,Legendary,S,Support,F,Force,283,https://ayumilove.net/raid-shadow-legends-list-of-champions-by-ranking/,https://ayumilove.net/raid-shadow-legends-venalicia-thrallmother-skill-mastery-equip-guide/,https://ayumilove.net/files/games/raid_shadow_legends/champion/Venalicia_Thrallmother.jpg,data/raw/pages/raid_shadow_legends_venalicia_thrallmother_skill_mastery_equip_guide.html,data/raw/images/venalicia_thrallmother_1b288e9d6e.jpg,data/processed/icons/venalicia_thrallmother.png,data/processed/debug/venalicia_thrallmother_crop_debug.jpg,"14,378,197,532",48,64
venomage,Venomage,A,LZ-ESM,LZ,Lizardmen,E,Epic,S,Support,M,Magic,482,https://ayumilove.net/raid-shadow-legends-list-of-champions-by-ranking/,https://ayumilove.net/raid-shadow-legends-venomage-skill-mastery-equip-guide/,https://ayumilove.net/files/games/raid_shadow_legends/champion/Venomage.jpg,data/raw/pages/raid_shadow_legends_venomage_skill_mastery_equip_guide.html,data/raw/images/venomage_83392dee4e.jpg,data/processed/icons/venomage.png,data/processed/debug/venomage_crop_debug.jpg,"14,378,197,532",48,64
venus,Venus,S,SO-LSV,SO,The Sacred Order,L,Legendary,S,Support,V,Void,110,https://ayumilove.net/raid-shadow-legends-list-of-champions-by-ranking/,https://ayumilove.net/raid-shadow-legends-venus-skill-mastery-equip-guide/,https://ayumilove.net/files/games/raid_shadow_legends/champion/Venus.jpg,data/raw/pages/raid_shadow_legends_venus_skill_mastery_equip_guide.html,data/raw/images/venus_21723b4470.jpg,data/processed/icons/venus.png,data/processed/debug/venus_crop_debug.jpg,"14,378,197,532",48,64
vergis,Vergis,A,HE-EDS,HE,High Elves,E,Epic,D,Defense,S,Spirit,483,https://ayumilove.net/raid-shadow-legends-list-of-champions-by-ranking/,https://ayumilove.net/raid-shadow-legends-vergis-skill-mastery-equip-guide/,https://ayumilove.net/files/games/raid_shadow_legends/champion/Vergis.jpg,data/raw/pages/raid_shadow_legends_vergis_skill_mastery_equip_guide.html,data/raw/images/vergis_cc9e452147.jpg,data/processed/icons/vergis.png,data/processed/debug/vergis_crop_debug.jpg,"14,378,197,532",48,64
vergumkaar,Vergumkaar,B,LZ-LSS,LZ,Lizardmen,L,Legendary,S,Support,S,Spirit,389,https://ayumilove.net/raid-shadow-legends-list-of-champions-by-ranking/,https://ayumilove.net/raid-shadow-legends-vergumkaar-skill-mastery-equip-guide/,https://ayumilove.net/files/games/raid_shadow_legends/champion/Vergumkaar.jpg,data/raw/pages/raid_shadow_legends_vergumkaar_skill_mastery_equip_guide.html,data/raw/images/vergumkaar_fdb3812bda.jpg,data/processed/icons/vergumkaar.png,data/processed/debug/vergumkaar_crop_debug.jpg,"14,378,197,532",48,64
versulf_the_grim,Versulf the Grim,B,KR-LHF,KR,Knights Revenant,L,Legendary,H,HP,F,Force,390,https://ayumilove.net/raid-shadow-legends-list-of-champions-by-ranking/,https://ayumilove.net/raid-shadow-legends-versulf-the-grim-skill-mastery-equip-guide/,https://ayumilove.net/files/games/raid_shadow_legends/champion/Versulf_the_Grim.jpg,data/raw/pages/raid_shadow_legends_versulf_the_grim_skill_mastery_equip_guide.html,data/raw/images/versulf_the_grim_493395ea13.jpg,data/processed/icons/versulf_the_grim.png,data/processed/debug/versulf_the_grim_crop_debug.jpg,"14,378,197,532",48,64
vestele_riverthorn,Vestele Riverthorn,SS,SY-LAM,SY,Sylvan Watchers,L,Legendary,A,Attack,M,Magic,38,https://ayumilove.net/raid-shadow-legends-list-of-champions-by-ranking/,https://ayumilove.net/raid-shadow-legends-vestele-riverthorn-skill-mastery-equip-guide/,https://ayumilove.net/files/games/raid_shadow_legends/champion/Vestele_Riverthorn.jpg,data/raw/pages/raid_shadow_legends_vestele_riverthorn_skill_mastery_equip_guide.html,data/raw/images/vestele_riverthorn_57039a3a0d.jpg,data/processed/icons/vestele_riverthorn.png,data/processed/debug/vestele_riverthorn_crop_debug.jpg,"14,378,197,532",48,64
veteran,Veteran,B,OR-RDV,OR,Orcs,R,Rare,D,Defense,V,Void,775,https://ayumilove.net/raid-shadow-legends-list-of-champions-by-ranking/,https://ayumilove.net/raid-shadow-legends-veteran-skill-mastery-equip-guide/,https://ayumilove.net/files/games/raid_shadow_legends/champion/Veteran.jpg,data/raw/pages/raid_shadow_legends_veteran_skill_mastery_equip_guide.html,data/raw/images/veteran_fab5bca8dc.jpg,data/processed/icons/veteran.png,data/processed/debug/veteran_crop_debug.jpg,"14,378,197,532",48,64
vigilante,Vigilante,A,SO-UHS,SO,The Sacred Order,U,Uncommon,H,HP,S,Spirit,949,https://ayumilove.net/raid-shadow-legends-list-of-champions-by-ranking/,https://ayumilove.net/raid-shadow-legends-vigilante-skill-mastery-equip-guide/,https://ayumilove.net/files/games/raid_shadow_legends/champion/Vigilante.jpg,data/raw/pages/raid_shadow_legends_vigilante_skill_mastery_equip_guide.html,data/raw/images/vigilante_ca693f0eb9.jpg,data/processed/icons/vigilante.png,data/processed/debug/vigilante_crop_debug.jpg,"14,378,197,532",48,64
vildrax,Vildrax,F,DS-ESM,DS,Demonspawn,E,Epic,S,Support,M,Magic,701,https://ayumilove.net/raid-shadow-legends-list-of-champions-by-ranking/,https://ayumilove.net/raid-shadow-legends-vildrax-skill-mastery-equip-guide/,https://ayumilove.net/files/games/raid_shadow_legends/champion/Vildrax.jpg,data/raw/pages/raid_shadow_legends_vildrax_skill_mastery_equip_guide.html,data/raw/images/vildrax_b4847bc681.jpg,data/processed/icons/vildrax.png,data/processed/debug/vildrax_crop_debug.jpg,"14,378,197,532",48,64
vilespawn,Vilespawn,C,DS-USS,DS,Demonspawn,U,Uncommon,S,Support,S,Spirit,982,https://ayumilove.net/raid-shadow-legends-list-of-champions-by-ranking/,https://ayumilove.net/raid-shadow-legends-vilespawn-skill-mastery-equip-guide/,https://ayumilove.net/files/games/raid_shadow_legends/champion/Vilespawn.jpg,data/raw/pages/raid_shadow_legends_vilespawn_skill_mastery_equip_guide.html,data/raw/images/vilespawn_86550ffea9.jpg,data/processed/icons/vilespawn.png,data/processed/debug/vilespawn_crop_debug.jpg,"14,378,197,532",48,64
visionary,Visionary,B,DE-ESS,DE,Dark Elves,E,Epic,S,Support,S,Spirit,626,https://ayumilove.net/raid-shadow-legends-list-of-champions-by-ranking/,https://ayumilove.net/raid-shadow-legends-visionary-skill-mastery-equip-guide/,https://ayumilove.net/files/games/raid_shadow_legends/champion/Visionary.jpg,data/raw/pages/raid_shadow_legends_visionary_skill_mastery_equip_guide.html,data/raw/images/visionary_65e44a56bb.jpg,data/processed/icons/visionary.png,data/processed/debug/visionary_crop_debug.jpg,"14,378,197,532",48,64
visix_the_unbowed,Visix the Unbowed,A,DE-LDV,DE,Dark Elves,L,Legendary,D,Defense,V,Void,284,https://ayumilove.net/raid-shadow-legends-list-of-champions-by-ranking/,https://ayumilove.net/raid-shadow-legends-visix-the-unbowed-skill-mastery-equip-guide/,https://ayumilove.net/files/games/raid_shadow_legends/champion/Visix_the_Unbowed.jpg,data/raw/pages/raid_shadow_legends_visix_the_unbowed_skill_mastery_equip_guide.html,data/raw/images/visix_the_unbowed_f9f1f1d97b.jpg,data/processed/icons/visix_the_unbowed.png,data/processed/debug/visix_the_unbowed_crop_debug.jpg,"14,378,197,532",48,64
vitrius_the_anointed,Vitrius the Anointed,A,SO-LAV,SO,The Sacred Order,L,Legendary,A,Attack,V,Void,285,https://ayumilove.net/raid-shadow-legends-list-of-champions-by-ranking/,https://ayumilove.net/raid-shadow-legends-vitrius-the-anointed-skill-mastery-equip-guide/,https://ayumilove.net/files/games/raid_shadow_legends/champion/Vitrius_the_Anointed.jpg,data/raw/pages/raid_shadow_legends_vitrius_the_anointed_skill_mastery_equip_guide.html,data/raw/images/vitrius_the_anointed_9d6c3fca05.jpg,data/processed/icons/vitrius_the_anointed.png,data/processed/debug/vitrius_the_anointed_crop_debug.jpg,"14,378,197,532",48,64
vizier_ovelis,Vizier Ovelis,B,DE-LAF,DE,Dark Elves,L,Legendary,A,Attack,F,Force,391,https://ayumilove.net/raid-shadow-legends-list-of-champions-by-ranking/,https://ayumilove.net/raid-shadow-legends-vizier-ovelis-skill-mastery-equip-guide/,https://ayumilove.net/files/games/raid_shadow_legends/champion/Vizier_Ovelis.jpg,data/raw/pages/raid_shadow_legends_vizier_ovelis_skill_mastery_equip_guide.html,data/raw/images/vizier_ovelis_3236243904.jpg,data/processed/icons/vizier_ovelis.png,data/processed/debug/vizier_ovelis_crop_debug.jpg,"14,378,197,532",48,64
vizug_the_noxious,Vizug the Noxious,S,OT-LHM,OT,Ogryn Tribes,L,Legendary,H,HP,M,Magic,111,https://ayumilove.net/raid-shadow-legends-list-of-champions-by-ranking/,https://ayumilove.net/raid-shadow-legends-vizug-the-noxious-skill-mastery-equip-guide/,https://ayumilove.net/files/games/raid_shadow_legends/champion/Vizug_the_Noxious.jpg,data/raw/pages/raid_shadow_legends_vizug_the_noxious_skill_mastery_equip_guide.html,data/raw/images/vizug_the_noxious_71d35c9e5a.jpg,data/processed/icons/vizug_the_noxious.png,data/processed/debug/vizug_the_noxious_crop_debug.jpg,"14,378,197,532",48,64
vlad_the_nightborn,Vlad the Nightborn,A,UH-LAV,UH,Undead Hordes,L,Legendary,A,Attack,V,Void,286,https://ayumilove.net/raid-shadow-legends-list-of-champions-by-ranking/,https://ayumilove.net/raid-shadow-legends-vlad-the-nightborn-skill-mastery-equip-guide/,https://ayumilove.net/files/games/raid_shadow_legends/champion/Vlad_the_Nightborn.jpg,data/raw/pages/raid_shadow_legends_vlad_the_nightborn_skill_mastery_equip_guide.html,data/raw/images/vlad_the_nightborn_7a9eb9125a.jpg,data/processed/icons/vlad_the_nightborn.png,data/processed/debug/vlad_the_nightborn_crop_debug.jpg,"14,378,197,532",48,64
vogoth,Vogoth,A,UH-EHS,UH,Undead Hordes,E,Epic,H,HP,S,Spirit,484,https://ayumilove.net/raid-shadow-legends-list-of-champions-by-ranking/,https://ayumilove.net/raid-shadow-legends-vogoth-skill-mastery-equip-guide/,https://ayumilove.net/files/games/raid_shadow_legends/champion/Vogoth.jpg,data/raw/pages/raid_shadow_legends_vogoth_skill_mastery_equip_guide.html,data/raw/images/vogoth_970745333d.jpg,data/processed/icons/vogoth.png,data/processed/debug/vogoth_crop_debug.jpg,"14,378,197,532",48,64
vrask,Vrask,A,OR-EHS,OR,Orcs,E,Epic,H,HP,S,Spirit,485,https://ayumilove.net/raid-shadow-legends-list-of-champions-by-ranking/,https://ayumilove.net/raid-shadow-legends-vrask-skill-mastery-equip-guide/,https://ayumilove.net/files/games/raid_shadow_legends/champion/Vrask.jpg,data/raw/pages/raid_shadow_legends_vrask_skill_mastery_equip_guide.html,data/raw/images/vrask_7380e7bd97.jpg,data/processed/icons/vrask.png,data/processed/debug/vrask_crop_debug.jpg,"14,378,197,532",48,64
vulkanos_fumor,Vulkanos Fumor,SS,DS-LDF,DS,Demonspawn,L,Legendary,D,Defense,F,Force,39,https://ayumilove.net/raid-shadow-legends-list-of-champions-by-ranking/,https://ayumilove.net/raid-shadow-legends-vulkanos-fumor-skill-mastery-equip-guide/,https://ayumilove.net/files/games/raid_shadow_legends/champion/Vulkanos_Fumor.jpg,data/raw/pages/raid_shadow_legends_vulkanos_fumor_skill_mastery_equip_guide.html,data/raw/images/vulkanos_fumor_6eb4536bce.jpg,data/processed/icons/vulkanos_fumor.png,data/processed/debug/vulkanos_fumor_crop_debug.jpg,"14,378,197,532",48,64
vulpine,Vulpine,B,UH-UAF,UH,Undead Hordes,U,Uncommon,A,Attack,F,Force,960,https://ayumilove.net/raid-shadow-legends-list-of-champions-by-ranking/,https://ayumilove.net/raid-shadow-legends-vulpine-skill-mastery-equip-guide/,https://ayumilove.net/files/games/raid_shadow_legends/champion/Vulpine.jpg,data/raw/pages/raid_shadow_legends_vulpine_skill_mastery_equip_guide.html,data/raw/images/vulpine_7649991128.jpg,data/processed/icons/vulpine.png,data/processed/debug/vulpine_crop_debug.jpg,"14,378,197,532",48,64
wagonbane,Wagonbane,C,OT-RSM,OT,Ogryn Tribes,R,Rare,S,Support,M,Magic,871,https://ayumilove.net/raid-shadow-legends-list-of-champions-by-ranking/,https://ayumilove.net/raid-shadow-legends-wagonbane-skill-mastery-equip-guide/,https://ayumilove.net/files/games/raid_shadow_legends/champion/Wagonbane.jpg,data/raw/pages/raid_shadow_legends_wagonbane_skill_mastery_equip_guide.html,data/raw/images/wagonbane_d75b320c76.jpg,data/processed/icons/wagonbane.png,data/processed/debug/wagonbane_crop_debug.jpg,"14,378,197,532",48,64
walking_tomb_dreng,Walking Tomb Dreng,B,KR-LHS,KR,Knights Revenant,L,Legendary,H,HP,S,Spirit,392,https://ayumilove.net/raid-shadow-legends-list-of-champions-by-ranking/,https://ayumilove.net/raid-shadow-legends-walking-tomb-dreng-skill-mastery-equip-guide/,https://ayumilove.net/files/games/raid_shadow_legends/champion/Walking_Tomb_Dreng.jpg,data/raw/pages/raid_shadow_legends_walking_tomb_dreng_skill_mastery_equip_guide.html,data/raw/images/walking_tomb_dreng_0ea7bf894d.jpg,data/processed/icons/walking_tomb_dreng.png,data/processed/debug/walking_tomb_dreng_crop_debug.jpg,"14,378,197,532",48,64
wallmaster_othorion,Wallmaster Othorion,S,HE-LAM,HE,High Elves,L,Legendary,A,Attack,M,Magic,112,https://ayumilove.net/raid-shadow-legends-list-of-champions-by-ranking/,https://ayumilove.net/raid-shadow-legends-wallmaster-othorion-skill-mastery-equip-guide/,https://ayumilove.net/files/games/raid_shadow_legends/champion/Wallmaster_Othorion.jpg,data/raw/pages/raid_shadow_legends_wallmaster_othorion_skill_mastery_equip_guide.html,data/raw/images/wallmaster_othorion_673bd4201d.jpg,data/processed/icons/wallmaster_othorion.png,data/processed/debug/wallmaster_othorion_crop_debug.jpg,"14,378,197,532",48,64
wanderer,Wanderer,C,DE-RAS,DE,Dark Elves,R,Rare,A,Attack,S,Spirit,872,https://ayumilove.net/raid-shadow-legends-list-of-champions-by-ranking/,https://ayumilove.net/raid-shadow-legends-wanderer-skill-mastery-equip-guide/,https://ayumilove.net/files/games/raid_shadow_legends/champion/Wanderer.jpg,data/raw/pages/raid_shadow_legends_wanderer_skill_mastery_equip_guide.html,data/raw/images/wanderer_709cc8e5ee.jpg,data/processed/icons/wanderer.png,data/processed/debug/wanderer_crop_debug.jpg,"14,378,197,532",48,64
war_mother,War Mother,B,OT-LAM,OT,Ogryn Tribes,L,Legendary,A,Attack,M,Magic,393,https://ayumilove.net/raid-shadow-legends-list-of-champions-by-ranking/,https://ayumilove.net/raid-shadow-legends-war-mother-skill-mastery-equip-guide/,https://ayumilove.net/files/games/raid_shadow_legends/champion/War_Mother.jpg,data/raw/pages/raid_shadow_legends_war_mother_skill_mastery_equip_guide.html,data/raw/images/war_mother_a91ace50a5.jpg,data/processed/icons/war_mother.png,data/processed/debug/war_mother_crop_debug.jpg,"14,378,197,532",48,64
warboy,Warboy,F,OR-CDM,OR,Orcs,C,Common,D,Defense,M,Magic,1020,https://ayumilove.net/raid-shadow-legends-list-of-champions-by-ranking/,https://ayumilove.net/raid-shadow-legends-warboy-skill-mastery-equip-guide/,https://ayumilove.net/files/games/raid_shadow_legends/champion/Warboy.jpg,data/raw/pages/raid_shadow_legends_warboy_skill_mastery_equip_guide.html,data/raw/images/warboy_0135afe7bb.jpg,data/processed/icons/warboy.png,data/processed/debug/warboy_crop_debug.jpg,"14,378,197,532",48,64
warcaster,Warcaster,B,BL-ESV,BL,Banner Lords,E,Epic,S,Support,V,Void,627,https://ayumilove.net/raid-shadow-legends-list-of-champions-by-ranking/,https://ayumilove.net/raid-shadow-legends-warcaster-skill-mastery-equip-guide/,https://ayumilove.net/files/games/raid_shadow_legends/champion/Warcaster.jpg,data/raw/pages/raid_shadow_legends_warcaster_skill_mastery_equip_guide.html,data/raw/images/warcaster_1cdbc8a43e.jpg,data/processed/icons/warcaster.png,data/processed/debug/warcaster_crop_debug.jpg,"14,378,197,532",48,64
warchanter,Warchanter,B,OR-UHM,OR,Orcs,U,Uncommon,H,HP,M,Magic,961,https://ayumilove.net/raid-shadow-legends-list-of-champions-by-ranking/,https://ayumilove.net/raid-shadow-legends-warchanter-skill-mastery-equip-guide/,https://ayumilove.net/files/games/raid_shadow_legends/champion/Warchanter.jpg,data/raw/pages/raid_shadow_legends_warchanter_skill_mastery_equip_guide.html,data/raw/images/warchanter_7c8aef3060.jpg,data/processed/icons/warchanter.png,data/processed/debug/warchanter_crop_debug.jpg,"14,378,197,532",48,64
warchief,Warchief,B,SW-LDF,SW,Skinwalkers,L,Legendary,D,Defense,F,Force,394,https://ayumilove.net/raid-shadow-legends-list-of-champions-by-ranking/,https://ayumilove.net/raid-shadow-legends-warchief-skill-mastery-equip-guide/,https://ayumilove.net/files/games/raid_shadow_legends/champion/Warchief.jpg,data/raw/pages/raid_shadow_legends_warchief_skill_mastery_equip_guide.html,data/raw/images/warchief_48a375b63f.jpg,data/processed/icons/warchief.png,data/processed/debug/warchief_crop_debug.jpg,"14,378,197,532",48,64
warden,Warden,B,DE-EDS,DE,Dark Elves,E,Epic,D,Defense,S,Spirit,628,https://ayumilove.net/raid-shadow-legends-list-of-champions-by-ranking/,https://ayumilove.net/raid-shadow-legends-warden-skill-mastery-equip-guide/,https://ayumilove.net/files/games/raid_shadow_legends/champion/Warden.jpg,data/raw/pages/raid_shadow_legends_warden_skill_mastery_equip_guide.html,data/raw/images/warden_b28717606b.jpg,data/processed/icons/warden.png,data/processed/debug/warden_crop_debug.jpg,"14,378,197,532",48,64
warlord,Warlord,S,OR-LSV,OR,Orcs,L,Legendary,S,Support,V,Void,113,https://ayumilove.net/raid-shadow-legends-list-of-champions-by-ranking/,https://ayumilove.net/raid-shadow-legends-warlord-skill-mastery-equip-guide/,https://ayumilove.net/files/games/raid_shadow_legends/champion/Warlord.jpg,data/raw/pages/raid_shadow_legends_warlord_skill_mastery_equip_guide.html,data/raw/images/warlord_c32fbe8617.jpg,data/processed/icons/warlord.png,data/processed/debug/warlord_crop_debug.jpg,"14,378,197,532",48,64
warmaiden,Warmaiden,A,BA-RAF,BA,Barbarians,R,Rare,A,Attack,F,Force,716,https://ayumilove.net/raid-shadow-legends-list-of-champions-by-ranking/,https://ayumilove.net/raid-shadow-legends-warmaiden-skill-mastery-equip-guide/,https://ayumilove.net/files/games/raid_shadow_legends/champion/Warmaiden.jpg,data/raw/pages/raid_shadow_legends_warmaiden_skill_mastery_equip_guide.html,data/raw/images/warmaiden_ea14ebbd3f.jpg,data/processed/icons/warmaiden.png,data/processed/debug/warmaiden_crop_debug.jpg,"14,378,197,532",48,64
warpriest,Warpriest,B,SO-RSS,SO,The Sacred Order,R,Rare,S,Support,S,Spirit,776,https://ayumilove.net/raid-shadow-legends-list-of-champions-by-ranking/,https://ayumilove.net/raid-shadow-legends-warpriest-skill-mastery-equip-guide/,https://ayumilove.net/files/games/raid_shadow_legends/champion/Warpriest.jpg,data/raw/pages/raid_shadow_legends_warpriest_skill_mastery_equip_guide.html,data/raw/images/warpriest_3c137288b5.jpg,data/processed/icons/warpriest.png,data/processed/debug/warpriest_crop_debug.jpg,"14,378,197,532",48,64
weregren_suncursed,Weregren Suncursed,C,SW-EAV,SW,Skinwalkers,E,Epic,A,Attack,V,Void,692,https://ayumilove.net/raid-shadow-legends-list-of-champions-by-ranking/,https://ayumilove.net/raid-shadow-legends-weregren-suncursed-skill-mastery-equip-guide/,https://ayumilove.net/files/games/raid_shadow_legends/champion/Weregren_Suncursed.jpg,data/raw/pages/raid_shadow_legends_weregren_suncursed_skill_mastery_equip_guide.html,data/raw/images/weregren_suncursed_fc3ac8e6f3.jpg,data/processed/icons/weregren_suncursed.png,data/processed/debug/weregren_suncursed_crop_debug.jpg,"14,378,197,532",48,64
whisper,Whisper,A,KR-EAV,KR,Knights Revenant,E,Epic,A,Attack,V,Void,486,https://ayumilove.net/raid-shadow-legends-list-of-champions-by-ranking/,https://ayumilove.net/raid-shadow-legends-whisper-skill-mastery-equip-guide/,https://ayumilove.net/files/games/raid_shadow_legends/champion/Whisper.jpg,data/raw/pages/raid_shadow_legends_whisper_skill_mastery_equip_guide.html,data/raw/images/whisper_25bde75761.jpg,data/processed/icons/whisper.png,data/processed/debug/whisper_crop_debug.jpg,"14,378,197,532",48,64
white_dryad_nia,White Dryad Nia,A,SY-EDV,SY,Sylvan Watchers,E,Epic,D,Defense,V,Void,487,https://ayumilove.net/raid-shadow-legends-list-of-champions-by-ranking/,https://ayumilove.net/raid-shadow-legends-white-dryad-nia-skill-mastery-equip-guide/,https://ayumilove.net/files/games/raid_shadow_legends/champion/White_Dryad_Nia.jpg,data/raw/pages/raid_shadow_legends_white_dryad_nia_skill_mastery_equip_guide.html,data/raw/images/white_dryad_nia_a874ae5baf.jpg,data/processed/icons/white_dryad_nia.png,data/processed/debug/white_dryad_nia_crop_debug.jpg,"14,378,197,532",48,64
wight_king_narses,Wight King Narses,A,KR-LHV,KR,Knights Revenant,L,Legendary,H,HP,V,Void,287,https://ayumilove.net/raid-shadow-legends-list-of-champions-by-ranking/,https://ayumilove.net/raid-shadow-legends-wight-king-narses-skill-mastery-equip-guide/,https://ayumilove.net/files/games/raid_shadow_legends/champion/Wight_King_Narses.jpg,data/raw/pages/raid_shadow_legends_wight_king_narses_skill_mastery_equip_guide.html,data/raw/images/wight_king_narses_b18f32f542.jpg,data/processed/icons/wight_king_narses.png,data/processed/debug/wight_king_narses_crop_debug.jpg,"14,378,197,532",48,64
wight_queen_ankora,Wight Queen Ankora,B,KR-LSM,KR,Knights Revenant,L,Legendary,S,Support,M,Magic,395,https://ayumilove.net/raid-shadow-legends-list-of-champions-by-ranking/,https://ayumilove.net/raid-shadow-legends-wight-queen-ankora-skill-mastery-equip-guide/,https://ayumilove.net/files/games/raid_shadow_legends/champion/Wight_Queen_Ankora.jpg,data/raw/pages/raid_shadow_legends_wight_queen_ankora_skill_mastery_equip_guide.html,data/raw/images/wight_queen_ankora_7940ab257e.jpg,data/processed/icons/wight_queen_ankora.png,data/processed/debug/wight_queen_ankora_crop_debug.jpg,"14,378,197,532",48,64
windtalker,Windtalker,A,SW-USM,SW,Skinwalkers,U,Uncommon,S,Support,M,Magic,950,https://ayumilove.net/raid-shadow-legends-list-of-champions-by-ranking/,https://ayumilove.net/raid-shadow-legends-windtalker-skill-mastery-equip-guide/,https://ayumilove.net/files/games/raid_shadow_legends/champion/Windtalker.jpg,data/raw/pages/raid_shadow_legends_windtalker_skill_mastery_equip_guide.html,data/raw/images/windtalker_6b257db3c3.jpg,data/processed/icons/windtalker.png,data/processed/debug/windtalker_crop_debug.jpg,"14,378,197,532",48,64
witness,Witness,F,SO-RSM,SO,The Sacred Order,R,Rare,S,Support,M,Magic,929,https://ayumilove.net/raid-shadow-legends-list-of-champions-by-ranking/,https://ayumilove.net/raid-shadow-legends-witness-skill-mastery-equip-guide/,https://ayumilove.net/files/games/raid_shadow_legends/champion/Witness.jpg,data/raw/pages/raid_shadow_legends_witness_skill_mastery_equip_guide.html,data/raw/images/witness_66bb516ea0.jpg,data/processed/icons/witness.png,data/processed/debug/witness_crop_debug.jpg,"14,378,197,532",48,64
woad_painted,Woad-Painted,B,BA-EHS,BA,Barbarians,E,Epic,H,HP,S,Spirit,629,https://ayumilove.net/raid-shadow-legends-list-of-champions-by-ranking/,https://ayumilove.net/raid-shadow-legends-woad-painted-skill-mastery-equip-guide/,https://ayumilove.net/files/games/raid_shadow_legends/champion/Woad_Painted.jpg,data/raw/pages/raid_shadow_legends_woad_painted_skill_mastery_equip_guide.html,data/raw/images/woad_painted_41ea518c55.jpg,data/processed/icons/woad_painted.png,data/processed/debug/woad_painted_crop_debug.jpg,"14,378,197,532",48,64
word_bearer,Word Bearer,B,BL-USM,BL,Banner Lords,U,Uncommon,S,Support,M,Magic,962,https://ayumilove.net/raid-shadow-legends-list-of-champions-by-ranking/,https://ayumilove.net/raid-shadow-legends-word-bearer-skill-mastery-equip-guide/,https://ayumilove.net/files/games/raid_shadow_legends/champion/Word_Bearer.jpg,data/raw/pages/raid_shadow_legends_word_bearer_skill_mastery_equip_guide.html,data/raw/images/word_bearer_0f009006c4.jpg,data/processed/icons/word_bearer.png,data/processed/debug/word_bearer_crop_debug.jpg,"14,378,197,532",48,64
wretch,Wretch,C,UH-RAF,UH,Undead Hordes,R,Rare,A,Attack,F,Force,873,https://ayumilove.net/raid-shadow-legends-list-of-champions-by-ranking/,https://ayumilove.net/raid-shadow-legends-wretch-skill-mastery-equip-guide/,https://ayumilove.net/files/games/raid_shadow_legends/champion/Wretch.jpg,data/raw/pages/raid_shadow_legends_wretch_skill_mastery_equip_guide.html,data/raw/images/wretch_dc5b2d9978.jpg,data/processed/icons/wretch.png,data/processed/debug/wretch_crop_debug.jpg,"14,378,197,532",48,64
wuji,Wuji,B,SK-EAF,SK,Shadowkin,E,Epic,A,Attack,F,Force,630,https://ayumilove.net/raid-shadow-legends-list-of-champions-by-ranking/,https://ayumilove.net/raid-shadow-legends-wuji-skill-mastery-equip-guide/,https://ayumilove.net/files/games/raid_shadow_legends/champion/Wuji.jpg,data/raw/pages/raid_shadow_legends_wuji_skill_mastery_equip_guide.html,data/raw/images/wuji_5936de6957.jpg,data/processed/icons/wuji.png,data/processed/debug/wuji_crop_debug.jpg,"14,378,197,532",48,64
wurlim_frostking,Wurlim Frostking,A,KR-LDV,KR,Knights Revenant,L,Legendary,D,Defense,V,Void,288,https://ayumilove.net/raid-shadow-legends-list-of-champions-by-ranking/,https://ayumilove.net/raid-shadow-legends-wurlim-frostking-skill-mastery-equip-guide/,https://ayumilove.net/files/games/raid_shadow_legends/champion/Wurlim_Frostking.jpg,data/raw/pages/raid_shadow_legends_wurlim_frostking_skill_mastery_equip_guide.html,data/raw/images/wurlim_frostking_f1b59cac62.jpg,data/processed/icons/wurlim_frostking.png,data/processed/debug/wurlim_frostking_crop_debug.jpg,"14,378,197,532",48,64
wuzgar,Wuzgar,B,OT-EHS,OT,Ogryn Tribes,E,Epic,H,HP,S,Spirit,631,https://ayumilove.net/raid-shadow-legends-list-of-champions-by-ranking/,https://ayumilove.net/raid-shadow-legends-wuzgar-skill-mastery-equip-guide/,https://ayumilove.net/files/games/raid_shadow_legends/champion/Wuzgar.jpg,data/raw/pages/raid_shadow_legends_wuzgar_skill_mastery_equip_guide.html,data/raw/images/wuzgar_7a4ebac55d.jpg,data/processed/icons/wuzgar.png,data/processed/debug/wuzgar_crop_debug.jpg,"14,378,197,532",48,64
wyrennon_the_silken,Wyrennon the Silken,B,SY-ESS,SY,Sylvan Watchers,E,Epic,S,Support,S,Spirit,632,https://ayumilove.net/raid-shadow-legends-list-of-champions-by-ranking/,https://ayumilove.net/raid-shadow-legends-wyrennon-the-silken-skill-mastery-equip-guide/,https://ayumilove.net/files/games/raid_shadow_legends/champion/Wyrennon_the_Silken.jpg,data/raw/pages/raid_shadow_legends_wyrennon_the_silken_skill_mastery_equip_guide.html,data/raw/images/wyrennon_the_silken_ae25981991.jpg,data/processed/icons/wyrennon_the_silken.png,data/processed/debug/wyrennon_the_silken_crop_debug.jpg,"14,378,197,532",48,64
wysteri_vineguard,Wysteri Vineguard,B,SY-EAV,SY,Sylvan Watchers,E,Epic,A,Attack,V,Void,633,https://ayumilove.net/raid-shadow-legends-list-of-champions-by-ranking/,https://ayumilove.net/raid-shadow-legends-wysteri-vineguard-skill-mastery-equip-guide/,https://ayumilove.net/files/games/raid_shadow_legends/champion/Wysteri_Vineguard.jpg,data/raw/pages/raid_shadow_legends_wysteri_vineguard_skill_mastery_equip_guide.html,data/raw/images/wysteri_vineguard_b2ec7e7746.jpg,data/processed/icons/wysteri_vineguard.png,data/processed/debug/wysteri_vineguard_crop_debug.jpg,"14,378,197,532",48,64
wythir_the_crowned,Wythir the Crowned,A,DS-LSF,DS,Demonspawn,L,Legendary,S,Support,F,Force,289,https://ayumilove.net/raid-shadow-legends-list-of-champions-by-ranking/,https://ayumilove.net/raid-shadow-legends-wythir-the-crowned-skill-mastery-equip-guide/,https://ayumilove.net/files/games/raid_shadow_legends/champion/Wythir_the_Crowned.jpg,data/raw/pages/raid_shadow_legends_wythir_the_crowned_skill_mastery_equip_guide.html,data/raw/images/wythir_the_crowned_eb839c580c.jpg,data/processed/icons/wythir_the_crowned.png,data/processed/debug/wythir_the_crowned_crop_debug.jpg,"14,378,197,532",48,64
wyvernbane,Wyvernbane,C,OR-RAS,OR,Orcs,R,Rare,A,Attack,S,Spirit,874,https://ayumilove.net/raid-shadow-legends-list-of-champions-by-ranking/,https://ayumilove.net/raid-shadow-legends-wyvernbane-skill-mastery-equip-guide/,https://ayumilove.net/files/games/raid_shadow_legends/champion/Wyvernbane.jpg,data/raw/pages/raid_shadow_legends_wyvernbane_skill_mastery_equip_guide.html,data/raw/images/wyvernbane_bdbf8f8601.jpg,data/processed/icons/wyvernbane.png,data/processed/debug/wyvernbane_crop_debug.jpg,"14,378,197,532",48,64
xena_warrior_princess,Xena Warrior Princess,A,BA-LAF,BA,Barbarians,L,Legendary,A,Attack,F,Force,290,https://ayumilove.net/raid-shadow-legends-list-of-champions-by-ranking/,https://ayumilove.net/raid-shadow-legends-xena-warrior-princess-skill-mastery-equip-guide/,https://ayumilove.net/files/games/raid_shadow_legends/champion/Xena_Warrior_Princess.jpg,data/raw/pages/raid_shadow_legends_xena_warrior_princess_skill_mastery_equip_guide.html,data/raw/images/xena_warrior_princess_5187bf8eb6.jpg,data/processed/icons/xena_warrior_princess.png,data/processed/debug/xena_warrior_princess_crop_debug.jpg,"14,378,197,532",48,64
xenomorph,Xenomorph,A,DE-LAM,DE,Dark Elves,L,Legendary,A,Attack,M,Magic,291,https://ayumilove.net/raid-shadow-legends-list-of-champions-by-ranking/,https://ayumilove.net/raid-shadow-legends-xenomorph-skill-mastery-equip-guide/,https://ayumilove.net/files/games/raid_shadow_legends/champion/Xenomorph.jpg,data/raw/pages/raid_shadow_legends_xenomorph_skill_mastery_equip_guide.html,data/raw/images/xenomorph_d41d5ba4ab.jpg,data/processed/icons/xenomorph.png,data/processed/debug/xenomorph_crop_debug.jpg,"14,378,197,532",48,64
xiloco_the_encrusted,Xiloco the Encrusted,B,LZ-LSM,LZ,Lizardmen,L,Legendary,S,Support,M,Magic,396,https://ayumilove.net/raid-shadow-legends-list-of-champions-by-ranking/,https://ayumilove.net/raid-shadow-legends-xiloco-the-encrusted-skill-mastery-equip-guide/,https://ayumilove.net/files/games/raid_shadow_legends/champion/Xiloco_the_Encrusted.jpg,data/raw/pages/raid_shadow_legends_xiloco_the_encrusted_skill_mastery_equip_guide.html,data/raw/images/xiloco_the_encrusted_fbc67fdf27.jpg,data/processed/icons/xiloco_the_encrusted.png,data/processed/debug/xiloco_the_encrusted_crop_debug.jpg,"14,378,197,532",48,64
yaga_the_insatiable,Yaga the Insatiable,C,SW-EAF,SW,Skinwalkers,E,Epic,A,Attack,F,Force,693,https://ayumilove.net/raid-shadow-legends-list-of-champions-by-ranking/,https://ayumilove.net/raid-shadow-legends-yaga-the-insatiable-skill-mastery-equip-guide/,https://ayumilove.net/files/games/raid_shadow_legends/champion/Yaga_the_Insatiable.jpg,data/raw/pages/raid_shadow_legends_yaga_the_insatiable_skill_mastery_equip_guide.html,data/raw/images/yaga_the_insatiable_552d3fb1dd.jpg,data/processed/icons/yaga_the_insatiable.png,data/processed/debug/yaga_the_insatiable_crop_debug.jpg,"14,378,197,532",48,64
yakarl_the_scourge,Yakarl the Scourge,A,BA-LAV,BA,Barbarians,L,Legendary,A,Attack,V,Void,292,https://ayumilove.net/raid-shadow-legends-list-of-champions-by-ranking/,https://ayumilove.net/raid-shadow-legends-yakarl-the-scourge-skill-mastery-equip-guide/,https://ayumilove.net/files/games/raid_shadow_legends/champion/Yakarl_the_Scourge.jpg,data/raw/pages/raid_shadow_legends_yakarl_the_scourge_skill_mastery_equip_guide.html,data/raw/images/yakarl_the_scourge_54769cdca5.jpg,data/processed/icons/yakarl_the_scourge.png,data/processed/debug/yakarl_the_scourge_crop_debug.jpg,"14,378,197,532",48,64
yannica,Yannica,B,HE-LAS,HE,High Elves,L,Legendary,A,Attack,S,Spirit,397,https://ayumilove.net/raid-shadow-legends-list-of-champions-by-ranking/,https://ayumilove.net/raid-shadow-legends-yannica-skill-mastery-equip-guide/,https://ayumilove.net/files/games/raid_shadow_legends/champion/Yannica.jpg,data/raw/pages/raid_shadow_legends_yannica_skill_mastery_equip_guide.html,data/raw/images/yannica_32aa417103.jpg,data/processed/icons/yannica.png,data/processed/debug/yannica_crop_debug.jpg,"14,378,197,532",48,64
yelagirna,Yelagirna,B,OR-EAS,OR,Orcs,E,Epic,A,Attack,S,Spirit,634,https://ayumilove.net/raid-shadow-legends-list-of-champions-by-ranking/,https://ayumilove.net/raid-shadow-legends-yelagirna-skill-mastery-equip-guide/,https://ayumilove.net/files/games/raid_shadow_legends/champion/Yelagirna.jpg,data/raw/pages/raid_shadow_legends_yelagirna_skill_mastery_equip_guide.html,data/raw/images/yelagirna_c8e6932cbc.jpg,data/processed/icons/yelagirna.png,data/processed/debug/yelagirna_crop_debug.jpg,"14,378,197,532",48,64
yeoman,Yeoman,A,SO-CAM,SO,The Sacred Order,C,Common,A,Attack,M,Magic,1005,https://ayumilove.net/raid-shadow-legends-list-of-champions-by-ranking/,https://ayumilove.net/raid-shadow-legends-yeoman-skill-mastery-equip-guide/,https://ayumilove.net/files/games/raid_shadow_legends/champion/Yeoman.jpg,data/raw/pages/raid_shadow_legends_yeoman_skill_mastery_equip_guide.html,data/raw/images/yeoman_383401838f.jpg,data/processed/icons/yeoman.png,data/processed/debug/yeoman_crop_debug.jpg,"14,378,197,532",48,64
yoshi_the_drunkard,Yoshi the Drunkard,B,SK-LSF,SK,Shadowkin,L,Legendary,S,Support,F,Force,398,https://ayumilove.net/raid-shadow-legends-list-of-champions-by-ranking/,https://ayumilove.net/raid-shadow-legends-yoshi-the-drunkard-skill-mastery-equip-guide/,https://ayumilove.net/files/games/raid_shadow_legends/champion/Yoshi_the_Drunkard.jpg,data/raw/pages/raid_shadow_legends_yoshi_the_drunkard_skill_mastery_equip_guide.html,data/raw/images/yoshi_the_drunkard_6a5198e486.jpg,data/processed/icons/yoshi_the_drunkard.png,data/processed/debug/yoshi_the_drunkard_crop_debug.jpg,"14,378,197,532",48,64
yukimasa_demon_of_ice,Yukimasa Demon of Ice,A,SK-LAF,SK,Shadowkin,L,Legendary,A,Attack,F,Force,294,https://ayumilove.net/raid-shadow-legends-list-of-champions-by-ranking/,https://ayumilove.net/raid-shadow-legends-yukimasa-demon-of-ice-skill-mastery-equip-guide/,https://ayumilove.net/files/games/raid_shadow_legends/champion/Yukimasa_Demon_of_Ice.jpg,data/raw/pages/raid_shadow_legends_yukimasa_demon_of_ice_skill_mastery_equip_guide.html,data/raw/images/yukimasa_demon_of_ice_c834696b7d.jpg,data/processed/icons/yukimasa_demon_of_ice.png,data/processed/debug/yukimasa_demon_of_ice_crop_debug.jpg,"14,378,197,532",48,64
yumeko,Yumeko,S,SK-LSV,SK,Shadowkin,L,Legendary,S,Support,V,Void,114,https://ayumilove.net/raid-shadow-legends-list-of-champions-by-ranking/,https://ayumilove.net/raid-shadow-legends-yumeko-skill-mastery-equip-guide/,https://ayumilove.net/files/games/raid_shadow_legends/champion/Yumeko.jpg,data/raw/pages/raid_shadow_legends_yumeko_skill_mastery_equip_guide.html,data/raw/images/yumeko_22c93e3849.jpg,data/processed/icons/yumeko.png,data/processed/debug/yumeko_crop_debug.jpg,"14,378,197,532",48,64
yuzan_the_marooned,Yuzan the Marooned,B,SW-EHV,SW,Skinwalkers,E,Epic,H,HP,V,Void,635,https://ayumilove.net/raid-shadow-legends-list-of-champions-by-ranking/,https://ayumilove.net/raid-shadow-legends-yuzan-the-marooned-skill-mastery-equip-guide/,https://ayumilove.net/files/games/raid_shadow_legends/champion/Yuzan_the_Marooned.jpg,data/raw/pages/raid_shadow_legends_yuzan_the_marooned_skill_mastery_equip_guide.html,data/raw/images/yuzan_the_marooned_1252009951.jpg,data/processed/icons/yuzan_the_marooned.png,data/processed/debug/yuzan_the_marooned_crop_debug.jpg,"14,378,197,532",48,64
zargala,Zargala,A,OR-EAF,OR,Orcs,E,Epic,A,Attack,F,Force,488,https://ayumilove.net/raid-shadow-legends-list-of-champions-by-ranking/,https://ayumilove.net/raid-shadow-legends-zargala-skill-mastery-equip-guide/,https://ayumilove.net/files/games/raid_shadow_legends/champion/Zargala.jpg,data/raw/pages/raid_shadow_legends_zargala_skill_mastery_equip_guide.html,data/raw/images/zargala_d13094d319.jpg,data/processed/icons/zargala.png,data/processed/debug/zargala_crop_debug.jpg,"14,378,197,532",48,64
zavia,Zavia,A,DE-LAF,DE,Dark Elves,L,Legendary,A,Attack,F,Force,295,https://ayumilove.net/raid-shadow-legends-list-of-champions-by-ranking/,https://ayumilove.net/raid-shadow-legends-zavia-skill-mastery-equip-guide/,https://ayumilove.net/files/games/raid_shadow_legends/champion/Zavia.jpg,data/raw/pages/raid_shadow_legends_zavia_skill_mastery_equip_guide.html,data/raw/images/zavia_1783ef0cbe.jpg,data/processed/icons/zavia.png,data/processed/debug/zavia_crop_debug.jpg,"14,378,197,532",48,64
zelotah,Zelotah,B,UH-ESS,UH,Undead Hordes,E,Epic,S,Support,S,Spirit,636,https://ayumilove.net/raid-shadow-legends-list-of-champions-by-ranking/,https://ayumilove.net/raid-shadow-legends-zelotah-skill-mastery-equip-guide/,https://ayumilove.net/files/games/raid_shadow_legends/champion/Zelotah.jpg,data/raw/pages/raid_shadow_legends_zelotah_skill_mastery_equip_guide.html,data/raw/images/zelotah_cc4d9e1246.jpg,data/processed/icons/zelotah.png,data/processed/debug/zelotah_crop_debug.jpg,"14,378,197,532",48,64
zephyr_sniper,Zephyr Sniper,S,BA-UDS,BA,Barbarians,U,Uncommon,D,Defense,S,Spirit,939,https://ayumilove.net/raid-shadow-legends-list-of-champions-by-ranking/,https://ayumilove.net/raid-shadow-legends-zephyr-sniper-skill-mastery-equip-guide/,https://ayumilove.net/files/games/raid_shadow_legends/champion/Zephyr_Sniper.jpg,data/raw/pages/raid_shadow_legends_zephyr_sniper_skill_mastery_equip_guide.html,data/raw/images/zephyr_sniper_cfb9fca67b.jpg,data/processed/icons/zephyr_sniper.png,data/processed/debug/zephyr_sniper_crop_debug.jpg,"14,378,197,532",48,64
zii_ixchi,Zii Ixchi,C,LZ-EAF,LZ,Lizardmen,E,Epic,A,Attack,F,Force,694,https://ayumilove.net/raid-shadow-legends-list-of-champions-by-ranking/,https://ayumilove.net/raid-shadow-legends-zii-ixchi-skill-mastery-equip-guide/,https://ayumilove.net/files/games/raid_shadow_legends/champion/Zii_Ixchi.jpg,data/raw/pages/raid_shadow_legends_zii_ixchi_skill_mastery_equip_guide.html,data/raw/images/zii_ixchi_c5eebffc73.jpg,data/processed/icons/zii_ixchi.png,data/processed/debug/zii_ixchi_crop_debug.jpg,"14,378,197,532",48,64
zinogre_blademaster,Zinogre Blademaster,B,SK-LAM,SK,Shadowkin,L,Legendary,A,Attack,M,Magic,399,https://ayumilove.net/raid-shadow-legends-list-of-champions-by-ranking/,https://ayumilove.net/raid-shadow-legends-zinogre-blademaster-skill-mastery-equip-guide/,https://ayumilove.net/files/games/raid_shadow_legends/champion/Zinogre_Blademaster.jpg,data/raw/pages/raid_shadow_legends_zinogre_blademaster_skill_mastery_equip_guide.html,data/raw/images/zinogre_blademaster_4aa8d7cd8e.jpg,data/processed/icons/zinogre_blademaster.png,data/processed/debug/zinogre_blademaster_crop_debug.jpg,"14,378,197,532",48,64
